0.958305629,至高シリーズの豚汁とからあげを今日の夕飯に作りましたさいっこうでしたいつもカレーパウダーで作っていたからあげをリュウジさんのレシピに変えたらむちゃむちゃ美味しかった豚汁も大好きなのでよく作ってましたがリュウジさんのレシピで作ったら全然違ったこれはハマりますありがとう
0.95722807,素晴らしい料理を本当に毎日ありがとうございます大好物の豚汁でしかも至高シリーズということで動画がアップロードされた瞬間に食材を購入しに行きました明日から妻が第一子出産予定日の為入院をします夫婦0人で食べる最後の食卓がそして本日のレシピでついに0レシピ目を迎えました夫婦揃って大好きなバズレシピを見て早速料理をしました本当は夕食あさりの酒蒸しでしたそれを食べてからの動画を見てその後急遽買い物行きました先程食べましたが本当に最高の味でしかありません豚の味噌汁ではなく豚汁名言ですリュウジさんも相も変わらず最高なテンションといつもの酒呑みっぷり最高の滑舌と最高のフレーズをありがとうございますこれからも夫婦共そして0人家族になってからもお世話になりますこれからも頑張って下さい本当に応援していますたくさんの動画いつも本当にありがとうございます
0.954922726,昨日作りましたがとても美味しく家族にも絶賛でしたあんなに旨味のある豚汁を食べたのは初めてでしたこの豚汁を完成させるまでに沢山の時間をかけたと思うしそのレシピをこうやって提供してくれるリュウジさんに改めて感謝したいですありがとうございます
0.952789475,今まで作っていた豚汁は何だったのかこんなに美味しい豚汁は衝撃でしたリユウジのバズレシピを毎日見るようになりました
0.952014112,0ヶ月前高0の娘が初めて麻婆豆腐を作ってくれました食べた瞬間めちゃくちゃ美味しくて0年も主婦をやってきた私は敗北を覚えました美味しさの裏にはリュウジさんがいましたそれからというもの多くの料理はリュウジさんの動画と共に作っています家族は皆んな美味しいご飯が出てくるので喜んでたくさん食べてます今回の豚汁も最高の美味しさでした白米の炊き方もリュウジさんに習って炊いたら家族全員に今日のお米いつものと違うって言われましたふっくらもちもちツヤツヤで最高でしたこれからもよろしくお願いします
0.951923707,自分用❶準備豚肉下味野菜ゴボウ大根人参ネギ蒟蒻切る❷炒めるごま油→ゴボウ焦げ目→肉焦げ目→根菜蒟蒻萎む❸煮る水0l味噌0白だし0酒0みりん0蓋なし0分❹仕上げニンニク生姜数分後にネギ
0.951296897,めちゃくちゃ美味しく出来ました肉野菜炒める事での旨味煮込む事で旨味が凝縮されにんにく生姜を後入れする事で風味最後リュウジお兄さんの動画見始めめてから料理が楽しいです
0.951257694,去年初めて作ったバズレシピがこれでしたそれなりに手間なので頻繁には作りませんが間違いない美味しさなので何度もリピしてます寒くなってきたしまた需要が増えますねー皆にオススメしたい至高の豚汁レシピです
0.951076463,リュウジさんのレシピ大好きですどれも美味しいぺぺたまも何回もリピしてますこの至高の豚汁は私の中でダントツ大ヒットです°°我が家の豚汁はこれに決まりました最高なレシピに感謝です
0.950889682,飲みながらこの動画見て豚汁作りましたこの瞬間幸せすぎて最高でしたそして豚汁の味も今までのと段違いに美味しく作れましたありがとうございました
0.949989441,昨日作りました今まで私が作ってた豚汁は何だったのという位味が全然違う豚汁大好きな夫も絶賛しおかわりしてました
0.949658994,夫婦円満のレシピに感謝です料理にこだわりのある主人がリュウジさんのレシピだと必ず美味しいと完食します分かりやすくて面白い動画で料理が苦手な私も楽しく作れるようになりました我が家は毎日リュウジさんのレシピで身体が作られてます笑これからも動画楽しみにしてます
0.949453216,料理に興味もなくしてこなかった人間でしたがリュウジさんの動画を0年前から見様見真似でしだしてから料理が大好きで楽しくなりました最近では料理上手だね美味しいとか言われて料理を振る舞うのも嬉しいですリュウジさんの至高シリーズは本当に美味しくて大好きでとにかく真似してますこれからも投稿楽しみにしてますたくさんありがとうございます
0.949156862,リュウジさんはじめまして今日こちらの作り方を参考に豚汁作ってみましたがやばい美味しすぎましたうまーって叫びました笑ごぼうがなかったので代わりにネギの青い部分を先にごま油でこんがり炒めてから他の具材を炒めるという手順に勝手に変更させていただきましたがそれでも今までで一番美味しかったですこのコク待ってましたって感じですこれから豚汁作る時はこのレシピで作ります次はごぼう入りで
0.948542641,0歳独身一人暮らし始めて0年目でやっと自炊始めたのですが豚汁を今回のこの動画を見て作りました初心者の私でも完璧に美味しくできました料理が楽しいと思えましたありがとうございます
0.94830689,お体を悪くされた奥様のために普段料理をされない旦那様がこのレシピを元に料理をされていましたリュウジさんのコメント通りご飯と豚汁がご夫婦の食卓に並んでましたリュウジさんのレシピが素晴らしい上に偉大なる先達の料理は愛情という言葉を思い出す素晴らしいお食事風景となっておりました
0.947949825,家で料理しだしてから約0年リュウジさんの料理しか作ってない本当に感謝しかないありがとうございます便秘で悩んでた家族がこの豚汁を食べだしてからお通じの悩みが解消して凄く喜んでいます気に入って0週間に0回のペースで食べていますお通じ改善薬やきんぴらごぼうも試してみたのですがどうも解決しなくてずっと自分ごとのように悩んでいたんです笑感謝
0.947539705,ペペロンチーノから来ました豚汁も大好きで頻繁に作るのでリュウジさんバージョンも作ってみようと思いました↑私も酒飲みですが豚汁はツマミです汁じゃない大量に作って翌日用を冷蔵庫に入れ0日目は納豆と少量のご飯を乗せて堪能しています誰にも見せられない
0.94749951,何品かリュウジさんのレシピ真似してきましたが時間がかかった分やり切った感が凄いです一人暮らし初日の豚汁となりました
0.947252952,この動画を見て以来何度この豚汁を作った事かと思う程美味しいし栄養抜群です彼が胃腸炎になった時にこちらの豚汁を作ったら翌日治ったらしくお前の豚汁凄いとメールが来ました笑私は里芋と油揚げをいつも足してます
0.946971469,昨日に引き続き今日はこちらを作ってみましたごぼうを炒める所をしっかり炒めたら自分で作ったとは思えない程の美味しさで感動しましたそして褒められました嬉しかったです
0.946685299,今日リュウジさんの動画見ながら豚汁作ってみましたお店で出てくる豚汁みたいで本当に最高の味でしたしょうがも効いてて体が温かくなりましたありがとうございましたまた豚汁作るときは絶対にリュウジさんのレシピで作ります
0.946622116,料理動画と言ったらちゃんとした厨房でコック帽被って真剣な顔して小難しい料理作ってるイメージでしたがリュウジさんの動画は料理が苦手な人に目線を下げてくれていて本当に見やすいです
0.946567499,動画見て初めて豚汁作りました具沢山で野菜いっぱい食べれるし何より最高に美味しい豚汁今日はお前がメインディッシュだニンニクと生姜入れた途端味が変わって何杯でも食べれる味になった次作る時はチューブじゃなくてちゃんとすりおろすしコンニャクも買うほんとに美味しくて何度も食べたい味にだった
0.946460418,0°cのクッソ暑い中頑張って作りました家族に大好評で弱ってた胃に染み渡りましたわ夏バテ対策に豚汁アリですね
0.946239332,豚汁大好きで今日ようやく料理することができました初めての豚汁挑戦でしたがめちゃくちゃ美味い今まで食べてきた豚汁を越えてきましたねーさすが至高シリーズお椀によそってまず0杯そして0杯と続き0杯食べてしまった次はにんにくと生姜の比率を変えたり具材を追加してリピしていきますいつも美味しい料理の紹介ありがとうございます
0.945928267,リュウジさんの動画を見てから豚バラ肉や豚コマ肉を手でちぎることを行えるようになりました笑調理バサミ使わなくてもいいんですね
0.945616795,豚汁が美味しい季節になったので再び作ってみました通年美味い最初に至高の豚汁を作ったときは自粛期間で日が淡と過ぎていく中でリュウジさんの動画は私に刺激をくれたコンテンツのひとつです豚汁を飲みながらふと蘇りました
0.945480555,テレビを見てたらリュウジさんが出ていてあいつも作ってる至高の豚汁のレシピだと思って久に動画を見にきましたもうレシピも分量も完全に覚えるほど何度も作ってます我が家では満場一致でこれが最高の豚汁です
0.945388007,今レシピ通りに豚汁を作ってみましたんも最高に美味しいです≧≦
0.945255505,長ネギガチで重要ですうちはお肉は咀嚼力の弱い息子も食べやすいようしゃぶしゃぶ用のロース肉で0にしたりこんにゃく入れるのをやめて豆腐にしたりします長ネギと調味料の分量を守ると本当に美味しい豚汁が出来ます明日の朝も作ります一生ウチの豚汁レシピはこれかもしれないです
0.944477985,いつも自分で作る豚汁がイマイチでクックパッドに載っていたリュウジさんの豚汁を参考にしたレシピを見て作ったら美味しくて旦那が麺を入れても美味しいんじゃないと言ったので今度中華麺入れてみようと思っています
0.944246768,先日りゅうじさんのレシピ通りに豚汁を作りましたみりんが切れていてみりんの代わりにラカントシロップを使って見たら自分では作ったと思えない程とても美味しく出来て驚きました今日もまた違う味噌で作ってみて美味しかったですお酒は飲めないのですがまた違う料理を作ってみたいと思います
0.944085016,これ旦那に作ったら今までで一番美味しいと絶賛してましたこれからはこのレシピでいきます
0.94398641,料理苦手でしたがりゅうじさんのコツをちょこちょこ真似してたら初めて自分で作った料理に感動しましたttありがとうございますこれからも動画楽しみにしてます
0.943903644,最高に美味しく出来ました食べた彼女にあなたが今まで作った料理で0番美味いって言われました笑同じようにハイボール飲みながら作りました
0.943670207,今までおいしい豚汁が食べたくて出汁とってたけどこの白だしレシピのほうがおいしくできた味噌で煮込んで良いとかネギニンニクショウガのタイミングとか勉強になった美味しくて野菜大量に食べられました
0.943409372,去年の冬にこれを作って根菜の旨味に感動してまた作りたいと思ってそれから今年の冬が待ち遠しかったですやっぱりこの豚汁は美味しいリュウジさんの煮物鍋物系は美味しいものばかりなので冬が待ち遠しくなります至高のおでんは神レベルだったので今年は実家に献上するつもりですリュウジさんのレシピが自分の大切な人に美味しいって言ってもらえるほど嬉しいことはないです
0.94325183,今日も寒いのでまたこの豚汁を作ろうと復習に来ましたところでもうこの動画も0年近く前ですし今のリュウジさんならこの至高を更に超えた豚汁を作れるのではと思ったりするんですがどうでしょう
0.943247004,簡単レシピで料理初心者を惹きつけて美味しい料理を作る感動を覚えさせた上で手間のかかるレシピも分かりやすく伝授し料理の楽しさを着と視聴者の心に植え付けていく料理の得意不得意関係なくリュウジさんにハマる人は多いんじゃないかと思います私もそのうちの一人です
0.943105754,実家に帰省したときにリュウジさんのやつを母と一緒にいろいろやったらすごく興味を持ってくれたので後日至高のレシピ本を贈ってあげたら毎日いろいろ挑戦してくれるようになりましたそれで今日この豚汁を作ったら父さんに今までで一番美味しいと言ってもらえたそうでとても喜んでおりましたありがとうございます
0.942966421,私の生活の中でyoutubeを見るという文化がなかったのですが美味しい豚汁が飲みたくて検索してたどり着きました主婦歴0年ですが今まで自分が作った料理の中で0番美味しく出来たし旦那も絶賛でした他のレシピも参考にさせて頂きますありがとうございます
0.942764062,もぅマジ最高な豚汁が出来ました家族みんなが大絶賛リュウジさんの料理は簡単で安くて誰でも真似しやすいしかも短時間なのがいいアンドめっちゃ面白い笑これからも応援してます∇体調崩さないように気をつけて下さいね
0.942681343,今まであまり料理を作った事がありませんでしたが妊娠し家にいる時間が多くなったので料理に挑戦している中リュウジさんのyoutubeを見つけました簡単に本当に美味しくできるので毎晩旦那が喜んでくれてます本当に有難う御座います
0.942656503,今まで手抜きでホットクックで豚汁作ってましたが本当に豚肉を入れた味噌汁でした豚肉の無駄遣いでしたこれからはリュウジさんのレシピで鍋で作ります定食屋さんで出てきそうな豚汁美味しいです
0.942525701,美味し過ぎて0回以上リピしてます動画見ながら調理してますが早すぎて付いていけないので再生速度0倍にしたら通常速度よりも酔い潰れたリュウジさんに会えましたオススメです
0.942373957,寒くなってきて味噌も多めにあるし根菜や豚肉もちょうどあるし家族も風邪ひきそうな感じだし簡単そうに見えるし多めに作っても食べられそうだし豚汁チャンスと思うので作ってみたくなりました助かります香ばしく香り立てたいものは炒めてから煮込み的に味付けたらいい感じですね体調的に酒は飲みませんが途中から中温でぐつぐつお茶﫚をお供でやりたいと思います
0.942200371,お兄さんに大賛成です私は根菜類の皮はほとんど剥かないですし灰汁も茶色くなければスルーします灰汁は兄さんが言ってる理由で皮と身の間に一番栄養が入ってるから手間も省けて一石二鳥です九州出身ですが豚汁にゆずこしょういれても美味しいですよ
0.942126472,レシピを忠実に守る派なのでリュウジさんがお酒飲む手順のときは必ずお酒飲みますしっかり良い感じに出来あがりました豚汁も自分も
0.941949406,今まで味噌は最後に入れてたので途中で入れて煮込むのは新しかったです食べてみるとあっさりしていて食べやすくだけどごぼうの香ばしさが美味しくてなるほどっと感動しましたこれからも楽しみにしてます
0.941885115,さすが至高シリーズ料理初心者の私でもリュウジさんの通り作ったら家族から絶賛されました焦げ付きやすい鍋だったんで油をかなり足しましたがめちゃくちゃ美味しかったですまた普通の家庭にある材料で美味しく作れる物をお願いします次は至高のハンバーグをと思ってますがご時世からかゼラチンが店にないですゼラチンなくてもやろうかな
0.941837356,このレシピで作ってて少し韓国唐辛子入れようと思ったら手が滑って死ぬほど唐辛子入って無事にむちゃくちゃ美味しいスンドゥブになりました今度は唐辛子少しにします
0.941835719,リュウジお兄さんに出会ってから自分の料理が初めて美味しいと思えるようになりました毎回上がるレシピセレクトもどストライクで感謝でしかないです
0.941475373,脂肪燃焼レシピではないけどこの豚汁を大量に作って玄米おにぎりと一緒に食べてウォーキングしたら半年で0キロ痩せて周りから病気と心配されました一汁で栄養たっぷりとれて本当においしくて飽きないから続けられますリュウジさんのレシピに出会えて幸せです
0.941253939,はじめましてリュウジさんのおかげで自炊に目覚めたオッサンです早速この動画を参考に豚汁作ります両親がお酒を好むため母親の作る豚汁には酒かすが投入されます自分はそれで育ってきたのでこれまで豚汁といえば酒かすです気が向いたら試してみてください廃人レシピです
0.941055987,明日職場のレストランで賄いとして豚汁をつくりますこの動画を見て自信を持って豚汁が作れますありがとうございました
0.940920903,このレシピのお陰で豚肉入り味噌汁から卒業出来ました流石至高ですね美味しいし娘に伝授します
0.940770477,私も豚汁は大好きで自分の味も自信有りですけどこのレシピは試さないと0番好きなのは豚肉を手でちぎるところですね自分も肉とか野菜キャベツとか葉物類をちぎってしまうので大雑把は料理の極意ではと同時に繊細さも極意ですがリュウジさんはどちらも備えていてしかも酒飲みってとこが最高な訳で
0.940650753,0人暮らしで豚汁の量が多くて食べきれるか不安なそこの貴方大丈夫です美味し過ぎて0日間で食べ切れますよ
0.940607053,お酒飲みながらといえば昔放送してたカナダの料理研究家のグラハムカーの世界の料理ショー思い出したワイン飲みながら料理を完成させていくスタイル最後にぜひお試しをってウインクしてから完成した料理をスタジオの観客席にいる女性をひとり選んで一緒に食べる
0.940533103,全ての汁物もはや全ての飲み物の中で0番美味しいです感動しました
0.940454399,マジ旨かった色作ったけど本当に格別美味しかった個人的にはにんにくは少なめ生姜ちょいマシが好みかもです最初で炒めたゴボウの風味がいい仕事してくれます豚汁断凸レシピ間違いありませんps今回奮発してはじめて買ったミツカンプロが使う味白だし鶏肉と昆布の風味がきいてオススメです
0.940351582,実家を離れてリュウジさんの動画見ながら一緒に飲んで美味しい料理を作れて楽しいです
0.940202566,今作り終わって食べて感動して早速おかわりしましたこういうの寒い日の炊き出しで出てきたらものすごく嬉しいなぜ炊き出しなのかはわかりませんが屋外で食べる豚汁のイメージです本当に美味しいです実家の家族に食べさせるのが楽しみです
0.940140385,作ってみたらタイトル通り美味しかったです今までごぼう炒めたり豚汁ににんにく入れたりした事なかったのですが美味しさが全然違ってびっくりしました次からも豚汁はこのレシピで作らせてもらいます素敵なレシピありがとうございました
0.940137575,この豚汁は本当にヒット朝今夜はリュウジの至高の豚汁だよと宣言しておくと家族の帰宅率が抜群に上がります残業やむなしの者からは帰ってから食べるから取っておいてと懇願されます簡単なのにめちゃくちゃ美味しいよーく炒めたごぼう最高
0.939819461,自分用0材料紹介0大根さつまいも代用してみる0こんにゃく0フライパンごぼう→手でちぎった肉塩コショウ→肉に焦げ目→人参大根こんにゃく投入して炒める0水0l白だし大0味噌大0みりん大0酒大0入れて混ぜる0分くらい煮込む0火を弱めてにんにくしょうが投入数分煮込む0ネギを入れて煮込む
0.939780253,レシピ通りに作ることがまず大切なことなのでまず自分自身のテンションのために身体にアルコールを投入しました笑ちょっと脱線しましたがこの料理旨すぎてヤバいです
0.939767401,今日作ったのですが本気で美味しくて今までで食べた豚汁no0でした最後にニンニク生姜を入れるので味に深みが出ました有難うございました
0.939721481,ひょんなことから今日この動画を拝見させていただきましたもう私の頭の中は豚汁でいっぱいアラカンのおばさんがすっぴんで材料を買いに行き早速作りました最高に美味しかった今までのは正しく豚肉入り味噌汁でした
0.93934149,今日の夜ご飯に作りましためちゃくちゃ美味しかったです学生の一人暮らしなんでリュウジさんの料理動画見て自炊頑張ります
0.939026527,リュウジさんのレシピ通りに豚汁を調理して美味かったそのあと冷蔵庫に一晩寝かしたら味がまろやかになってうま味が増してさらにパワーアップして0日目に最高傑作になりました
0.938871515,この時間からの豚汁作り夜勤で帰ってくる彼に美味しい豚汁を作るミッションでやはり至高シリーズにお世話になりましたいつもありがとうございます帰ってくるのが楽しみでもわたしの味見が止まりません軽く二杯
0.938796303,今まで豚汁を作ったことがなくリュウジさんのこの動画見ながら彼氏に作ってあげたら美味しいって言ってくれて大成功でした他の動画もとても参考になりますリュウジさんの動画に出会ってから料理のレパートリーも増えました感謝しかないですありがとうございますこれからも一視聴者として応援してます
0.938718791,今までごぼうに見向きもしなかった0才の息子がこの豚汁の中でごぼうとこんにゃくがうまいとむさぼっております動画を一緒に観ていたのですがお酒を飲みながらのリュウジ兄さんをみてお母さんの男バージョンだねっと満面の笑みで言ってました
0.938664175,いつも作る豚汁は味噌汁でした食べ盛りの息子から絶賛されました本当に美味しかったです我が家の殿堂入りレシピになりました
0.938568499,仕事が早く終わり夕食を作ってあげようと思いこの豚汁を作ったら家族に大絶賛でした今後も参考にさせていただきます
0.938439907,これ本当に美味しいですおかわり炸裂なのでいつも大量に作りますパートナーが絶賛してくれました普段あまり料理のリクエストはしない人なのですがまたあの豚汁が食べたいと切望されました白飯は進むし焼酎と合わせても美味い我が家の豚汁はもうコレで決まりです美味しいレシピを本当にありがとうございます普段youtubeは観る専門なのですがあまりの美味しさに長文コメントしてしまいました
0.938346549,動画見る前あいさつの時点でアク強くてナレーション系の方にしようかなって思ってたのに動画見終わる頃には最高自分にも味付けしていくところ好きってなってたし目の前に出来上がった豚汁美味し過ぎてハイボール飲んでた
0.938274744,この豚汁もう週一ペースで作ってますめちゃ美味夫も美味い美味いってガバガバ食べるので鍋の限界まで具材入れて水0lでパンパンに作るのですが翌日には0杯分しか残ってないです笑それを夫は弁当用のスープジャーで持って行ってますこの時期あったまるし野菜もりもりとれて美味しいし最高です
0.938150974,この動画の前の日に豚汁作ったからめちゃくちゃ後悔してしまう笑
0.93813799,他の料理もそうですがこの豚汁で彼氏の胃袋を掴めましたほとんどリュウジさんのレシピを真似して作ってるんですが料理上手と思われてて死ぬほど嬉しいですありがとうございますこれからも至高シリーズお願いします
0.938137562,この秋鬼リピートしてますもう今までの豚汁には戻れませんガッツリ食べられて美味しい上にごぼうもこんにゃくもたっぷり入ってて食物繊維でお通じにも良いので実質カロリーゼロですね最高のレシピありがとうございます
0.937986604,至高シリーズいつもありがとうございます参考にさせていただきました最後にお酒の入れ物は巨神兵ではなくラピュタのロボット兵でしょう
0.937929091,初めてリュウジさんの動画を見ましたお酒を飲みながら楽しくやっているのを見て楽しくなりました
0.937871968,あんなに料理に無頓着だった私が三食シリアルなんてざらリュウジお兄さんの料理の虜になってから本当に人生変わりましたこの豚汁も作らせて頂きましたまさに至高夫も毎日喜んで食べてくれるようになり私もなんだか健康になった気がします笑美味しいご飯最高呑んだくれ最高乾杯
0.937630609,去年の今頃りゅうじさんの動画を知りましたそれまではなにがバズレシピだただキャッチーな名前付けて売れると思ってんのかよ買わねぇよって思ってたんですが作ってからはがらっとイメージが変わって至高のレシピを中心にこの0年間週0くらいで作らせてもらってますなんの因果か至高のレシピ本の豚汁のレシピを作った時に0年作ってたんだと気付かされてこのコメントをしていますこれまで動画を上げていただきありがとうございますこれからも楽しみにしてますシンプルなシューマイとか中華イタリアンのレシピ希望です地味だけど親しまれる和食でも良いです
0.937582448,焦げ目は味に苦味が出ます炒めるのは肉牛蒡他の野菜と別にして合わせる方がいいです生姜を入れるといい味噌は白味噌西京味噌がいいあくとりは十分にしてね料理の基本新鮮な材料下処理量はきちんと測り手順を間違えず調理するニンニクは好きずきで入れなくていい豚汁は肉と野菜の煮込み料理です作り方は好みもあり自分なりの豚汁をどうぞお試しください酒飲みながらズボラな作法で作るこの人の料理は私には合わない食べたくない何が至高なのか分からぬねえもっと真面目に仕事してほしい
0.937531642,真面目な話この豚汁本気で美味しいですもう何回もリピしてます我が家は一生このレシピで作りますちなみに我が家ではごぼうをあまり食べないのでごぼうのみ無し他はこんにゃくにプラスして白滝を入れてますがそれでもめっちゃ美味いです
0.93745942,俺はリュウジさんのお陰で作れる料理が増えました今日のご飯何作ろっかなって考えるのが楽しみです
0.937374208,これメチャクチャ美味しいです何回作ったか知れん笑これに文句をつけてるやつは高級料亭の料理人か家事として家族の料理を作り続けた事の無い人ですね時間かけりゃ旨いのが出来て当たり前でも家事の0つになるとんな時間は無い毎日毎日毎日作る側からしたらこういうのが最高
0.937302768,﻿この料理動画の中で致命的なミスが発見されましたウォーズマンは悪魔超人ではありません悪魔超人はバッファローマンです今後は料理研究家としてキン肉マンを熟読し勉強しなおす所存でございますこの度は大変申し訳ありませんでした
0.937167124,今まで食べてたのは豚肉入り味噌汁やっと豚汁デビュー出来ました基本のメニューを至高シリーズに昇華してもらえるのは本当にありがたいです
0.937142103,あの高倉健さんはカレーライスにとん汁が毎日レギュラー食だったとか自分的には超具だくさんこの動画と同じメニューの瞬間冷凍の冷凍食品有れば朝だけでも年中無休で食べみたい飽きないハズもち余分なもん無添加な自分的には人生にも一度チャンスがあれば具だくさんとん汁専門店持ち帰り有りのお店で仕事してみたい病気になって0院入院したが卵と肉が少なかったと思う朝からは牛乳ありで残さず食べたよだからかな思うに早く退院出来たと思う特に野菜の煮ものが多かったこれって肉より卵よりも深い意味が有るのかなあ野菜キノコパワーは凄いもしか季節物をちやんと食べたから話変わって笑たばいソフバンのスマホではシユンの食べ物のシユンが漢字で出ないんやねこの時代遅れのオモチャのスマホにうんざりたい次ぎはauかdocomoに買い換えるばい孫社長お客逃げるばい文字変換なんやねん見たこと無い変換漢字ばつかりでもう解約たいここは日本ぞバカタレが
0.937124336,虚無レシピから来ましたリュウジさんの0つの面が見られて楽しいですし頑張ってらっしゃるんだと優しい気持ちになれました応援してます
0.937072953,長い主婦歴何回も豚汁作ってきましたが本当に美味しい出来ましたんーこんなんで美味しくなるのと不思議でしたが今まで食べた豚汁の中で一番夫ちゃんは一日冷蔵庫に入れたの温めて出したらこっちんがまろやかになって美味しいと喜んでました素敵なレシピありがとう
0.936717116,最近この動画を発見してそれから0日位家族のリクエストにより毎日この豚汁ですでも飽きませんありがとうリュウジお兄さん美味しいあとかんます懐かしくて嬉しくなりました
0.93656417,酒飲みが醍醐味なので乾杯は是非やって欲しいんですけど大体いつも動画を観ながら料理をするので早く次の工程が観たい時はリュウジさんの仕込み部分は飛ばしますねごめんなさい
0.936536921,先日たまたまテレビを付けたら兄さんが出てました母が兄さんが真面目に料理してるお酒飲んでないと言うので一緒になって見てましたうわまじかよ仕事する時はするのかって思ったら編集されてただけでハイボールが見切れてました私も母も安心しました
0.936519908,作りました作り立ても美味しかったんですが0日目の少しトロみが出た感じが最高に美味しかったですリュウジさんが何入れてもいいと仰ってたんで家にエノキとレンコンがあったので入れてみました最高です
0.93649763,初めて料理のお兄さんの動画見て豚汁作って彼氏に振る舞ったら美味しいやばいって言って0回もおかわりしてくれました勉強になりましたありがとうございます
0.936478234,今日初めて作らせて頂きました具沢山なのでお酒のおつまみとしてもいけます美味しすぎます我が家では油揚げも入れました出汁をジュワと吸った油揚げがこれまた最高なのでオススメです
0.936471955,乾杯生放送でリュウジさんと一緒に料理して飲み会がしたいですあらかじめ準備しておく材料を紹介して視聴者がそれを準備しておいてリモートクッキングしたいです
0.936392302,具だくさんで素材の旨味が詰まっててとても美味しそうな豚汁ですね今まで自分が適当に作ってたのは豚入りの味噌汁でした
0.936387601,旦那のお気に入りです長距離運転手の為家に帰ってくる日は何食べたいと聞くと必ずりゅうじの豚汁と言います我が家の定番になりました他にも生姜焼きを作らせてもらいましたが旦那からは今まで食べた生姜焼きで0番美味いと言われましたあまり褒めてくれないので嬉しかったしモチベあがった私りゅうじいないと無理やわ
0.936307678,初見ですかおりで呑めるのがステキナンなら同棲したくらいです里芋とツキこんにゃく椎茸入れたりもしますがリュウジさんの観てるだけで美味しそうなのでこのレシピを至高豚汁と呼んで秘伝にしますありがとう
0.936269853,豚汁作りましためちゃくちゃ美味しかったですいつもは鍋で作りますがリュウジさんのマネをしてフライパンで作りました大根もすぐに味が染みてて最高でした料理は好きではないですがニンニクは潰してみじん切りとか簡単に出来るやり方を教えてくれるのでこれからも色作ってみます親子丼も気になるので作ります
0.936138741,関西なので少し白味噌を入れてみましたまろやかで白だしと生姜が効いてて何とも美味しい豚汁高齢の歯の悪い両親に具は細かく切って噛みやすくしましたが美味しいと食べてくれました
0.936060783,レシピを見て作られた方に質問ですこのレシピの分量で作ったら何人分ほどの量になりましたか是非作ってみたいのですが0人家族でこの分量で足りないと寂しいのでざっくりで構わないので教えていただけると嬉しいですよろしくおねがいします
0.936028682,美月の動画でリュウジさんを知って飛んできましたサムネ見ただけでもどれも美味しそうでこれから参考にさせていただきます
0.935998347,このレシピで前回作って味が少し薄かったので出汁を追加して調整しましたが0回目はめちゃくちゃ美味しく出来ました最後に使うにんにく生姜ネギが絶妙でめちゃくちゃ美味しくなります
0.935800658,旨味がすごくてたまらなく美味しかったですほんっとにこれだけでご飯が進みます笑沢山出来たので次の日の夕飯にうどんと卵を入れて食べてみたらこれまた最高でした絶対リピします
0.935770849,具沢山でむちゃうまでした冬に食べる豚汁は余計美味しい
0.935757614,私は元お料理は嫌いじゃなかったのですがシングルマザーでワンオペやることが多すぎて家事やお料理が半分嫌になってしまっていたのですがリュウジさんの動画を見ながら一緒にお料理していると楽しくなってきてまたお料理して美味しくごはんを食べれる時間が増えました楽しいって大事ですねいつもありがとうございます
0.935718326,具材には油揚げを追加してみました悪魔超人には程遠い恐妻家の私が作りましたが妻がおかわりして食べてくれましたお酒にもご飯にも合う最強の豚汁だと思います
0.935710209,レシピで肉を手でちぎるって初めて見ました平野レミさんを超えるかもしれない自由さとても楽しそうに豚汁と自分を調理してて観ている方も楽しみながらレシピが知れて楽しいです
0.935502722,久しぶりに至高の豚汁作った0回目けどあまりのおいしさに泣きました一人暮らしには量が多くてどうしようと思ったけどこのおいしさなら毎食豚汁食べて0日間くらいで完食できそうですああおいしいです
0.935286625,これはもう豚汁界の辛亥革命やまたリフォームしました美味し過ぎて吹っ飛びました
0.935270448,ヒロミパパさんがお酒を飲んであの人は作ってるんだよのyoutubeからやって来ました絶対リュウジさんだよと思いましたわ豚汁胡麻油で牛蒡も炒めてから作るのやってみますね生姜やニンニクいいですねお酒の飲みすぎに気をつけてくださいね
0.935205488,これはほんとにヤバいくらい美味しすぎました食べながら美味しいとため息をついたり思わず笑いがこぼれてしまうことが何度も笑食べ終わった後もこの味を思い出して笑ってしまうレベルです彼氏に振舞ったら0回おかわりされたので翌日のつまみ用にとっておこうと思った分がなくなってしまいましたこれは絶対また作ります
0.935140078,美味かったんですが白だし入れると少し上品になり私にはベストではなかった子供はベストな味って言ってました出汁はイリコやカツオの魚介系の方が好きかも
0.935139008,今日の晩ご飯は豚汁を作ろうと思ってレシピを探したら至高シリーズがあってテンション上がっていますこれからこの約束された美味しい豚汁を食べれるのかと思うと料理するモチベーションも上がります
0.935134546,お疲れ様ですウチでは芋系を入れてますねー里芋やジャガイモ入れてもウマイですよでも豚汁に芋入れるのって邪道なんでしょうか
0.935127147,いつも拝見していますリュウジさんのお酒飲みながらクッキングはとても面白いです私は母が肉も魚もが嫌いでほとんど食べたことなかったのですフライドチキンも0歳まで食べられませんでした気味が悪くてトン汁も0年前まで食べたことありませんでした今0歳ですなので日本のいろいろなお肉を使ったレセピーをこの動画でいろいろ学んでいますありがとうございます私は0歳からずーっとアメリカ在住ですなので西洋肉料理は食べれるようになりました大学の寮では食べないと飢え死にしそうだったので笑これからも母が作らなかった料理をいろいろ学んでいきたいをおもっています
0.935088711,この豚汁本当に美味しい最後に加えるニンニクとしょうがが良い仕事してるリュウジさんは天才だ
0.935014423,灰汁は旨味前から自分も言ってたことをリュウジさんも言ってくれたのは嬉しいです今日は至高のペペロンチーノ作りました作るのは0回目だけどうますぎてやめられん豚汁も絶対作ります
0.934987687,何回か作って思うのはニンニクと生姜入れるだけでこんなに味の輪郭変わるのかってこと粗暴な豚肉の味があってこそスパイシーな薬味が立ってると思うけど豚汁と言いつつほぼ味噌煮の料理にはニンニクと生姜がこんなに合うのね
0.934957053,やって来ました今年も豚汁の季節この至高の豚汁に出会ってから0度目の冬ゴボウを買ってきただけでおっリュウジの豚汁やったー今年もたくさん食べれるかなーと家族にめちゃ期待されました久しぶりに作ったけどやっぱり美味しいホントに美味しい
0.934810011,リュウジさんの過去動画見て晩飯決めてますが今日は寒かったのでこれで現在最後の煮込み中に書き込んでますあもちろん自分の調理も欠かしてません私の場合はジントニックですが
0.934789808,すぐ作りました最上級の豚汁豚汁は肉の入った味噌汁じゃないという言葉納得です同じ材料でも作り方によってこんなに美味しくなるんですね冬は毎日でも作りたくなる長年料理してるばぁばでも感動の味わいでした
0.934692912,youtube見てリュウジさんの大ファンになりましたーレシピも最高だし表現などもすごく面白い私もお酒好きですリュウジさんのほんのり顔が赤いのも可愛いです笑
0.934686294,豚汁メチャクチャ美味しかったですそこから少しだけ料理始めました全部リョウジさんの動画見て作ってます笑毎回楽しみしてますー♫
0.934548993,豚汁はこれに里芋と厚揚げ入れた材料が好きです材料の所に何人前何杯分か記載して頂けると嬉しいです
0.934411938,昨日ゲレンデ飯としてうどんを入れて作りましたボードで疲れた体に濃い目の味付けと生姜とニンニクが染み渡りました一緒に行っていた子たちにも大好評ありがとうございました
0.934274406,私の住む北関東栃木県の苺産地ではじゃがいも里芋など入れますなので良くけんちん汁と言う人もいますこの動画を見て早速食材を買いに行って来ます母親の自宅プチ介護と仕事でですがこのチャンネルを見てましたチャンネル登録させて頂きます
0.934243111,ゴボウを最初によく炒めブタを次に炒めというこの順序は新鮮ほぼ煮えてきたらニンニクショウガをすりおろしてというのも新鮮ここで使われている細長くて鍋の上に橋渡しできるおろし金欲しい白だしというのも忙しい人に優しいつくってみます
0.93417353,作った美味しい想像しやすいのは味噌味ラーメンのスープみたいな感じ味がしっかりついてて飲み干したくなる感じのやつ冬場は生姜を少し増やすとポッカポカになるんじゃないかな豚汁大好きマジうま
0.934119875,アメリカからこんにちは海外在住なのでなかなか手に入らない食材もありますが出来る範囲で無限そうめん作ってみましたお酒に合う感じの味付けでしたが生卵私がいる地域では生で食べれる卵がなかなか手に入らず妊娠中の為サルモネラ感染リスクは控えたいので使いませんでしたラー油も近くに売ってないのでうまいけど全部たべるにはちょっと味が足りないなという感じで終わってしまいました日本のようなネギにんじん大根も手に入りませんがネギと玉ねぎの雑種のネギもどきや細いにんじん繊維の多い小さい大根になってしまいますが近いうちに豚汁に挑戦したいと思いますレシピありがとうございますちなみに私もお酒大好きでほぼ毎日飲んでました出産したらレシピ参考にさせてもらりまた飲みます笑
0.93410755,乃木坂配信中のyoutubeで山下美月さんが作ってるのを見て美味しそうだったので見に来ました
0.934057188,ウォーズマンそこ味噌の味をつけるために先入れするが半分後から入れた方が料理研究家っぽさ増します肉を千切るのは不衛生ですね灰汁取らないはアリみたいですね
0.934051378,にんにくと生姜入れるの衝撃でした野菜苦手な子供達にも食べさせたいです明日早速作ってみます
0.934012448,これほんとに美味しい0度目のリピです念のため再度確認しにレシピみにきました
0.933945309,料理のお兄さんのお陰でビール片手に料理するようになってしまった匂いで呑める共感
0.933903776,煮込んでいる時の味噌のいい香り味見をした時点で今まで作ってきた豚汁とは違うこれが手間をかけたレシピならわたしはこれまで相当な手間をかけてあの程度の豚汁を作っていたのか出汁をとって味噌を入れたら煮立たせないように離乳食を作りながら子育て本や子育て情報を見ているとよく出てくる豚汁でいい豚汁さえ作っときゃいいこれからは豚汁がいいほとほと料理に疲れてしまったんですがこんなおいしい豚汁が作れるなら少しやる気が出てきましたありがとう
0.933815167,久しぶりに作りました池森システムが導入される前のレシピなんで白だしを少し減らして鰹節と味の素を追加してみました
0.933626914,今まで肉入り味噌汁になってしまっていて何度作っても自分で美味しいと思えなかったのが今回こちらのレシピで作ったらとっーても美味しい豚汁ができました感動しました他のもこれから作ってみようと思います
0.933616369,今日作りました素人でもめんどくさくないくらいの手間で最高の豚汁が作れました豚汁専門店よりも美味しいと夫も大絶賛でした豚汁レシピ難民でしたがこれからこちらのレシピが我が家の定番になりそうです
0.93343505,うちも豚汁は具沢山です厚揚げや油揚げ入れるのが定番あと長芋いれるのもホクホクして美味です焼おにぎりいれるとお酒のシメに最高ですよー
0.933362267,今日は節分だったので至高の豚汁作ってみましたまだ味みた程度ですが豚肉の臭みが消えて美味しく仕上がりましたありがとうございます
0.933361367,いつも拝見して参考にしてます豚汁の具を先に炒めるのは目から鱗でした今まではたんなる味噌汁という事に気づきましたありがとうございます
0.933256006,お腹空いてるのにわざわざ材料買いに行って余計お腹空かせて0分煮込むと知って絶望してこうなったら炊きたてのご飯もつけようと思ってすごく昼ごはんまで遠回りしてでも豚汁飲んだ瞬間にホワッってなるくらい美味しくてまじで豚汁飲んだだけで貴族になれましたあまりにも感動したのでコメント残します笑
0.933153102,豚汁にはゴボウが必須ですよね出汁が出て味が全く別物になります自分は一人分を雪平鍋で作ったりするので鍋用のカット野菜にゴボウと豚肉で簡単に作ります白菜を入れると甘みが強くなって美味しいです旬であれば大根の代わりに白カブ入れてもいいですねもちろん葉もね
0.933152932,はじめましてキャンプで豚汁を0人分作る場合は調味料は約0倍でよろしいでしょうか
0.933119148,木綿豆腐入れて作ってみました生姜とニンニクが効いてて汁物というより煮物みたいな感覚でご飯が進みます
0.932958312,主婦ですリュウジさんこのレシピ本当に美味しかったですコク旨ショウガとニンニクも華やかに良い仕事をしてくれましたいつも楽しい動画をありがとうございまーす
0.932912713,0倍量作って毎日食べてます0日目の豚汁は野毛でした最高です
0.932803688,豚汁旨味が伝わってきました御年0歳にして豚汁にチャレンジしようと思っていていつも母親製なんですが今度チャレンジしてみますゴマ油生姜にんにく最後に長ネギいいですね飲めないですけれど飲みっぷりもいいですね料理酒は大好きです
0.932676533,ラピュタ王でめっちゃ吹き出しました笑豚汁レシピ最高に美味しくて子どもと夫に何度もリクエストされますありがとうございました
0.932622909,今まで作ってた豚汁はなんだったのってくらい美味しすぎて衝撃でした泣無料でこんな美味しいレシピ動画をアップしてくれてほんとありがとうございますっ
0.932358074,こんにゃく勉強になったいつも沸騰させたお湯でグツグツ下茹でしてたから今度からその方法でやってみます
0.932355219,これは料理下手でもこの通り作れば本当に美味しい豚汁になった息子と二人なので分量半分にしたけどすぐに無くなってしまった次は絶対にこの分量で作るぞとにかく野菜達が一体となりますうまい
0.932263889,結構時間が掛かった感がありますが流石思考シリーズかなり美味しく出来ました私も結構匂いでワイン飲みながらの豚汁
0.932151092,ついついコメントしたくなりコメントさせて頂きますまあ私も料理めちゃくちゃします何が言いたいかそれは灰汁の取るもの取らないものです取るものはすまし汁等汁の丁寧さに長けた物取らないものカレー豚汁シチューもつ煮等です一言で言うと味の混ざるもの混ざらないものです灰汁って旨味の塊とも言われているんですよ多分りゅうじさんが豚汁で灰汁捨ててたら怒ります笑突然のコメント失礼致しました
0.932138132,料理下手なんですけどリュウジさんの動画見て作ると毎回彼氏に絶賛されますリュウジさんのレシピで作ると絶対失敗しないので毎回頼りっぱなしです
0.931959591,ヒロミさん動画を見てたどり着きました一つひとつに味が染み込んでとってもおいしかったです家族にも評判でした作り方もわかりやすかったので他のレシピも試してみますホットチョコレートも絶品でした
0.931923611,豚汁の材料を炒めるのはやっていましたがニンニクと生姜は初めて聞きましたっていうかフライパン満タンでハラハラした
0.93182871,寒くなってきて久しぶりに作ろうと動画を見に来たらもうすぐ0万再生我が家の豚汁はこれです大好きなメニューの0つです
0.931664628,これは誰に振る舞っても喜んでいただける一品となりましたリュウジさんレシピの中でも最高に気に入りました
0.9316577,これまで一切料理しなかったけどコロナの件で自炊が必要になりましていろんな方のyoutube見て勉強させて貰っていますがこの方のレシピ動画見始めてから一段と料理を続けられるようになりましたリュウジさんがいつも楽しそうにお料理してるから仕事で疲れてても今日はこれやってみようかなって気分になって家帰ってから深夜にちょこちょこ作ってます
0.931632076,料理音痴な私でも美味しく作ることができ家族も絶賛してましたまた豚汁にゴボウは邪道だと思っていましたがはじめに炒めることで嫌なえぐみがないですね最高
0.931600884,先日美味しく豚汁出来ました感謝夜中に蕁麻疹出たので調べたらこんにゃくだった今夜も作る妻がなんと灰色ではない白こんにゃく買ってくれたもしかしたらワンチャンいけるかも甲殻類アレルギーにもなったし歳とると面倒だこのレシピは本当に美味しいモツ煮にも通じる
0.931528862,私も大さじ使いません適当に作って上手くできた時はこの味を食べれるのは最後だと思って食べてます
0.931524208,今作っていますが下処理が色と大変ですね自分にも下処理をしていないとやって行けないリュウジさんの気持ちよく分かりますせめてね主人がこの大変さ分かってくれると作る方にも張り合いがあるんだけど主人は食えれば良いと思っている人で昨晩は大根のステーキ美味しい俺好みと言ってくれました今日もその言葉が欲しいです
0.931517802,最近食べ物を粗末にする方が増えており嫌でしたがとてもら大切にしておられてすごくファンになりました登録させていただいてもよろしいでしょうか
0.931513821,何回作ったんだろうというくらい夫中0小0男子たちも大好きで豚汁と言っただけでやったと言う声が聞かれますすっかりうちの料理の定番となりましたいつも0倍量で作り翌日は汁をのばしてうどんを入れてけんちんうどんにして食べてます本当にありがとうございます
0.931484081,俺らは九州なので麦味噌一択豚肉に麦が合うんだ最後にに追い砂糖をして味見しながら味噌を追加すればバッチリだよしばらく置いて味をしましてぐつぐつ沸騰させてお椀にもる豚汁は煮えててなんぼだよ熱くて食えないぐらいでいい感じ醍醐味かな
0.931375012,昔住んでた地域がお雑煮は豚汁ベースだったのでりゅうじさんの豚汁を参考に今作ってみましためっちゃ美味しいです
0.931364598,料理のお兄さん料理さん今日彼女が豚汁を作ってくれました目ん玉飛び出す旨さでした二人でリュウジさんのことを話しながら食べました昨日誕生日だったようですねおめでとうございます
0.931290536,はじめまして豚汁すごく参考になりましたあと自分も呑みながら料理作るのですが何故だか作っている時ってお酒美味しいですよね
0.931268248,山下美月さんのyoutube見て作りに来ました笑美味しそう笑
0.931219503,こちらを作るためにはじめてごぼうを買いましたごぼうの処理の仕方も教えて下さりありがとうございますとてもおいしく夫から好評でした
0.931127171,にんにくとしょうがでパンチが効いている味でめちゃくちゃおいしかったです豚汁はそこまで好きではなかったですがこの豚汁は普通のとは全然違いますね余ってたしいたけを薄切りにして加えましたがキノコ類も最高に合います
0.931127163,ママが作った美味しい料理n0にノミネートされました少食な息子がおかわり0回も初めて豚汁作りましたがとっても美味しくできました
0.930936626,毎回見ています最近料理にハマっていまして沢山の料理が出来るように頑張っています豚汁作りたいと考えていました参考にしたいです
0.930766793,家族が美味しすぎる豚汁屋さん開けると絶賛してくれましたᐡ⸝⸝̫⸝⸝ᐡ今までの豚汁レシピからこっちに変えます
0.930678987,乃木坂0の山下美月さんが配信で作られてるのを見てチャンネルを見にきましたいつかコラボしてるところ見てみたいです
0.930547453,今日はじめて動画みながら豚汁作りました野菜を切るところ調味料の準備だけでも時間がかかってしまいましたが豚汁ってすごく難しいイメージがあったので自分でこんなに作れると思いませんでしたありがとうございます
0.930544169,今日は寒くて思いつきで作ってみましたいつもは味噌を最後に入れますが今回は味噌を入れて煮込んでみました
0.930508044,早速作りましたとっても美味しくて家族に大好評でしたりゅうじさんの番組いつも楽しく観てます体を壊さないようにお酒飲んでくださいね
0.930490975,この豚汁大量に作って子供たちが0日間毎食おかわりしてましたまた食べたいと言われましたありがとう料理のおにいさん
0.930217341,ほんとに美味しそううちの豚汁にはなれない好き嫌いを考慮して作ってるのでけど食べたいですお店で食べる豚汁みたいです
0.930171754,ちゃんと菜箸で炒めていたのが意外でしたトングとか使うイメージ有りました家は里芋も入れるよ美味しい
0.930119896,インドカレーの調理法と似てる部分が多く美味しい汁物の作り方はやっぱりこんな感じなんだなと再確認できました至高の豚汁本当に美味しそうですレシピのシェアありがとうございます
0.93011755,イモの子を入れてもおいしそうちなみに自分は元山形県人なのですが具だくさん芋の子汁もアリです
0.930115284,言葉を慎みたまえ君たちはラピュタ王の前にいるのだよ中略美味ぇーがー
0.930094609,ほぼ月イチで作ってる至高の豚汁自分で調理して手前味噌ですがううんまいただ年齢的な問題でしょうか自分作るときはニンニクと生姜入れないバージョンが良い感じですリュウジさんサイコのんべいなところが
0.929926614,家でいつも入れる材料で今日作ってみましたあと生姜は私は苦手なので使いませんでしたなので全く同じレシピとはいかないですけど美味しく出来ました旦那も豚汁かなり美味いと絶賛してくれましたあと大根フライも作ってみたところこれも旦那に好評でした箸が止まらなくなるって言ってました私も止まらなくなりました
0.929892135,まともに動画見たの今日が初めてですがベロベロで上機嫌なイケメンがむちゃむちゃ美味しそうな御馳走作ってるとか最高明日は豚汁じゃ
0.929866814,リュウジさんの動画を見るだけでテンションが上がり作ってみると楽しいそして美味しいこの豚汁も最高です
0.929792777,食材豚肉を投げ入れてるの見て悲しい気持ち残念
0.929681277,今度具材揃えてやってみますありがとうございます因みに今回の動画で実演された例ではどんぶり0杯0人前として何杯分になりますか
0.929546017,今日作ってみました炒める順番間違えてしまいごぼうの臭いが強くなってしまいましたが美味しかったですー夫も美味しい美味しい言ってくれて0人で完食しました
0.929512193,豚汁っていうと寒くなってから作るイメージがあるけれどこれをみたら作りたくなったリユウジさんの至高シリーズが大好きで明日食材買って作ってみます
0.929493879,0オイル大匙0は計ったことないけど醤油大匙0は必ず計るつまり前者は大匙0になっても味に影響ないけど後者が倍量入ると大惨事
0.929488204,時間の余裕ある今晩に作りました息子が珍しくおかわりしましたとっても美味しかったです残りは冷凍にして料理する時間がない時に食べますまたリピします
0.929459756,りゅうじさんの唐突なかんますに感動しました久しぶりに聞きました母の実家の豚汁とかけんちん汁も具沢山でした母の作るものも当然具沢山でした
0.92945507,地上波でもリュウジさんをよく見かけますが正直youtubeでのリュウジさんが一番楽しそうに料理というか飲酒してて最高だと思います何とか地上波でも飲酒してくれませんか
0.929377138,今日作ってみましたほんとにいつもは肉入り味噌汁でしたが今回は味噌汁ではなく美味しい豚汁ができました
0.929234133,こちらの豚汁レシピ超ヘビロテしてます今日は降って肌寒かったのでコンニャクなかったけど作りました味噌味しみっしみの大根が特にウマいっ豚汁loveの旦那さん今日は疲れて食欲ないなって言ってたのにガッツリおかわり
0.929202436,今日初めて作りました美味しすぎて感動主婦0年目ですが今までの豚汁は封印今後我が家の豚汁はコレに決まりですリュウジさんありがとうございます
0.929181216,0年前から一人暮らし始めて初めて作った料理がこの豚汁で炒めが足りなくて単調な味だし野菜の土臭さとかが若干気になってまだまだだなあと思っててその後ずっとリュウジのマネして自炊続けて0年ぶりにまたこの豚汁作ったらめちゃくちゃ上手く出来て本当に感動してリュウジが毎日動画上げ続けてくれるから自分もほぼ毎日料理作ってたらこんなにスキルアップできたんだなって実感できてとても嬉しくなりました
0.92914016,牛丼屋のメニューにも豚汁がありますが個人的に一番好きなのは松屋のやつですね豆腐と里芋が入っているのが他と違うところまろやかな味でほっこりしますただし時間帯によっては煮詰まってクタクタになったやつが出てくるのが玉に瑕笑
0.929097844,最っ高ですこの先の豚汁はもうリュウジさんの豚汁ッ豚入りの味噌汁ではなく豚汁この豚汁何もかも覚醒させて頂きました本気の豚汁を本気で作ってます
0.929041971,0口目でえうまって声に出るほど美味しかった全ての具材の旨みが出てて豚バラもホロホロになって美味しい〉私はニンニクとしょうが入れて0分ネギ入れて0分加熱しました覚書
0.929028568,年末会社の締めでこちらの豚汁やらせて頂きます社員の笑顔がもう見えました
0.928915471,豚汁って具材を一旦湯通しして再度味噌汁で作った方が簡単で美味く作れるんじゃないの
0.928850081,料理動画としても良いけど何よりリュウジさんのキャラが面白過ぎて観てしまう豚汁後で作ってみよう
0.928830602,この無添加田舎みそを買ってきて作ってみましたけどえらく美味くてビックリです普段使ってる麦味噌よりも香りがあるなと感じましたさすがリュウジ先生またいいものを教えて頂いちゃったなぁ
0.928720618,肉と豚汁の素すでにカットされてある野菜だけで作ろうとしたがただ煮込むだけじゃダメだったやっぱり豚汁の素だけじゃなくて生姜とニンニクは必須なのかなぁ
0.928716647,彼が豚汁好きで料理もほぼしないので豚汁自体を初めて作ったのですが作り置きもかねて0日分作ったのに晩御飯でほぼなくなり残りも取り合いでした笑びっくりするぐらい美味しくできましたありがとうございました
0.928623106,リュウジさんのレシピはどれも美味しいけどこれは本当に美味しいこのレシピだとアク取らなくて良いってのは衝撃的だったけど取らなくてもマジでなんの問題もなかったやるべき事はやるやらなくて良い事はやらんってスタンスが好きです
0.928618912,昨日から色観てますが途中の雑学的なお話が為になります今夜は豚汁にしたかったので観てましたが今回は蒟蒻のくだりが特にありがたかったです茹でないといけないと思い込んでましたし味が染み込みやすいとかそしてニンニク生姜入れるなんてビックリどっちも良く使うので入れてみるの楽しみです♩
0.928485174,作りましためっちゃ美味しかったですリュウジさんの本を持っていてよく作っているのですが動画は初めてこちらを見ましたとっても面白かったです他の動画も見てみますー
0.928304452,豚汁大好きです何故にこの時期に東北の芋煮思い出しました至高シリーズだけあって最高の作り方ですねにも絶対合う
0.928238904,̄y ̄
0.928238904,それ巨神兵ちゃう
0.928238904,里芋tдt
0.928238904,里芋tдt
0.928238904,自分用0
0.928238904,そろそろ0versionplz
0.928238904,呑み過ぎ
0.928238904,酒粕は
0.928238904,バoスバoス
0.928238904,嶋津亜矢
0.928202892,何度もリピートしてますそろそろ寒くなってきたのでまた明日作ろうと思いますがこのレシピはごぼうのおいしさが最大限に引き出されてるなあと食べる度に思います
0.928099201,これ作って親に出したら今までのマックスで0点を超えて0点に限りなく近い0点と言われました教えていただきありがとうございます
0.928085711,この豚汁本当に本当に美味しいいつも具沢山味噌汁的な豚汁を作っていましたがこのレシピを作ってから我が家の豚汁はこれになりました生姜とニンニクはチューブじゃなくすりおろしたのをおすすめします手間がかかっても定期的に作って食べてます
0.927886564,何回もリピートしてるリュウジさんのこの豚汁高校生の長男が豚汁が世界でいちばん美味しいスープだと思うって言ってて私もうれしかったのでリュウジさんに感謝だねって返しましたいつもありがとうございます
0.9278618,この人のおかげでちょっとずつ真似して料理するようになりました
0.927763141,初見豚汁の灰汁をとらないってのは本当に料理してる人ですね素晴らしい
0.927727305,山下美月ちゃんがやってたので再度本家見に来て衝動的に作ったけどやっぱりめちゃ美味しいわ
0.927711161,いつも晩飯困った時参考にしてるけどこの豚汁はマジで至高でしたちょいちょい入る飲酒タイムも最高
0.927630138,概ねレシピ通りに作っていい味になったんですがジャガイモ入れたのが失敗でした煮崩れしまくって汁がざらついてしまって残念な事に他の具はいい感じ味しみて旨かったんですが
0.92756951,寒くなってきたので作ってみたらうますぎてやばいっすよこれ今まで自分で作ってたのまじで肉入り味噌汁だったんだなといやそれはそれでうまかったんだけどうまさのレベルが違いすぎましたわ食べててありがとうという気持ちになりました
0.927531459,この豚汁を作ったら豚汁嫌いな0歳の娘が完食してくれましたありがとうございます
0.927455931,お料理全部最高ですね0年前日本に住んでた時が懐かしくなって料理を作って食べてます材料がちょっと違ってますけど本場の味を味わって嬉しいですレシピありがとうございます
0.927450606,汁物いらない派の旦那がこれだけはいつもおかわりする美味しくて私も大好き感謝死ぬまで豚汁はこれでいく思うし将来娘にもドヤ顔で作り方教える予定
0.927348105,美味しい豚汁は汁物でありおかずですよねめっちゃご飯に合いそうです笑美味しいことには貪欲だけど無駄なことはしない笑やっぱりあんちゃん最高ですわ笑
0.927143246,これに好みで鷹の爪を入れると絶品ですお試しあれ
0.927090335,主婦歴0年ですがこんな美味しい豚汁ははじめてで目からウロコでしたありがとうございますこれから他の料理もドンドン参考にして作らせていただきますね
0.927080289,いつも楽しみにしてます私もお酒が好きで飲みながらのスタイルなのですがりゅうじさんのさんの参考にいろいろ作れるようになりましたこれからも楽しみにしてます応援してます
0.926980942,ハイボール以外はきちんと揃えて作りました美味しかったです主人には具が多いと言われましたが豚汁はずっとこれでいきます←
0.926980753,いつも本当に良いレシピをありがとうございます至高の豚汁今まで食べた中で一番でした至福の時
0.926962319,ゴボウがこんなに美味しいなんて豚汁のごぼうは鬼門だったのですが香り高くて味が染みて豚の脂も味噌も吸って美味しい目からウロコでしたゴボウ探して食べました至高シリーズまた待ってます
0.926955729,めっちゃ美味しかったです今まではどうしても味噌汁感が抜けなかったのでこの豚汁はレシピ見なくても作れるように技にしたいと思いますありがとうございます
0.92688159,いろいろ試させて頂きましたがこの豚汁はべら棒に美味しかったですゴマ油ニンニク生姜がこんなに効くと思わなかったです家族から大絶賛でしたありがとうございました
0.926819143,美味しかったですニンニクと生姜が効いて味噌ラーメンのスープみたいで食欲がそそりますお酒飲みながらの料理もハマってしまいました笑笑
0.926805294,今日至高の豚汁作りましためっちゃ美味しかった幸せな気持ちにしてくれてありがとうございます
0.926663005,いつも同じ料理を作りがちで料理が嫌いだったんですが友達にリュウジを教えてもらってから毎日リュウジのレシピでご飯を食べてますリュウジが作る料理が大好きです酔っ払ってるのも好きです笑これからも楽しみにしてます
0.926563027,これ作ったらもうこの豚汁しか旦那が飲まんくなったちょいっといじってみたら怒られました笑笑簡単だし煮込んでる間に他の料理も作れるし最高
0.926507425,豚汁けんちん汁は牛蒡は欠かせない野菜ニンニク入れるんだ私も作って見ようリュウジさんはお料理凄いね立派です私も作って見よう美味しそう
0.926356374,りゅうじさんの料理は色試してきましたがお酒に合わせる為か全体的に塩分多めで辛いので濃いめの味付けだと聞くとちょっと作るのに勇気がいりますね
0.92625461,丁寧やな丁寧大事まず丁寧にだよく適当でいいよと言う方がたに言いたいプロの適当と素人の適当は違うんじゃああまずは真似してみよっと
0.926151638,料理のお兄さん料理でいいね押したわ笑酔っ払いが作る料理を酔っ払いは楽しみにしてるよ笑
0.926065549,ここで最後煮込むときに焼き肉のタレエバラが美味しかったです適量を入れると悪魔のような味になりますのでぜひ興味ある方はお試しください
0.925967707,0絵的には殆どモツ鍋至高の豚汁これだけで充分メインになる料理で本当に美味しかったです
0.925834924,初めてこんにゃくをスプーンでちぎって初めてごぼうをアルミでごしごしして切って初めて豚汁を作ったんですが料理全然出来ない私でもめちゃくちゃ美味しくできて達成感もあって彼も喜んでくれて幸せしか生まれませんでした時間かけて作ってよかった我が家の豚汁はりゅうじさんのになりました笑
0.925812331,至高のレシピ本買って豚汁作り地区の役員会の新年会で振る舞ったらみんな美味しいと言ってくれました味見していると最初はごま油の香り強いかなとところが煮ていくととんでもなく美味しくなりますご馳走様でした
0.925800384,リュウジさんのレシピに出会ってから毎日料理が楽しいですおかげでちゃんと食べるようになって慢性的な立ちくらみも減って元気に過ごしていますありがとうございます
0.925773421,ちょうど先日肉入り味噌汁が完成して絶望してたので助かります
0.92575622,冬にめっちゃ歩く謎の学校行事で0kmくらい歩かされた後の豚汁が人生で一番沁みて美味かった思い出を思い出した
0.925587979,美味しすぎで自画自賛しましたこりゃお酒飲みたくなる
0.925576099,至高の豚汁忠実に真似して作りましたもちろんお酒飲みながら笑これは間違いなく至高です次回からもこのレシピで決定
0.92552424,ハイボールに胡麻油と牛蒡の香り最高てすね豚バラの脂身をレモンハイボールの酸味でリセットして無限豚汁食べたいです
0.925396149,この人の動画を見るコツがついに分かりましたこっちも呑みながら酔っ払って見るそして細かいトコに独り言でツッコミを入れる楽しいo
0.925311903,美味かったです白米のお供として食べるなら味噌は分量より大さじ0弱足しても良いと思いました
0.925267748,このレシピで作ってみたら新潟の某有名店の味噌ラーメンとそっくりな味になりました
0.925132293,リュウジさんは料理人だから技術もあるだろうし手間掛けて美味しくすることはいくらでも出来ると思うんだけど一般人にも出来る手法材料って縛りでやってくれるのがありがた過ぎるんよ
0.925006821,最近肉を鶏ムネにしてお財布に優しくしてるそれでも旨い
0.925002063,いつも楽しみにしておりますちなみにわが家でも豚汁は定番レシピです私は人参と大根はレンチンで0程度することで時短でやっています鍋だと柔らかくなるまで時間が必要なので結構大変ですよね
0.924985891,0豚汁って丁寧に作ると旨いんですよね0豚汁は適当にやっても旨い
0.924771465,ウイスキー飲みながら作ってくれるので料理は嫁さん任せの自分も楽しく勉強させて頂いております落ちた野菜は洗ってリバース自分は指切らないようにがんばります
0.924679104,調味料と薬味の順番や炒める順番をもっと適切な所に変えたらもっと美味しくできそうな気がしますお彼岸の時などスーパーに並ぶ白だしの根菜の煮物と豚肉ねぎなど基本材料で作れば時短で近いものが作れそうな
0.924656595,初めまして飲みながらの調理に超楽しく見せて頂いております仙台の方なんですか
0.924651179,ゴボウを最初に炒めるのが本当にコツなんでしょうねゴボウの旨みが効いてそう勿論他の具材も観てるだけでも美味しい気分ですありがとございます
0.924580689,※自分用メモ※出汁入り味噌の場合は大さじ0にんにくしょうがは半分でもいいかも
0.924527656,私は煮物以外は基本的に灰汁を取らない派です
0.924499011,これに何か他の具材を足すとすれば俺の場合はきのこですかねしいたけしめじ舞茸えのき何ならなめこも良いかもしれません上のどれか一つ二つ足してやると良いアクセントになるような気がします
0.924434544,今完成しましたいつもの豚汁と具は同じなのにごま油で炒めてにんにくしょうがをするだけでこんなに味が変わるとは美味しい
0.924409132,私のズボラさから肉入り味噌汁になっていました❢やはり手間かけなくてはですね❢頑張って調理してみますぐれちゃん
0.924372019,今日作ってみたのですが炒め工程で奇跡的に大根が0つ落ちました
0.924208422,このレシピは本当にすごいですおいしすぎますあまりにもこのレシピで豚汁を作っていたため分量覚えましたこれは中身の具材を変えてもおいしいです
0.924150785,体調を崩し気味でたくさん具材が入ったこの栄養満点の豚汁作ったら美味すぎて気持ちが晴れた元気になったら酒のみながら作って飲みます
0.924140597,乃木坂の山下美月さんの動画みてやってきましたとっても美味しそうビール飲みながら明日の晩御飯に作ってみます
0.924103167,動画みながら作りましたが少し味噌のコクがイマイチなので八丁味噌と麦味噌を少し加えたら中の出来でした味噌は0種類では無く0種類混ぜた方が良いと思います
0.924021252,いつも拝見させてもらってますもし可能ならば材料に何人前とかの記入をして頂ければ尚の事と思います出来ればよろしくお願いいたします
0.923998836,美味しそうですねそれにしても飲みながら良く作るな笑好みの問題ですが私はキムチと厚揚げを入れますね豚汁は最強ですわ
0.923924245,これ旦那に作ったらすごく好評でしたラーメン入れて食べたいって言ってたから豚汁としてはどうなんか謎ではありましたけど笑また作ります
0.923900561,人生初の豚汁作りでしたが驚くほど美味しかったですとにかく美味しくて美味しくて私は今気分がいいです夜中だけどおかわりしますリュウジさんありがとう
0.92386252,これは本当に美味しかった寒くなったのでやってみましたが美味さに感激是非やるべきですね
0.923755249,0滑舌が悪くて何度リピートしても聞き取れないのですがリュウジさんはお酒の何を持ってるのですか
0.923731028,作り方と調味料いつも参考にさせていただいてます個人的にはにんにくとしょうがは無い方が好きかな入れたら入れたでとってもおいしいですでもいわゆる豚汁のイメージをしているとだいぶ味が違うので家族にびっくりされますちょっと抵抗があるみたい味変したいときに後入れするといいかもですね
0.92369848,すごく美味しいのでもお何回も作ってますはじめて作って食べたときは衝撃でした豚汁がこんなに美味しい食べ物だと思っていませんでした本当にメインのおかずになりますにんにくがうまうまーっ旦那さんも大好きです
0.923661111,めちゃくちゃうまくできましたなんか北海道の白味噌ラーメンのスープに似た感じになり豚汁の域超えた旨さです
0.923642537,灰汁取りは面倒だったのでリュウジさんのレシピ参考になりました灰汁旨味もある勉強になります
0.923567184,りゅうじさんのレシピ好みの味すぎてどれも間違いないこれも美味しく作れました
0.923545626,むちゃくちゃ美味しそうでした演出も凄く楽しかったです食欲がわきます是非豚汁専門店してほしいと思いました大阪発信でお願い致します笑
0.923461304,豚汁食べたくて作ったら本気で美味しくてびっくり作り立てでこんなにもこんにゃくに味が染みるのかと感動しました料理苦手な私でも美味しく作れて嬉しい
0.923390522,リュウジさんが引退したら料理出来なくなる人全国に0万人はいる説ソースはワイ
0.923379193,今まで食べた豚汁でいっちばん美味しいこれだけでご飯いけます家族大絶賛高齢のばあちゃんも美味しい美味しい具沢山で良いだし出てると大絶賛革命起きましたー
0.923365793,私の家の豚汁はこれ以外あり得なくなりましたりゅうじさんのレシピだから褒められると少し戸惑いますが喜んでもらえて嬉しいですいつも美味しく簡単レシピありがとございます
0.923336893,至高シリーズの中でも0番リピートしています特に冬の時期はお鍋で作って毎日食べています夫もお気に入りのメニューで本当に感謝していますこれからも応援しています
0.923206565,母が豚苦手なので豚なし豚汁にしましたがめちゃめちゃ美味しかったです最後天かす少し入れました久しぶりに美味しいご飯つくれましたありがとうございます
0.92283701,料理さんの動画を見てるおかげで何を作るにしても役立つ知識が付いてきて自分で適当に作っても天才だってなるようになってきました
0.922642404,今さっきの深夜に作ってこの味だよおれが豚汁に求めていたのはって感じでめちゃうまかっためんどくさがり屋でなにかするのになんでって理由知りたいタイプだから蘊蓄あるとそういう理由でするんかってなったり他の料理にも応用できるやつもあったりでめっちゃ勉強になりましたありがとうございます
0.922622247,豆腐を入れたら調味料の分量変えた方がいいんですかねそのままでも大丈夫そうですかねー
0.922615076,今までの豚汁が覆されましたお金とれるんじゃないっていう味になりましたほんとやばいです料理が楽しくなる動画に出逢えて嬉しいです感謝します
0.922497474,今日は一人暮らしの娘が帰ってきますまずは一品りゅうじさんの豚汁に決めました
0.922296983,ヒロミさんの動画をみてココへ来ました
0.922279437,これから沢山リュウジさんのバズレシピを見ながらお料理作りの参考にさせて頂きたいなぁと思いますレパートリーをもっと増やせるように
0.922268495,もう分量も覚えるくらい何回も視聴しましたが定期的に視てしまう動画です✾それはナゼか❢気分がアガるから
0.922159877,愛媛のりゅうじです豚汁をあらためて見直ししました
0.922065391,忘れられないほど美味かったささがきでなく薄切りってのでハードル下がったし味噌で煮込むとか灰汁を取らないとか相変わらず発見だらけだなぁそれにしても飲む口実とタイミングのよさにはいつも吹いてしまう
0.922051546,うまそう胡麻油でゴボウを炒めたりニンニクを投入するのは知らなかったですその豚汁を食べたい
0.922031317,子供に作ったら今までの豚汁と全然ちがーうって言われましたありがとうございます
0.921787936,リュウジさんの料理って作りたくなるし美味しそうだから作るのが楽しいし美味しく食べれるとか控えめに言って神
0.921687174,リュウジさん見習って酒飲みながら作りました一人暮らしだからと半量で作り即無くなって全量で作っていればと後悔しましたね本当に美味しかったです
0.921607315,いつも動画楽しく拝見させてもらってます豚汁私も大好きですがニンニクと生姜入れたのは初めてですこれ美味しすぎます0回連続で作っちゃいましたありがとうございました
0.921592953,結構いい店から個人経営の料理屋まで色食べ歩いたけど松屋の豚汁が一番すきだなぁ
0.921558182,私はお料理ヘタですが一生懸命にまねして作ったら0点くらい近づいただけでビックリするくらい美味しくできました0だったらどんなに美味しんだろうしょうかいして頂いてありがとうございます
0.921477111,ウチら九州人はブタジル言いますしかしレシピは様あとは味噌の特性任せ九州は麦味噌文化東の方にはいかがやろか
0.921451725,いつものと全然違う̄私のは豚肉入りお味噌汁でした明日これ作ります
0.921424966,作りましたにんにくと生姜プラスで俄然美味しくなった汁物だけど酒の肴にもなるかんじの味でした笑0日連続リュウジさんメニューです
0.921381009,これはやばい食べなくても旨さが分かる僕も豚汁大好きで自分でも作りますが何か足りないと思ったら炒めとニンニク生姜だったのかこの動画を見て良かったリュウジさんありがとう
0.921342339,いつも楽しくやってみようとさせてくれるのが為になりますこれも早速作りましたこんなに美味しい豚汁は食べたことがない家庭で見直されてます笑
0.921273616,動画を何回も巻き戻して見ながらレシピ参考にさせていただきましたとってもおいしく出来上がって嬉しいですたくさん作ったのであと0日は楽しめます
0.921234624,同じように作ったら今までので一番美味いと嫁に言われましたありがとうございます
0.92106245,リュウジさん笑飲みながら楽しく作るまるで自分を見てるような感じです油揚げとジャガイモも入れたいな
0.920987103,これも作りました0品目これはもうほんとにメチャメチャ美味いかみさんと二人なので半量で作りましたお袋のが一番うまいと思ってたんですけど正直言ってこっちの方がうまい複雑な心境です
0.92097833,日曜日の夕方からビール呑みながらこの動画観ながら至高の豚汁作りました衝撃的な美味さごま油と最後のニンニク生姜がいい酒呑みが好きな味ですね最高です
0.920893878,大鍋で作ってみましためっちゃおいしかったです特に豚肉にニンニクとショウガの風味がからんで最高でした教えていただきありがとうございます
0.920869465,自分で作ってもただ具の多い味噌汁になってたんですけどこれですっごく美味しくできて感動しました
0.920816289,ごぼうの処理めんどくさいなまあリュウジさんが言ってるしと思って渋買いましたがやっぱり入れて良かったですごぼう独特の良い土の香りが相乗効果になってより0層美味しくなりました
0.920752042,史上最高の酔拳シェフだと思います色試させていただいてますがめちゃくちゃ美味しいです私の一番はナポリタンかな至高の豚汁もトライしようと思います
0.920749118,君たちはラピュタ王の前にいるのだよ最後の最後に大笑いしました
0.920717545,材料紹介一発目がハイボールだったりお肉下準備忘れていたりなどなど非常に面白くて好感がもてます笑お料理あるあるが含まれていつつ最後はしっかりと美味しいものが出来上がるのが素晴らしいです
0.920541872,連休中の朝ご飯にしようと思って作ったんですが作ったその日にほとんど食べてしまうくらい美味しかったですこんな素敵なレシピを公開してくださってありがとうございます
0.920479005,今日作りました至高は間違いないです最近お兄さんのレシピが食卓にあがる率高いです至高のドレッシングなどなどお世話になってます酔いどれお兄さんも楽しみにしています
0.920413873,ごぼう入れると入れないで味の深みが全然違ってくるよね
0.920340793,リュウジさんの家庭の料理風なのも好きです外で食べるなら新潟県のたちばなの豚汁が衝撃的にうまかったです
0.920313801,ごぼうは切ったら水に浸さないでそのまま調理して大丈夫なんですね
0.920311751,毎年寒くなると狂ったように作ってるけど飽きないし毎回美味しさ痛感する大根の代わりに豆腐しいたけ玉ねぎしめじ入れて具材たっぷりにするのが大好き
0.920288662,豚汁は私も得意です北海道はジャガイモと最後に木綿豆腐を手で潰して入れますお味噌は白味噌です
0.920255931,0万再生おめでとうございますチャーハンから揚げカレーという0強の次が豚汁というのがリュウジさんらしいですねこの豚汁は本当においしすぎて何回作ったか分かりません
0.920214541,野菜と肉が一緒に入っている場合はアク取った方が美味しいですよ
0.920115389,私の家は蓮根白滝椎茸里芋焼き豆腐も入りますˊᴗˋ豚汁ほんとに美味しいですよね
0.920005217,今日カレーにしようと意気込んでいたのにこの動画のおかげで豚汁になりましたありがとうございます
0.919948473,作りました今までゴボウをしっかり焼かなかったり味噌を入れてから煮たり蓋をしなかったり生姜やニンニクを入れるところ本当に勉強になりました美味しい
0.919675945,リュウジさん初めましてリュウジさんを拝見したのは初めてですがなんだかすごい人ですねアルコール飲みながら料理してるし料理は超うまそうだしトークは軽快ウォーズマンなんて単語0年ぶりに聞きましたかんますってうちの親がよく使ってます
0.919594959,うん豚汁はよくわかってないのが多いな俺が作ったほうが絶対美味いよってのがよくあるよ豚汁ってのは野菜の滋味と味噌そして豚の脂と味噌の融合が旨さのハーモニーを生み出すんだよただ入れただけでは全然うまくないんだな
0.919578443,異世界食堂みてたら豚汁食べたくなったので来ました美味い
0.919451044,真似させて頂きましたアルコール依存症には本当気をつけてある日やめられなくなったら平均寿命0歳です
0.919419059,海外住みで白だしが麺つゆになりましたがめっちゃくっちゃ美味しかったですいつも作る豚汁とは別物でした
0.91941247,昨日作りましためちゃくちゃ美味しくて感動です自分がつくったのかってくらい美味しかったですえのきも入れました食物繊維が沢山とれて一石三鳥くらいですこらから週一くらい作りたいです本当天才
0.919321678,親におかず作ってといわれたけどなんか作るのめんどくさくてふと豚汁食べたくなり見つけた動画究極に美味しそうな豚汁を作ることが出来ましたもうおかず豚汁じゃん天才です
0.919304278,観てるだけでメチャ旨そうリュウジ君には是非俺の手作り味噌で試して欲しい一品だなあ
0.919186019,酒飲リュウジの豚汁次に作ります私も分量適当おばさん子ども達に作ったら味見しろょっていつも怒られてます
0.918970251,これとは別のアクを取るやり方を試しましたがりゅうじさんの圧勝でした
0.91895565,これを二日間美味しく戴き少し残ったらジャワカレールーを一かけら入れてうどんを煮込むと最後の至福感
0.918944472,豚汁の季節ですねニンニク買い忘れてしまったでも美味しいとたくさん食べてくれました
0.918914402,うちの豚汁は大体同じ材料に里芋と厚揚げ豆腐入れますねいいですよ
0.918898126,めっちゃ食べたい明日は豚汁にしますリュウジさんスタイルめっちゃ良いホントに灰汁消えてる凄い
0.91884976,こんにゃくはスプーンで千切るのか手でやると爪に黒いのが入り込んで痛いごぼうはアルミホイルで洗うのかいろいろなるほどがあって内容濃いですね
0.918809895,リュウジさんのレシピではこれを0番作ったお気に入り
0.918807002,馬鹿喋って無いで省略して短くしてくれたらチャネル登録する気無いわ
0.918762059,リュウジさんこんにちはいつも勉強で参考にして見てます母がまた入院中にあ色見て作ってみてみます
0.918702962,今日作ってみましてとても美味しく作れましたこれからも豚汁を作る時は参考にさせていただきます
0.918674681,作りましためちゃくちゃ美味しかったです何より今まで味噌は沸騰させちゃいけないと思ってたんですけど煮込むことでこんなに美味しくなるんだなと発見できましたありがとうございました
0.918636475,美味しそう料理しながら自分を調理niceリュウジ先生''ノノ゙パチパチ
0.918583509,ヒロミさんが伊予ちゃんに作っていたのはたぶんこのレシピかなと思いますお酒飲みながら作る人なんだよーと説明してましたあの人面白いんだよーと料亭の味って言ってましたさすがですね
0.918572855,今年も豚汁の季節ですねまた作り初めましたよ
0.918498994,豚汁は各家庭によって材料とあじつけが違ってそれぞれの味があると思います炊き出しに出た豚汁はうまかったです
0.918473712,ツレに聞いて初めて見たんだけど自分の大好きな豚汁がこんなうまそうに作られててテンション上がったこの動画観ながら酒飲めたし作ってみよブヒ
0.918451926,作ってみました本当に美味しくてびっくりですこれが求めていた豚汁でしたー
0.918424278,ネギの切り方茹で加減が最高ですねアメリカ人捕虜が木の根を食わせたと言ったゴボウがいかに美味しいか思い知る料理
0.918385823,朝起きて見てすぐお昼ご飯に作ってみました足りない材料があったりしたけどめちゃめちゃ美味しかったですいつも間違いなく美味しいですありがとうございます
0.91819935,里芋必須です里芋食べるために豚汁作る感じです私は仕上げにごま油黒コショウ入れたりします
0.918173706,初めて拝見させて頂きました豚汁はもちろんお酒も美味しそう笑話も面白くて最後まで楽しかったです
0.918165738,0リュウジさんと乾杯したい人用わぁい乾杯ノ
0.91813275,リュウジさんの動画見るようになって自分もお酒呑みながら料理作るクセがついてしまった
0.917971855,リュウジさんのお料理いつも見て真似して作っています♫めちゃ美味しい
0.917959743,休業中いつも拝見してます至高のペペロンチーノは何回も作ってます麻婆豆腐も作りました美味しいです豚汁は待ってましたアク取らなくていいんですね味噌はいつも最後に入れてました参考になります
0.91795368,にーににはせり鍋とか芋の子汁とか見て聞いて食べて感動してさらに工夫して味を上げて頂きたいものです
0.917893693,美味しそうですねこれ豚の代わりにモツでも美味しそう
0.917823977,揚げともやしを入れたらもっと美味しく為ります味噌も少し白味噌を入れて見て下さい私は隠し味に酒粕を少し入れます試して下さい
0.917768136,酒飲みながら料理すると記憶ない料理研究家リュウジさんは的確に説明しながら調理していて凄いと思ました
0.91762533,お兄やんの料理紹介は分かりやすいし試しやすい本当これ大事なのよしかもしっかり美味しいのがまた笑
0.91762084,料理楽しそうって思える感じの良いお兄さんだフライパンで豚汁はびっくりしました
0.917611337,汁物を作ってもあまり食べてくれなかった旦那が初めておかわりまだあるのと言っておかわりしてくれました笑至高シリーズこれからも宜しくお願いします
0.91752577,一昨日作ってみました妊娠中の為お酒が飲めないのでちょっと味付けがしょっぱかったですがうどんにかけたら丁度良かったです美味しくいただきました
0.917461237,おいしー今まで適当に作ってた豚汁は一体何だったんでしょうか
0.917348056,素人に三種のyoutube動画が配られましたがどれが旨いか解からんぞここ一番再生回数ですけど怪しいですが見て楽しいです
0.917231538,これは味噌汁とは完全に作り方が違う脂を活かした豚スープじゃんねラーメンとかそっちに近い豚汁の概念が変わる一品
0.917086034,何品か作ったけどリュウジさんのレシピはハズレがないっすこれからもヨロシクお願いします⌒ー⌒
0.917078126,リュウジさん始めまして◎ニンニク生姜入りで香りを楽しむ豚汁宮城県民ソウルフード豚汁はカレーの様に十人十色ですね
0.917037385,野菜が苦手な子ども達も美味しい美味しいとゴボウも残さずぺろりでした流石リュウジさん酔っててもいい仕事し過ぎです我が家のレパートリーが0つ増えましたありがとうございます
0.916991399,我が家の豚汁はこれになりましたもう何度作ってるか分からない旨味が爆発してて大好きな味です
0.916733477,何故かわからんけどネギを最後に入れる前と後で別次元の味がした
0.916670848,今作っております㎩㌉㇋乾杯も一緒にさせてもらいました先生の料理は簡単に作れるし味も間違いないんでいろいろ作らせてもらってます
0.916642552,お酒作りながら作ったらべろべろに出来上がりましたが豚汁も美味しくできましたごぼうはアルミホイルこんにゃくはぬるま湯と楽ちんで作りやすかったです
0.916519091,このレシピで忠実に作ってもらった不味かった何時もの味噌と和風だしだけの豚汁の方がズーッとうまかった味醂入れて美味しい訳がない
0.916442637,私が今まで作ってた豚汁は具沢山のみそ汁だったんだ気付きました
0.916438264,巨神兵では無いかなあ豚汁作りたくなってきましたよ
0.916357704,今から作るうぅ真夜中二一人で料理作るとストレス発散出来て心も体も満たされるうぅ
0.916354034,昨日豚汁自己流作ったのですがほぼほぼ作り方似ててあたしも天才だったわって思いましたただ違っていたのはこんにゃく手でちぎってあー爪ん中また黒くなんなーって思いながらやめなかった今度からはスプーン使います
0.916044621,作ってみましためっちゃ美味しくて感動しました動画も面白いし最高です
0.915921601,我が家では里芋と厚揚げも入りますにんにくは入れたことなかったので今度やってみるのが楽しみ
0.915787348,作って食べてみたら超絶美味しかったです至高の豚汁をありがとうございます
0.915786481,ウチのおかんが豚汁は具沢山な方が美味いと言っていつも具沢山な豚汁作ってくれてたのを思い出しますニンジンゴボウこんにゃくがたくさん入ってた記憶がありますね
0.915766717,料理は上手いけどアル中はそれ以上アル中で人生を終わらせそう
0.915704257,日本人の夫のために作ってみましたレシピありがとうございます
0.915672667,動画見て母に作ったら美味しいって言って喜んでくれましたありがとうございます
0.915655836,この分量は何人前でしょうかご返答頂ければ幸いです
0.915603472,白だしみりん酒生姜ニンニクこれは豚みそ鍋では無いでしょうか
0.915561278,タイトル可笑しくない肉入り味噌汁じゃないとか言ってる意味がわかんないただの豚汁じゃんでもただの肉入り味噌汁って言うのもありかも私は豚汁に味噌は使わないし
0.915558754,作りましたおいしかったですダシ入り味噌だったので大さじ0杯にしてみましたがとてもいい感じでした
0.915546478,にんじん皮つき賛成たいがいの野菜は皮つきでいいようまいし栄養価高い皮剥く時間もったいないしゴミ出る特別な訓練受けてるので大さじ0がわかるんだどこで訓練開催してるんだろう
0.915538485,お酒飲むところホント少年のように楽しそうだから見てるこちらも楽しくなる
0.915445928,産まれて初めて豚汁を作ったんですけど人生で0番美味しい豚汁が作れましたありがとうございます
0.915418657,コンニャクが無かったので食感とカサをだしたくてきのこ入れたらさらに旨み昇華した件
0.915250596,これ作ったら彼氏が0日くらいあの豚汁美味しかったなぁって何度も伝えてくれましたこれからもついていきます
0.915170425,ゴボウの灰汁を取らないのが勉強になりました豚汁大好きなので里芋も入れちゃうタイプです
0.914975457,めっちゃ美味しかったです自分が作ったとは思えない笑今までは肉だけ焼いて後の野菜は煮るだけでしたしかも味付けは出汁と味噌だけ美味しい作り方教えてくださってありがとうございます家族の反応が楽しみです
0.914962095,こんにゃく洗ってる時のスポンジのボコボコ具合に何か安心するし酒メインで色と物あるのも親近感
0.914926545,最近知って過去のものも見させてもらってます味付けも家庭にだいたいあるもので参考になりますしお酒に合うところが我が家にマッチしてます応援してます
0.914888703,こんにゃくを包丁じゃなくスプーンで切る所やゴボウをアルミホイルで洗う所など目から鱗でした勉強になります
0.914881736,これと白米と親父特製の漬物で幸せになれたこの豚汁すごい美味しかったです
0.914870161,お願いします里芋を入れて下さい更に最高に美味しくなりますよ
0.914819626,今までの豚汁の中でピカイチの美味しさです毎日リュウジさんレシピで自炊にハマりまくりです豚汁革命です
0.914704932,豚汁やった時にこんにゃく入れたんだけど変な味変な食感になった思い出がある洗わないでそのまま使ってた
0.914698628,美味しそう作ってみようこの動画を見ながらハイボール飲んでます
0.914659084,仕事の休憩中に音無しで見てても面白い
0.914640799,これは旨そう味噌汁としての家庭の豚汁とは全くの別物ですよね胡麻油とにんにくが香る豚汁はめちゃくちゃ飯が進みますよね
0.914629647,テレ東で見て食べたくなって復習しに来ましたー
0.914622282,作りましたリュウジさんのレシピ簡単で大雑把で大好きです豚肉手でちぎるとことかいつもほろ酔いで作るリュウジさんナイスです
0.914544379,リュウジさん今日作ってみたらめちゃくちゃ美味しかったですなんというか濃厚で今まで食べたことない旨味でしたにんじん苦手なのですがこの豚汁ならにんじんも美味しかったこれからもリピートします好きだった豚汁がもっと好きになりました
0.914542908,今年もまた作りました本当に美味しいです後入れのねぎ瞬間に香り立ち上がってはぁ最高ってなりました
0.914455218,今日はさつまいもとすいとんを入れてみました色んな具材を入れて作っていますがこのレシピが0番美味しいです
0.914318056,旨すぎて週一で作ってます本当にこれメインに出来る旨さですいつも美味しい料理を教えてくれて本当に有難う御座います
0.914001621,具材も美味しいけど汁もめっちゃうまい砂糖なんて入れてないのになんでこんな甘いんだ今までうちの奥様の作る豚汁が一番だったけどうわ何をするgふぁdjyぁfぁ
0.91398406,この豚汁美味すぎるご飯なくてもこれ単品でうまい
0.913651698,いや驚いたすばらしいです美しい自分の作り方に何足りないかわかりましたありがとうございます先生自分が作っていたのはまさに豚入り味噌汁だったのですねビバ至高
0.913447984,アクを取らない事とにんにくを入れる事が衝撃でした作ってみますー
0.913368979,リュウジさんへの禁断の質問芋煮と豚汁ってなにが違うんですか岩手県民
0.913189996,もうこの豚汁がないと生きていけない身体にほんとに大好きなレシピこのレシピに出会うまでは豚汁の具の水煮に適当にお肉ぶっこんでたけど手間かけて作るとこんなに美味しいんだなって驚きました
0.913070297,この豚汁を彼に作ったらまじでおいしい人生の中で一番と言われ何回も作っていますありがとうございます
0.913064763,豚汁に炒めたりみりん入れたりしたことないから試してみますちなみに我が家はじゃがいもや山芋など芋系も入れてます
0.912960026,美味しそうこれが豚汁と豚の味噌汁の違いだったんですねさっそく作ってみたいです
0.912823742,か肝臓が心配になって来ました汗
0.912775389,美味しそうですねうどんを居れても美味しそうですよ
0.912727851,これは大体何人前になるのでしょうか
0.912318381,いや侮ってましためちゃくちゃ美味しいもうこの作り方以外したくないです笑教えて頂いてありがとうございます
0.912119392,今まで食べてきた豚汁のワンランクもツーランクも上を行く豚汁で美味しすぎましたもっと寒くなってきたら週0で作りたい
0.912084631,0いやいや巨神兵バツです笑ラピュタのロボット兵のとっくり可愛かったです豚汁もめちゃくちゃ美味しく作れましたー
0.911939472,りゅうじさんレシピはよく活用させてもらってます今日は豚汁を動画みて作ってみたらめちゃくちゃ美味しかったですこれからもりゅうじさんレシピ活用させてもらいます
0.911814716,灰汁って旨みでもあるとテレビの料理番組で言ってました取りすぎても味気なくなるそうです
0.91179651,汁物レシピの中でがちでこれがいっちゃん美味しい今日も美味しく出来ました
0.911784152,このレシピ最高で何回も作ってるけどリュウジから悪魔ってワードが出てきててまた変なやつに目つけられないか不安になった
0.911761434,完コピしましたゴボウをごま油で炒めるの缶ビール本当に美味しいですねまた作ります
0.911717848,初めて豚汁を作りましたが肉入り味噌汁じゃない本物の豚汁こんなに美味しいのかと感動でしたありがとうございます
0.911568279,りゅうじさんうますぎです海外留学中のためこんにゃくごぼう白だしと酒は無しでやりましたが普通においしくて感動しましたりゅうじさん一生ついて行きます
0.911558664,久しぶりに豚汁作りました豚の脂の旨みが効いてめっちゃ美味しかったです
0.911531701,ウォーズマンの間違いを概要欄で真摯に謝罪してて笑った
0.911526444,巨神兵の徳利めっちゃ可愛いですねそして豚汁美味しそうすぎますいつも簡単味噌汁だったので次は豚汁に決まりです
0.911421033,リュウジさんのおかげで思いっきり料理に目覚めました笑いつも美味しそうでワクワクをありがとうございます
0.91134764,私もお酒飲みたくなってきたやっぱり豚汁には里芋を入れたいです
0.911168729,今度初めて豚汁作るので参考にさせてもらいましたありがとうございます
0.911051152,これ作ってみたら豚汁はパパが作るのものになってしまった゚゚д゚゚
0.910929161,リュージさんお願いだから始まるときのリュージでーすって大声出すのはやめてほしいその時だけ凄い音量なんですよ壁の薄い家の部屋だから聞こえてしまうよの
0.910887444,リュウジさんと友達になったら絶対楽しいと思うんだよねいや友達までいかずとも一緒に飲むだけで絶対楽しい
0.910778972,今日このレシピで豚汁作ったら家族に大好評でしたすごく美味しかったです
0.910585763,ただ料理してるのではなく飲みながらでも抜けなくコツやポイントなどを分かりやすく説明してくれて凄い今度作ってみます
0.910558459,この豚汁は何度作ったか分からん笑気が付いたら0万再生してるし
0.910430525,ばーちゃん作り置きの豚入り味噌汁玉ねぎ人参豚豆腐をこれを参考にリフォームしてみたら見事豚汁になりました劇的ビフォーアフターすぎる
0.910357629,朝から作ってますみました本当に初めてこんな美味しいの作れて感動しましたありがとうございます
0.91022769,こんにゃく→木綿豆腐大根→里芋に替えて作ったけど本当に毎日食べたいぐらい美味しかったです
0.910181772,作りました豚汁にこんな作り方があるんですねしっかり濃厚でパンチがあって大満足でした灰汁を取りたくなるのを我慢ほんとに気にならなかったです
0.910158683,ごぼうは酢水などで灰汁抜きしなくても良いんでしょうか豚汁作るときにいつもやってました
0.910041862,料理のアクを灰汁と表記するのは間違いでしょうそれは別のアクです
0.910025666,楽しくお酒飲みながらっていうのを見たら料理の楽しさが伝わってきますね
0.909960609,男の僕でも何とか作れました子供と食べましたが美味しかったです
0.909951194,レシピに忠実に従い作ったら激ウマでしたアリガトウ
0.909903401,何度目かのリピですレンコンとかさつまいもを入れてもすごく美味しかったですいつも美味しいレシピをありがとうございます꒳リュウジさんのレシピ以外作らなくなってしまいました笑
0.909767302,估计会很好吃我明天试试
0.909653069,作るの0回目ꉂˊᗜˋおいしすぎぁ
0.909512368,楽しく料理してるのがこちらにも伝わり美味しく見えるこれも才能ですね
0.909432349,のではとても不快ですのでは使わない日本語を勉強してはどうですか
0.909425334,ゴボウから炒めるんですねー知らなかったにんにくも入れるんですねーびっくり至高シリーズリュウジさんの知識大放出で好きですーしかも豚汁大好きなので絶対作りますー私は厚揚げとか白菜とかサツマイモとか入れることもありますー日本酒注ぐ時の表情ほんまに嬉しそうノ
0.909394551,明日作るの決定ちなみにキノコ入れるなら何がいいですか糖尿病なので至高の糖尿病レシピお願い致します
0.909325595,私かおりこの動画何度も見てるし何度も作ってるけどその度にかおりって呼ばれるの忘れててビビってしまう
0.909298302,実家はコンニャクじゃなく白滝だったよ後しめじとあー食べたい
0.909228303,なんかまじで野菜炒めで食べるとこんなに量の野菜食べきれないのに豚汁に化すだけでたくさん摂れるのはうれしいよね
0.909220396,美味しくて至高の肉じゃがと共に週0のペースで作っています一人で食べ切るのには量が多いですが間違いなくお酒にも合うし食事がいつも幸せな一時ですありがとうございます
0.909218658,料理する人大さじ0とか計ってる人見た事ないって言った後に計量スプーンで計ってるリュウジさんを見て笑えた
0.909153045,ご飯の炊き方きのこ汁ときてこの豚汁の動画見てあー作りたいって思いました私もハイボール飲みながら作ります
0.909129713,夫にめちゃくちゃ喜ばれましたリピ確定
0.909078213,急に豚汁作りたくなって豚バラの代わりにベーコン使ったんですがこのレシピのおかげでなんとかなりました
0.909033924,僕の下処理に爆死しましたからの僕も調理
0.908908821,0歳二児の父一品でも子供達にご飯を作ってあげたくてやってみますまずはハイボール買ってきます
0.908744089,すんごい美味しい豚汁が作れました今まで作ってたのは豚肉の味噌汁だったんだと実感です
0.90863244,バスレシピも買ったし0回以上作ってますけどやっぱり忘れるから動画みにきてしまう
0.90861392,うちは豚汁に玉ねぎ入れてますね
0.908597219,初めまして今日初めて作ったのですが0分煮込んだ後出汁が殆どなくなってしまったのですがあってますか不安になってしまい水を0ml足してしまったのですが大丈夫ですか
0.908539659,独立した子供たちが母の日に集まってくれたので作りましたみんな美味しい美味しいとたっぷり作ったのがあっという間に空っぽやっぱり母さんの料理は最高だねーと褒めてくれましたありがとうリュウジさん
0.9085017,俺たちが食べてたのは肉入り味噌汁だったのかリュウジさんありがとうハイボール飲みながら作ります
0.908454177,飲みながらするのは感じがわるいです見ている人をばかにしているようですやめて下さい
0.908365252,豚肉ごぼうねぎしようがの香りが本当に良かったです美味しくて感動しましたありがとうございます
0.908331958,必要じゃない事を絶対しないタイプ俺と同じで共感但し必要じゃない判断が時間違っている事が笑
0.90831109,自分が料理上手になった錯角をおこします
0.908246928,この酔っ払った時に解放されて気が大きくなる感じ凄くシンパシーを覚えます
0.908178391,ihだと焦げ目がつかなくてどうしたらいいでしょうか美味しい料理が作れなくて困ってます
0.907894387,いつも楽しく拝見してます大量に作る時にニンニク生姜も単純に倍になっていくのでしょうか
0.907650186,0豚汁と日本酒が一瞬でバルスします吹き出してしまった
0.907641773,コクが足らない感じで本ダシ入れました
0.907533643,具材そのままやいろいろ足したりしてるけど確かに至高であり嗜好
0.907476705,野菜の甘みと豚肉の旨味が出てとても美味しく出来ました
0.907468385,おいしそうな豚汁は栄養満点ですねおいしそうなリュジサンを見るとこれは作らないとね
0.907336973,リュウジさんの動画見るようになってある程度までなら焦げも旨みになるって知ってから味の深みがまして美味しくなった
0.907218878,何度か作っているけど少し手抜きしてしまうと美味しくなくなる忠実に作るとめっちゃ極旨やっぱリュウジさん凄い
0.907197044,お肉を手でちぎる斬新ですが結果美味しそうな豚汁ですね
0.907038281,乾杯のリュウジお兄さんカッコいい味噌の香りを嗅ぎながら飲む時とのギャップ笑笑
0.906950734,これ豚ホルでも美味しそうね
0.906912444,一人暮らしなので分けて食べるつもりで同じ分量作りましたがあまりにも美味しくて全て食べ切ってしまいました自分史上一番美味しく作れました
0.906782433,これは美味しそうですね作ってみたいと思います
0.90657439,今まで作っていたのはまさしく豚肉が入った味噌汁だったと実感しましたお兄さんありがとうございます
0.906513312,豚汁がお店の味になった流石だわ
0.906456258,他に何入れたほーがいいのかぁ←個人的には油揚げ入ってて欲しいすあかんぱーい
0.906433004,スプーンで千切ったり野菜を大きめに切っておくと野趣溢れる感じで旨い
0.906371697,材料見る時点で肉の割合が多いのだから誰が作っても美味いだろと言いたくなる悪く言えば単なる人真似料理だよく言えば自己満料理である
0.906277768,ヒロミさん伊代さんの為にこの動画みてマネして作ってましたねヒロミさんとコラボしてほしい
0.906271255,豚汁にニンニクは個人的に意外でした明日作ってみます
0.906111622,レシピに追加で白菜0入れて作った美味しかった味噌汁に白だし入れるって新鮮だったけど旨味も塩気もしっかりプラスされて納得
0.90606147,酒を飲みながら料理は楽しみながらやるものって最高ですこれからも楽しみにしております
0.905749902,リュウジさんなしでは生きていけません今日も家族から大絶賛でした
0.905744212,なんでいつもこんなグダグダな人のを見て元気が出るのかいまだに不明なんかニヤニヤしながら見てる自分が怖いで実際にすごく参考にしてる
0.905627968,旦那に毎回美味しい最高やなと言われるからありがとうと言ったら嫁じゃなくてリュウジやけどなと言われます笑リュウジさんに感謝とともに嫉妬します笑ありがとうございます笑
0.905473387,昨日作って今日も飲んでるけど味しみっしみでまじ美味しい旨味がすごい
0.905456671,本当にアルコールが好きなんですね酔わないのが∑0o口o0スゴッいつもどのくらい飲むんですか飲むスピードが早いからビックリちゃんと最後まで酔いながら調理するのが凄くてお口が開いてしまいます
0.905405252,昨日作って食べて感動しました彼氏も両親もこれ美味しいってずっと言いながら食べてくれましたありがとうりゅうじさん
0.905374821,久しぶりに豚汁見ました豚汁に白菜入れると美味いっすよ
0.905133772,至高シリーズ最高です今月すでに我が家の食卓に豚汁0回登場しました
0.904930908,日本酒が合うと聞いて作って日本酒飲んだら不思議とこの量の豚汁ぺろりと0人で食べちゃいました日本酒との相性抜群です
0.904925254,もう何度作った事やら笑飲まなくても好評ですですが呑んで作った方が旨いです
0.904915885,はい最強の汁物のレシピ頂きましたーありがとうございまーすゴボウは必須なのは本当ですねーゴボウ入れないと豚味噌汁なんですよね香りと旨味が段違いです
0.904898543,お肉ちぎって自分も入れてていいのかなこんな適当でって思ってたんですけどリュウジさんもちぎってて安心しました笑
0.904806926,りゅうじさん楽しい料理は勿論のこと美味しいけどたとえ料理しなくても見てるだけでも楽しいのです
0.904803127,世界の料理ショーを思いださせる演出です美味しい料理は元気の無い人を元気にしますねいつも楽しいレシピありがとうございます
0.904775951,あのこれ次の日うどん入れたら超絶うまだった∵
0.904686648,リュウジさんの動画見てると料理よりも飲酒したくなるから良くない
0.904683585,妻から今までで一番うまい豚汁との言葉を頂きましたいつもありがとうございます
0.9045981,今まで作ってた豚汁は何だったのかってぐらいめちゃくちゃ美味しかったです信者になりそう
0.904542843,乃木坂配信中から来た人
0.904353378,うちはこの材料の他に里芋と油あげと豆腐を入れます
0.904332505,至高シリーズシラフでやるんじゃないんだそしておまけの食材がメインの食材じゃない不思議
0.90417098,今日作りました正に至高の名の通り美味しくて好評でした
0.903857921,めっちゃ美味そう豚汁好きやしありがとうございますアル中クズグラス再販希望致します
0.903608183,普段あまり買わない白ネギを買って作ってみました家族に大好評でしためっちゃおいしかったです
0.903441136,納豆に豆板醤はあうけど豚汁電子レンジには会わない希ガス
0.903413607,0お酒好きなリュウジさんだから北海道のお酒意識したのかな笑
0.903386376,初めて見たけどめちゃ飲むやんそして謎の声優感
0.90336217,いつも作りたいなと思って見てますでも家族分だったり0人だったりを作りたいので何人分のレシピなのかだけ毎回書いて欲しいです
0.903301786,里芋を入れるならどのタイミングが良いでしょうか沢山頂いたので使いたいなと思いました
0.903271242,食いてぇ作り方かなり似てる俺は味噌は煮込みと仕上げと0回にわけて入れてるよ
0.903075024,ヒロミさんが作っていた豚汁から見に来ました作ってみます
0.903049021,自分はコンニャクをちぎる時瓶ビールのふたを使ってちぎりますギザギザ断面ができて味シミまくりです
0.902911968,個人的に里芋入りは必須ですね
0.902852116,なんだコイツ酒呑みながらレシピ紹介しやがってと思ってみたのが数週間前近頃大好き過ぎて辛い
0.902822277,とても家族に好評でした味に深みがあってとても美味しかったですまたリピします
0.90266261,山下美月さんがyoutubeでバズレシピやっててめっちゃ呑みながら料理するなって思ってたけど本家みたら納得した
0.902460798,用意する物が最初からハイボールでおまけの食材は笑えた
0.902438092,豚汁はもうこのレシピでしか作らなくなりましたたっぷり生姜とニンニクいれても小さな子供も食べてくれます
0.902431959,油の時は強気だが調味料はしっかり量る料理人の鏡
0.902414241,至高シリーズで珍しく最初から飲んでると思ったらいつもより調子良かったですね
0.902280386,何度も作ってます最高に美味しいです今度義家族が来るのでその時も作ります
0.902252959,おおー昨日作って今日食べようと思ったら奥様が朝昼でほとんど食べててビビった次は倍仕込もう♫
0.902170234,たんたんたんたんたんたかたんに思わず酒かよってツッコんでしまいましたてかめっちゃ呑みますねより酔っ払ってる日の方が意味わからんけどテキトーでおもしろいです笑笑でもいつもおいしそうですね皮もむかなくていいしめっちゃ楽そーなんで私も作ってみようと思います
0.902078881,釣られて飲むわ
0.90194604,料理好きの男友達は黒っぽい灰汁は取るけど白っぽい灰汁は取らないって言ってたあたしも真似してる
0.901840551,優しいお兄さんぽい人がバリバリ酒飲みながら作るのあの人を思い出して好き
0.901788719,私はお酒飲みません仕事に専念してください
0.901715629,作りましたすいとんが食べたくなったので別の鍋ですいとんを作って食べる時に一緒にしましたとても美味しかったです
0.901705408,リュウジお兄さんtitterフォローしてて動画は見てなかったんだけどめちゃくちゃ面白いな笑笑
0.901518601,私は里芋も入れて圧力鍋で作ります腸内の善玉菌がいつも喜んでます
0.901510336,とっくり巨神兵じゃないよね巨神兵はナウシカこれラピュタの兵隊酔っぱらいすぎ笑
0.901466713,料理の上手い人はリスペクトしますリュウジさんとは立場が違いますのでなんだろうなおれてきには飲んで乗っていかないとはっきり言ってめんどくさくて飲んだ勢いで料理します個人的に料理は大変だけうまくなりたいうまくなりてー
0.901405271,敬意を持って豚肉を調理して欲しい
0.901273981,私が今まで作ってきたものはきっと豚汁ではなかったのだな
0.90126398,店で売ってるゴボウは収穫してから日にちが経ってるから硬い採れたてのゴボウはすごく柔らかくて噛みやすいよそして美味しい
0.901247519,炒めるのが重要なのか確かにうちのは肉入り味噌汁だった
0.901230332,豚汁大好きなので至高の豚汁なんて出してもらえたら良いなぁって思ってたら最高です本当に美味いです
0.900923508,すり下ろした生姜の入った豚汁が好きなので寒くなったら生姜もいれてやってみたいです∩˃˂∩
0.900876353,先に炒めるですねやってみますニンニク生姜ゴマ油メモりました
0.900837847,これさっき作りましたが人生で0番旨くて笑ってしまいましたヤバすぎますこれだけでお店出せますわ
0.900610383,ラピュタの飛行ロボット兵だと思います近所のトンカツ屋さんの味噌汁が豚汁ですっげ美味いです
0.900302606,メモ味噌がだし入だと白だし大0でも多かったみりん酒は大0でいい感じ
0.900068832,どうせアク取りすぎるんだろと思ったらちゃんとアク残してるのは本当に共感できて素晴らしいと思った
0.900019541,ここまで具が多いなら最初から鍋使った方がよかったような他にも細かい事が色専門家にも色いるんだねバズるかなぁ
0.89996234,料理のお兄さん料理ですに全て奪われた
0.899826868,食べた瞬間にやけてしまいましたそれ程に美味しいまさに至高リュウジさんに出会えて良かった
0.899419303,このレシピが本当に美味いから何回もリピしてますお肉は豚ひき肉で作るのも好きです子供が食べやすいいつも美味しいレシピと飲酒がすすむ動画ありがとうございます
0.899251792,材料紹介0調理開始0
0.89903607,このレシピは何人前でしょうか
0.898933124,旦那のために作りました美味しいって言ってくれましたリュウジさんありがとうございます
0.898835384,いつも楽しく拝見させて頂いてますリュウジさんって嫌味がないからいいですよねちなみにですが今度はウイスキーでなくブランデーのソーダ割りを試してみてくださいウイスキーよりいけますよ
0.89873327,観てるだけで幸せ自分で作ってみて幸せ人に作ってあげたら至高の幸せ
0.898699477,こんな寒い日は豚汁だね今日はみんな揃って夕食美味しい豚汁食べて話しも弾む最高いつもありがとうございます
0.898628179,どうも料理のお兄さん料理です酔ってんだよなぁデロデロに
0.898452615,うちも同じく生姜とにんにくメッチャ入れますカレーも豚汁も刺激あって美味しいですよね̇̊ʚ꒳ɞ̊̇
0.898422337,今まで味噌を入れたら煮込んでダメだと思い込んでいました凄く美味しくできましたありがとうございます
0.898398052,動画冒頭から出来上がってるのは本当に素晴らしいとおもいました
0.898373505,これ見て作りましためちゃクソうまかったですでも母ちゃんの豚汁にはかないませんでしたなんででしょう
0.898338739,味噌最初の方に入れるんですねやってみます
0.898105356,とうとうアイドルまで触手が伸びてますねいつかはコラボなんて出来たら面白いだろうな
0.898100854,仕事中は酒飲むな
0.898019585,大爆笑しちゃいました笑えて料理も覚えられて最高です
0.897995692,本当に美味しかったです生姜とニンニクたっぷり入れると美味しかったですミョウガを加えて頂きました
0.897973345,テレビで見て早速作りたいと思いました
0.897972892,0ちょっと火を沸かしている間に僕も沸かしていきます何回見ても意味わからんくて好き
0.897601697,この人の料理初めて見たけど好きやわぁ登録させて頂きました
0.897478481,それ一品で米が掻き込める豚汁ってまさしく至高だよね
0.897465217,ずっと気になってて今日初めて作ったけど今まで作った豚汁の中で一番美味しいいつもありがとう
0.897443445,美味しそうですね動画もお酒飲みながら面白いですレシピは割と普通ですね
0.89741215,落ちた野菜は洗ってリバースこういう人が好きです
0.897397836,0歳児のパパです育児休暇中にパパ料理としてとても参考になりましたありがとうございます
0.897343296,使っていた金属製の擦り下ろし器凄く欲しい
0.897302935,酔ってるとさらに愛おしさが増すのはなぜだろうリュウジさんに沼ってるなこれは
0.897286992,キャンプ料理で最高に喜ばれました
0.89728442,作って食べてみたら感動する位美味しかった汁飲んだ瞬間鳥肌立った
0.897169971,こんにゃく手でちぎると黒いのがツメに入るってのすごいわかる
0.897070032,白鶴の純米山田錦はそこら辺のスーパーでも売っていたりますが原酒はなかなか無いですよ
0.896977782,よくコストコで見かける大量のシャウエッセンを使う動画をで゚゚∵グハッ
0.896952927,こんにゃくをスプーンでくりぬくとかゴボウはアルミホイル丸めたやつで洗うといいとかそういうちょっとした小技を知れてほんと勉強になる
0.896925612,乃木坂0の山下美月ちゃんの動画から来ました
0.896905186,ほんとに美味しい最後のニンニク最高今からの季節これで決まりいつも美味しいレシピありがとうございます
0.896884519,愛知県民で我が家は白味噌全く買わないけどこのレシピのためだけに買うか迷う
0.896839589,至高シリーズでは呑まないとはなんだったのかいい意味で
0.896771715,やっと言うてくれた笑料理のお兄さん料理です笑
0.896622383,豚味噌汁じゃなくて豚汁になりましたそれもとびっきりの本当美味かったお見事
0.896575626,今日作りましためっちゃ美味しかったです家族みんな喜んでたのでまた作りますほんとに今まで食べた豚汁の中で一番美味しかったです
0.89655917,何度も作らせてもらっていますごぼうが本当に美味しくてハッとしますすりおろしのにんにくとしょうがも最高です楽しくて美味しくていつも感謝ですリュウジさんありがとうございます
0.896182129,この前作ってみましたがめっちゃ美味しかったです今日も作ります
0.896122598,これはお金払う価値はあると思います
0.896068438,思ったより水分が飛んでしまったとはいえ美味しかったです
0.896045557,これまじで美味しいから全人類作ってほしい
0.896036696,最近はリュウジさんの動画見ながら晩酌というパターンが多いのでカンパーイやってくれると嬉しいです酒が進みます
0.895972569,乃木坂0山下美月ちゃんの動画から来ました
0.895808824,りゅうじあんたスゲェよこれは美味すぎるよ
0.895658363,突然のムスカそしてお兄さんの可愛い乾杯最高の豚汁最高やないか
0.895638439,洗い場のスポンジのヘタレ具合がより親しみを感じさせる
0.895597545,今日最高気温0°cだったけど久に食べたくなって作りました
0.895539841,ブラジルからフォローしてますっていうか本当に料理の教え方最高におもしろい
0.895496464,ごぼうが最初で豚肉勉強んなりました
0.89527598,本気で酔っていきながら料理するスタイルtvでは絶対見れないので見てて楽しいです
0.89524335,この豚汁はまぢうまい何か難しい事をさせるわけでもなくちょっとしたコツでこんなに美味しくなるなんて
0.89493875,どうもー料理のお兄さん料理です0回みました
0.894866629,にんにく生姜抜きでしたが美味しかったです寒い朝に作ってホクホク大好評でしたありがとうございます
0.894675042,悪阻でも豚汁は食べれるので明日作ってみよー
0.894618472,こちらのレシピでもう0回も作りましたまた次もこのレシピで作ろうと思っています美味しいですありがとうございます
0.89451057,乃木坂0の山下美月さん絶賛の豚汁ですね
0.894470495,こんだけ飲んでも潰れること無くちゃんと料理の解説できるのが凄いです飲みっぷりが見てて清しい
0.894325431,注意事項としてニンニク生姜は極ごく僅かにしないと豚汁としての味ではなくなると思うそもそもいらない
0.894092131,具材を炒めて作ったことがなかったので作って見ます有り難うね
0.89405202,アルコール飲み過ぎで真面目に取り組んでもらいたい仕事なんですよね
0.893641398,これが私が食べたかった豚汁です厚揚げを入れて作ったのですが最高に美味しかったありがとう
0.893635878,この香りでもう一杯とか自然な流れで酒ぶち込んでくるの毎回面白い飽きない最高
0.893331035,巨神兵ではなくロボット兵です笑豚汁作りましたがめっむっちゃ美味しくできました
0.893282921,今料理中0分待ちのところいい匂いすぎてお腹なる
0.893247642,コイツ鼻汁王子に似とるやないか
0.893205433,めちゃくちゃ美味しいもっと早く見ときゃ良かったー祝豚肉の入った味噌汁卒業全然違う
0.893100808,純米酒が好き私も純米酒が好き思いもよらぬ嗜好のマッチでチャネル登録しました
0.893083412,豚汁が飲みたくて作りましたが本当にコクがあって美味しくて感動至高でした
0.892945103,めちゃくちゃ美味かったですこれキャンプで作れたら最高ですね̇꒳​̇
0.89265498,これからビールの季節ですしぜひ至高の餃子も見たいです
0.892559404,昔父も言っていた灰汁も旨味のうちだって思い出したよ
0.892476893,勘違いする人多いけど巨神兵はナウシカ徳利のやつはラピュタのロボット兵です
0.892439365,カメラの前にちょっと飲み過ぎじゃなそんなに飲まなくても楽しいビデオできるよ
0.892104059,作ったけど美味すぎた豚汁は一生このレシピで作ります
0.891919991,かます亡くなったうちの親も言ってました宮城出身なんだかほっとするような涙が滲んだ豚汁でしたちなみに我が家は豆腐も入れます
0.891894959,この程度で至高って知らない事は幸せですね
0.891643357,今日も安定のニンニク利用ですね美味しくなる元すぐにんにくきらしちゃいます使わなそうなウスターとか中華味を使うレシピなんかあると助かります
0.891531871,去年の冬に0回以上作りました今年も作りまくろうと思います
0.891474491,最近作りました味付け美味しくてご飯が進みました笑にんにくがきいて美味しかったです
0.89146249,それは巨神兵ナウシカではなくラピュタのロボット兵ですね
0.891409341,今夜は豚汁予定だったので参考にさせていただきますあかんますは栃木でも使います
0.891343918,私は里芋厚揚げ椎茸もいれます具が多いとさらに美味しくなります
0.891337627,誰も突っ込んでないですが徳利は巨神兵じゃなくてラピュタのロボット兵ですよね
0.891257951,美味しすぎたごぼうとネギごぼう0本しか入れなかったけどもっと入れるべきだった
0.891245049,なるほどリュウジさんの言う豚汁とは味噌汁ではなく味噌煮込みという感じなわけだ
0.891206733,久しぶりにまた真似して豚汁作りましたまぢで美味しいˆˆ
0.891000423,これは素晴らしい豚汁ですねぇ早速作ってみたいと思いますいつも素敵な動画をありがとうございます
0.8909599,君の瞳にkp
0.890854119,料理のおにいさん料理ですオープニングからめちゃくちゃ面白くて引き付けられます料理が苦手でもとっても美味しく作れましたかしこまった感じじゃなくてやってみようと思わせてくれるチャンネルでとても楽しいです
0.890655316,豚汁は我が家もみんな大好きなので今度このレシピで作りますカンパイ私もとってもいいと思いますいつもカンパイってやってほしいです
0.890578207,今日作りました料理酒なかったから入れてないけどでも美味しかったですo普段なかなか採りにくい根菜類も採れるし確かにこれだけでおかずになる位具沢山で美味しいですねキノコいれてもいいかも
0.890525992,手を抜けて期待値の斜め上を行くとか天才だと思いましたー
0.890274207,キノコ類入れると凄く美味しくなるよ是非やってみて
0.890251806,大さじ入れるときに料理酒だけはやや多めに入れてるように見えたさすが飲んべえ
0.890079608,リュウジさんリアルで見たんだけど飲み屋でyoutubeで酔ってるの演技って言っててなんか萎えた
0.89004078,真似して作りました彼氏に褒められました
0.889929872,豚汁と生酛づくりの日本酒で熱燗やってる時が日本人で良かったと思えます
0.889919555,今日の僕は本気ですキメっからのグビっといくシーン編集最高です笑
0.889917843,巨神兵の徳利超欲しい
0.889717729,至高シリーズはりゅうじ自体が至高だね本買ったよーこれからも頑張ってね
0.889692309,楽しそうに料理して楽しそうにお酒飲むとこすっきー
0.889640208,こんなぶっ飛んだ料理動画面白すぎてやめられないです笑でもちゃんと為になるってゆーハイブリッド
0.889530638,もううちは至高シリーズで生きてる気がします
0.889516259,今日作ったら美味しすぎて発狂しましたまた絶対作ります
0.889494581,これは美味いニンニクと生姜が良かったです
0.889494581,これは美味いニンニクと生姜が良かったです
0.889384584,家で言われる通りに作りましたもの凄く美味しいですありがとうございました僕が全部作りましたありがとうございましたこれからも楽しみにしています
0.889380711,ありがとうございます訳あって一人暮らしごぼうもネギもおいしく食べられるようになりました
0.889038046,今日の昼に作ってみたらとても美味しかったですまた作ります
0.888973225,単なるアル中元料理人なのはわかったからアル中直してから社会復帰してくれ
0.888927817,寒くなってきて作ってみましためちゃくちゃ美味かったですありがとう料理のお兄さん
0.88892307,パンチがきいていてとても美味しかったです旦那も息子もペロリでしたリュウジさんありがとうございます
0.888548546,味噌は最初にいれるんですねぇやってみます
0.888261486,ちょうどいいくらいに適当だけど適当じゃなくてめちゃめちゃ好き乾杯しながら同じもの作ってます
0.888222023,めちゃくちゃ美味しくできて夫はラーメンボール二杯食べ星0個いただきました笑笑
0.888193882,呑みながら料理はホントに楽しいですよね
0.888176857,アルコールの濃度で完成度が変わります
0.888093762,ごぼうがいいアクセントになって美味しく頂きましたありがとうございました
0.887905591,豚汁は里芋あったら美味い
0.88789766,ハイボール呑みながらじゃないと美味しい豚汁は作れないでしょうか焼酎じゃダメすか
0.887748156,これほんとにおいしい最後のにんにくと生姜とネギが最高だもうただの肉入り味噌汁に戻れなくなってしまったやんどうしてくれるん
0.887610961,真似させて貰いましたなんとも言えない旨みがあって家族みんなペロリでしたゆっけちゃんとまりなちゃんとのコラボ笑いましたー
0.887607818,このレシピ0回リピしてます今回0回目です
0.887549278,今まで自分の作ってた豚汁はなんだったのだろううますぎます
0.887302222,豚汁ってやっぱ根菜の旨味だよな最後にうどん入れて食べる
0.887038678,宮城県民ですかんますとかかったます使いますよ秋口になると豚汁作ります今作ってます笑おかずいらないんだよねちなみに巨神兵←ロボット兵だよ
0.88703263,癖が強いのにうざくない笑笑作るの楽しみ
0.886911056,飲みながら料理する感覚が分かりません真面目にやっていると思えません
0.88679159,祭の豚汁がうまいのは味噌と一緒に長い時間煮込んでるからなのか
0.8857972,うどんにかけて食べたら丸亀製麺超えの味になりました
0.885771098,長芋を入れるのはアリですか
0.885555899,ミルクの粉orクリープ入れるともっと美味しくなる他にも入れると美味しくなる物あるけどね
0.885341642,これから寒くなると汁物いいですね至高の豚汁を作ります
0.885169429,以前今日は私まだ飲んでませんシラフです私がシラフで調理するという事はそうです至高シリーズですなんて言ってた気がするんですが
0.884902424,皆さんは豚汁にさつま芋入れる派ですかめっちゃ美味しいですよね
0.884344425,この豚汁はガチで美味い
0.88430502,いつかガスコンロではなくihで作ってみてもらえると嬉しいのですが
0.884227163,我が家の豚汁はこれになりました
0.884174736,飲みすぎちゃうほど美味しかったさっき作った料理が気になる
0.88410384,次の日がまた美味しいんですうどんとかいれたりして
0.883993421,いつも酒飲んでやってる何のことはないただの酒飲み
0.883977201,ゴボウのあくが本当に気にならないかレシピ通りに作ってみます
0.883957597,ヒロミさんが見て作った豚汁私も作ろう
0.883633527,この作り方は本当に旨い俺も同じように作ってる
0.883578904,ニンニク0片はさすがに多すぎでしたとゆーかない方が良かった
0.883060266,これはガチでうまかった作ったが
0.88304071,豚汁待ってた里芋とか入れても美味しそう
0.883005794,先生バナナはおやつにはいりますか的なノリでハイボールはおやつにはいりますか
0.882912587,巨神兵酔いすぎで適当すぎて笑えました今夜作ってみます
0.88290976,キノコが入ってないですね椎茸必要でしょ
0.882779924,ごめんなさい西日本育ちにはは不味いでしたりゅうじ兄さんすきなんですがこういう地方性があるやつはごめんなさいかなり作ったんで捨てました
0.882758127,簡単美味しそうお酒も美味しそですの
0.882618019,今日は雪が降ってさむいのでりぴしまーす
0.882261646,うますぎて月0で作ってる笑
0.882254386,油揚げいれたらうまそう
0.88213972,めっちゃ美味しかったです家族にも大好評でした
0.881754728,豚汁作りました二日目がまた美味しいこれからも沢山作らせて頂きますありがとうございます
0.881507947,至高の豚汁ねぇ·ならば究極の豚汁とは
0.881446847,白だしがない場合普通のだし入りのお味噌でも大丈夫ですか
0.88137891,わたしもカレーとか煮込み系は灰汁取らない派
0.881347693,あまり料理に知識がないのですがごぼうのあくぬきとかは必要ないですか
0.88125044,このレシピが一人暮らしの今年の冬の最高のお供でした
0.881203149,お酒飲むとき銀色のやつっって言うとかなり斬新だと思います
0.881117404,落ちやつは洗ってリバースは自分だけじゃないんだって安心しました
0.881013724,めちゃくちゃ美味しかったこれは間違いなく主役ですねご馳走様です
0.880971159,やはり豚肉のアクはとってほしいアクは血液
0.880934201,りゅうじさん生まれてきてくださって本当にありがとうございますおかげで毎日美味しいもの食べれてます
0.880785344,ヒロミさんがレシピチェックしてるチャンネルはここですか
0.880783176,ちょいちょい入れてくる酒レシピがハマる笑
0.880482252,夜食にこれとおにぎり作って食べようと思います
0.880393591,あさ開純米酒を飲みつつ楽しく拝見しておりますおすすめの包丁リーズナブルなもの等についても是非ともレクチャー頂けますよう御願い致します
0.879707297,これ私が作ったのってくらい美味しい
0.879305006,妻が丁寧に作ってくれたこの豚汁がとても美味しかったですありがとう
0.879233864,早速このやり方で作りました家族に大好評でした
0.879179039,え千葉もかんます東北の方言だと思ってた
0.879068785,これは絶対旨い
0.879036245,料理初心者でどの工程がガチでどの工程がふざけてるのかわからなかったのでまたしっかりハイボール飲むタイミングまで合わせました
0.878885435,りゅうじさんのチャンネルには本当に勉強になってますペヤング生活から抜け出してます
0.878837023,0回目来ました
0.87878795,個人的に豚汁は里芋入ってるのが好き
0.878630915,酒飲み過ぎ笑だけど豚汁はうまそう
0.878554068,これは何杯分ですか
0.878382486,これもうまいけど牛丼屋にあるようなもうちょい色の薄い豚汁作りたいなぁ
0.878307552,料理のお兄さん料理ですーでやられた
0.878143257,ニンニク入れれば大体美味しいですよね笑
0.878089732,すごく美味しかったいままでの豚汁とは違う白ごはんと豚汁で立派なごはんです
0.878068044,生姜汁って感じで豚汁じゃなかったこれはリピートしません
0.877998275,豆腐入れるとしたらどのタイミングですか
0.877868527,豚汁作ろうと思ったのに大根買い忘れたもう
0.877682405,アク取らずに作ってみましたうっうまいありがとうございます
0.87744616,作ってみましためっちゃくちゃ美味しいです
0.877036517,ウチはお豆腐とジャガイモも入れますね
0.876953513,きのこ嫌いだった子供がもりもり食べておかわりもしてくれましたーめちゃくちゃおいしかったですー
0.876887342,一本目じゃない至高何の次ですかこれ
0.876864722,かんぱいの決め顔笑イケメン路線でいくのですね
0.876520297,0歳のおっさんですこのチャンネルはおじさんが料理を覚えるのに丁度いいです笑
0.876383122,手間かかるな手間がかからないありあわせでないとなプロじゃないし簡単にそこそこ美味けりゃ良いわけで
0.876315256,自分はいつもそこに里芋となめこを入れます
0.876207083,作りました美味しすぎて感動しました至高シリーズ大好きです
0.876187243,さつま芋はいったのも好きなのよねぇ
0.876142392,砂糖は加えなくて良いも美味しいんですね
0.875865007,料理のお兄さん料理で死ぬ程笑った
0.875863731,さっき作りましたニンニク入れるとまじで味噌ラーメンみたいな美味しい味噌味になった
0.875373448,今作りましたなんて美味しい豚汁教えてくれて有難うございます
0.875362181,酒飲み動画として見てますから飲んでくれないと困ります
0.875306994,中0です今日の夜ご飯に家族に作りますうまそう
0.875020133,いやこれは至高すぎるだろ至高シリーズのさらに上のジャンルを加えて欲しい
0.874813931,リュウジさんの廃棄率少ない野菜の切り方が好こ
0.874732128,仙台出身年齢仙台住みだったけどかんますって初めて聞いた仙台弁とかあんまり聞かなくなってるのかな
0.874653697,いつも頬がほんのりピンク色になっているのと出だしの妙に変なテンションが好きです
0.874382783,この丼ぶりは本来何用ですか海鮮丼用ですか
0.874365327,作りましたお肉が柔らかくて味がしみてめっちゃ美味しかったですд
0.874299138,決壊しそうでハラハラする
0.873699355,最初のオープンニングの挨拶だけの動画の総集編みたい少なからず私にとって需要がある
0.873660864,玉ねぎは入れたらどうなります
0.87358386,夜中に見るんじゃなかったお腹すきます明日作ろう
0.873534359,豚汁にまさかのニンニク生姜に白だしさすがりゅうじさんな味付けですねやってみます
0.873462069,今0分煮込んでいるとこですがすでに香りがヤバいー美味しそー
0.873357494,これにうどん入れてもうまそうだなぁ
0.873277032,乃木坂の山下美月ちゃんがまんま作ってたけどマジで美味そうだった本家はもっと美味そうだ
0.87310901,乾杯のところ乙女ゲームの王子様みたい笑
0.873017989,ギョロ店どうしてるギョロ店はばそばそばそ
0.872754679,テレビ○鳥並みに飲んでるリュウジさん好き笑
0.872728986,スタイルアサヒに載ってるとは
0.872681765,ニンニクがどーしても苦手なんだけど入れなきゃダメかな
0.872680065,もう何度も作ってるこれとご飯あれば完全メシ
0.872523868,ひとつ前にしたレシピも気になる
0.872397697,ジャガイモエノキも入れたら0点
0.872380345,冷めても美味しいですお腹いっぱいでもめちゃくちゃ食べてまいます笑鳥汁でもおいしそうです
0.872056572,初めてですが主婦歴0年ですが飲みながらの料理番組めちゃくちゃ楽しい
0.871924418,ネギの青いところ捨てる人いるの食べて当たり前だと思ってたからびっくりした
0.871829943,料理しながら酒飲むのは危険ですマネしないでください
0.871803966,とても美味しかったので0回目作ってますにんにくと生姜がとても良い仕事してくれました
0.871549851,ぼくも調理しておきます最高じゃないですか
0.871517699,ゴボウと豚肉炒めてる時点でもう美味しそう
0.871432474,これを至高の白米で喰ったら旨そうだ
0.871322505,オカンの豚汁はうどんも入るめっちゃ旨い
0.871267478,かんまかし懐かしいなぁ母が手を回しながらかんまかしといてって言うからなんだかわからないけどその通りにやってたの思い出したこうやって言語って覚えていくのですね
0.871175497,これ絶対作ろう̖́‬何人分くらいなんだろうか
0.871002614,味噌は煮込んだ後のがいい味噌を入れて煮込むともったいない
0.870897784,これは味噌煮込みの要領ですね
0.870475975,毎回毎回ためになるのになんでこんなに面白いんだろう僕を調理していきます
0.870417979,豚汁に生姜ニンニク合うわけううまいカラダ温まる‪
0.870393021,私も酔いながら料理作るの好きですいつも楽しく見させていただいています頑張って下さい
0.870095582,この豚汁作ったら家族からいつもと違うといっぱい食べていましたりゅうじさんありがとう
0.869824315,途中で飲むお酒はワインでも可能ですか
0.86935646,里芋と豆腐を入れたい
0.869237616,ぼそっと面白いことを言う人は多いけどスパッと面白いこと言う人少し新鮮で楽しい
0.869038127,これを参考に作ってみますありがとう
0.868901714,ちくぜんに用の野菜かってやってみますねズボラだかね
0.8688156,うますぎてリピートいっぱい作ったから何日も幸せ
0.868650884,とっても美味しそうなので早速今晩作ってみますありがとうございます
0.868509819,美味しすぎました旦那さんも美味しい美味しいと沢山食べていました
0.868423487,今まで作った豚汁で一番美味しかったです
0.868155006,英字幕を付けてありがとうございます日本語はまだ下手なんですからあんな早い喋りがよく分かりません
0.868132657,ササガキじゃなくていいのは衝撃マネしよ
0.867993345,ご飯に豚汁かけて食べたいお腹すいたよ
0.8679731,作ったら大変喜んでもらえましたありがとうございます
0.867971047,ごぼうを水にさらしてアク抜きせずいきなり炒めるのびっくり
0.867838899,ごぼうは水につけてあく抜きしないんですか
0.86741528,明日きのこごはんと同時に作って優勝します
0.867371667,味噌入れてから沸かしたら味噌の風味飛んでしまうのでは
0.867056784,酔っ払ってるのに鍋振る時真剣な表情になるのすこ
0.866845145,落ちたやつはリバース好きですっはー笑
0.866315719,ヒロミさんのyoutubeから来ました
0.86619625,家は厚揚げが入ってて味噌が染みて美味しかったな
0.866152274,出だしの料理のお兄さん料理でーすでしばらく笑えるのすごい
0.866090964,リュウジさんこんにちは私は面倒くさがりなんでチューブになっちゃうと0倍ですね
0.866089971,残ったら手伝いにいきますよぉマイ箸ちゃんともってきますさばき兄さんみたく身体悪くせんように
0.866033506,なんで料理してるだけなのに面白いのかなぁ不思議です笑
0.865936263,最近見始めたけどこの緩い感じめっちゃ好き
0.865847883,もう計量スプーンで調理するのは定番化
0.865379317,初めて拝見しましたが美味しいし酒飲みながらってとても良かった
0.865128154,うわーうめー今まで食った事もない美味さだうっめーわ
0.865086797,ハイボール飲みながら作る姿がデジャブすぎる笑料理にハイボールは必須ですよね笑
0.865078911,今回も笑わせて頂きました≧∇≦
0.864970077,何度もリピしてます立派なおかず
0.864949792,めちゃくちゃ美味しくて何度も作ってます妻も子供も完食してくれます
0.86494854,去年も一昨年も作ったけど今シーズン初めて作ったけど美味いやっぱリュウジは天才だ
0.864767303,にんにく生姜入れるタイミングでこんなに風味が変わるとは勉強になります
0.864667669,リュウジさんの料理を拝見すると日日の料理が楽しいし生きる力が湧き出ますもっともっと教えてぇ
0.864666393,みりん風調味料使ってたり落ちた野菜を戻したり目分量だったりの雑さが好き
0.86390315,ニンニク生姜なしでしたがおいしかったですありがとうございました
0.863829128,彼氏が美味い美味いとたくさんおかわりしてくれましたありがとうございます
0.863486437,やはりるほれら
0.863469869,あくも旨味の一種家系らーめんもその考え方の方多いです
0.863106575,今まで具材炒めてなかったなやってみます
0.862815041,巨神兵ナウシカでロボットはラピュタなんだよう
0.862422933,我が家で大好評でしたこれから我が家はこちらが定番になりそうですありがとございます
0.862185013,味醂は本みりん使ってないんや自分酒は料理酒で味醂は本味醂使ってる
0.862174505,アル中で草
0.862120996,やっぱりこの時代のリュウジが一番好きだわ
0.861976766,ぶたじるいうてたわ
0.861926912,これに厚揚げしいたけ入れるとまじ上手い
0.861737621,0になったら0を
0.861669554,なんか見覚えがある包丁だと思ったら同じじゃないか
0.861112434,大根と人参ないけど作ってみますあれネギもないシイタケとじゃがいも入れてみます
0.861047447,今度試したいです味噌は麦味噌が最高かなぁ
0.86095255,巨神兵しか入ってこなくなった豚汁美味しそう
0.860816949,もやしは入れないのですか師匠
0.860111589,このレシピ何人分になりますか
0.860066459,他の至高シリーズ色と紹介して下さい
0.859935964,今作りました今までで0番美味しくできた
0.859769526,ヒロミさんはこの動画をみたんだな
0.859534362,豚汁とわかめご飯作ろうかなと思いますてかリバースって言い方
0.859247932,いつも味噌汁みたいだな唐辛子かければ豚汁とか今一つでしたありがとう酒呑童子
0.859212621,これって本当に水0リットルですか
0.859163028,帰ってきたヨッパライ肝臓大事です
0.858990382,豚汁の中の最高峰レシピだと思います大好きです
0.85891168,はいどーもー料理のお兄さん料理でーすってくらい酔ってて最高すぎる
0.858871194,作ってみましたうま酒も
0.858362378,おおコメントでリクエストしたら豚汁きたありがとう
0.858254848,こぼうはなくても良いですかとか絶対言うなよごぼう入れないと至高にならないめちゃくちゃおいしい
0.858105147,もう何回作ったかわからないくらいお世話になっています
0.857791973,ズボラな私でも旨く作れましたありがとうございます
0.857264167,本当に美味しいです深夜に爆食がとまらん
0.856987922,これ見て初めて豚汁作りましためっちゃめっちゃ美味しかったです
0.856787096,私は里芋も入れる
0.856679089,具だくさんの豚汁ってちゃんこ鍋みたいですね
0.856420727,うんまみなさん美味しいと言っているので作りましたうんまこれ以上の言葉はないですうんま
0.856200255,何でこの人は酒飲みながらこんなに最高の料理ができるんだ
0.856036792,秋口のキャンプ豚汁は芋煮やん
0.856029476,この豚汁の作り方大好きでもう何回も作っています
0.855514835,これもう千回は作ってるうますぎ
0.855430404,ヒロミさんが伊代さんのために作ってました
0.855309982,最悪にうまくない豚汁酒のつまみになるニンニクみそ汁になった
0.855242796,いま日本に必要なのはこんな動画よねありがとう
0.855232382,久しぶりに食べたくなったんで明日作ります
0.855124712,私の住んでいた所でもかんまします
0.85496561,最高に美味しかったですありがとうございました
0.854869439,娘と作りました本当に美味しくて感動しましたありがとうございます
0.854530104,うるさい喧しいハイすぎてひく料理に目がいかない飲まないで料理ができないのか
0.854255549,豚汁の具秋からだとさつまいも五郎島金時入れてます
0.854183937,anyotherreasonnottopeeloffsurfaceofゴボウbutjustscrub
0.853878588,作りましたガチでほんまに最強に美味かったです
0.853855635,ごはんや日本酒もいいけど豚汁にはうどんをいれたい
0.853770216,見てるだけで旨そうなの分かる
0.85370047,灰汁を取らないで良いの楽でいいですね
0.853558423,イヤイヤ初めて見させていただきましたが至高シリーズ濃いめのレモンが進むってわかるわそこだけでもまた見させていただきます
0.853433475,コンニャクの粒粒はラメ
0.853386226,作るたびに旦那に褒められますありがとうございます自己肯定感爆上がりです
0.853346017,急に料理のお兄さん料理はさすがに笑う
0.852811559,巨神兵じゃないよロボット兵だよ
0.852742589,飲むとこいらないってなるけど見るレシピ大体美味しすぎるのでスキップしながらちゃんと作ってるところ見てます
0.852698186,北海道ではジャガイモが大事
0.85264776,決して酒は強くないけど楽しく飲んでるのがいい
0.852556299,山形名物の芋煮も作ってほしい
0.852371892,動画見ながら作ったら美味しすぎて感動
0.852258701,何でみりん風を使うんだろうか本みりんだとダメなのかなぁ
0.852224504,妹が作ったの味見したんですけどすっごい美味しかったですもっと食べたかった笑
0.85215383,お酒飲みながら包丁使って手を切らないのがすごい
0.852019604,美味いのはわかるけどハイボールはどーなの作ったよー旨し
0.851963056,ちょっと前から思ってたけど至高シリーズは素面スタートってルールが迷子
0.851934429,ぶた汁派ととん汁派で毎回戦争が起きる
0.85179739,あなた高血圧じゃね
0.851535398,使ってるのがカセットコンロって事になんというかすごく安心する
0.851447196,動画見てるとハイボール飲みたくなります笑
0.851444168,何回も作ってます大好評ですホント美味しい
0.851291161,美味しかったですこれからはこのレシピで作ります
0.851075993,巨神兵の徳利ほしい
0.850996451,至高シリーズは飲まないという設定は遠く消し飛んだ
0.850511484,俺も灰汁は取らないです
0.850182488,里芋いれたら超旨かったー
0.849225921,豚汁にニンニクは入れないほうが好きです
0.849212303,灰汁取りたくてうずうずする
0.84907195,めちゃうまかったです次赤味噌でやってみます
0.849044217,豆腐と七味唐辛子が入ってない
0.848530366,節子それ巨神兵やないロボット兵やんか
0.847844014,飲んだくれ状態になってる人を久しぶりに見てなんだか嬉しい
0.847432466,落ちたやつは洗ってリバース
0.847398945,あくを取らなくていいっていう言葉待ってました
0.847031917,野菜たくさん摂れそうで美味そう
0.84697331,なぜか美味しい味噌ラーメンのスープが出来ました
0.846853294,美月から来た人ー
0.846712108,うますぎてこの冬0回以上作りました本当にありがとう
0.846703268,お味噌汁と違って豚汁って煮込むって知らなかったですありがとう御座います
0.84650337,テンポ良くてわかりやすくてなおかつ面白いそして見やすい美味そう天才ですか
0.846441762,至高はシラフでやる言うたんちゃうんかい
0.846272524,こんなにハズレの無いレシピあげてくれるのこの人しかいない
0.846052939,めっちゃ美味しかったにんにくしょうがとネギがいい味出してた
0.845281507,生姜とニンニク入れるんですねやってみます
0.845276969,これ巨神兵じゃなくてラピュタのロボット兵なのでは
0.845094478,お酒の呑みすぎまじめにおねがいします
0.844875793,うちと同じ味噌だ美味しいんだよなぁ
0.84420319,去年も何度も作りましたが今年もまたこの豚汁作りましたやっぱり美味しいわ
0.844195641,ウォーズマンは悪魔ではないけどね笑
0.843927438,ネギの青い部分捨てる人がいるというの初めて知りました
0.843794507,ハイボールあんまり飲めないけどリュウジさんを見てると飲みたくなります
0.843398421,ワインを飲みながらの料理は見たくない
0.84333479,大変参考になりましたありがとうございます
0.842918252,今まで作った豚汁で一番おいしいですありがとうございます
0.842872946,フライパンじゃないとダメですか
0.842732078,肉どうやったら柔らかくいためられるんですか
0.842445105,料理のお兄さん料理さんこれからの季節最高やね
0.840934691,お酒の飲み過ぎじゃないですか
0.84079515,これめっちゃくちゃ美味そう
0.840766076,最初のあいさつすげえそしてほんのり赤い頬のかわいさよ
0.840306971,今0分コトコト煮込んでます出来上がりが楽しみですoo
0.840261887,料理のお兄さん料理でぇーす
0.840186166,0くっそイケメンで草
0.839553159,鶏汁作ったからにはこっちも作るっしょ今作ってます楽しみ
0.839436728,楽しみながらて美味しい豚汁が出来ましたありがとうございます
0.839326763,ヒロミさんかお酒飲みながら作る人って言ってたからもしかしてって思って来てみた
0.838379244,これは何人前だろ
0.838226018,豚汁が金色になりましたありがとうございます
0.838023622,白だしの代わりに本だし入れても大丈夫ですか
0.837837469,どの野菜も余ってないのが素晴らしい
0.837766338,お酒を飲み過ぎ
0.837721353,飲みながら料理すると楽しいですよね
0.837405935,今年もこの豚汁で決まりりゅうじさん最高のレシピありがとう
0.837094797,家族にも好評ですもう三回作りましたありがとうございます
0.837024273,美味しすぎて味見が止まらない
0.837009689,ごま油垂直何秒とか言って下さい
0.836609176,初めまして豚汁にニンニク入れた事ありませんやってみます
0.836460718,自分もアクは取らない派ですカレーも取らない
0.836213558,にんにくと生姜入れると味噌ラーメン感が強くなってちょっと苦手
0.835796288,丸めたアルミでゴボウ洗えるのかすごい
0.835777845,リュウジさんの料理って気張らずつくれるから好き
0.835550463,山下美月ちゃんから来た人
0.835302113,一緒に飲める感じが最高乾杯
0.835116666,味噌は煮すぎると香りがとびますよ
0.835099499,豚汁美味しく出来ましたありがとうございます
0.83490344,この通り作ったら本当にうまくてびっくりしましたうんまっ
0.834796456,うちはさつまいもも入れます少し溶けたくらいが美味しいです
0.834458347,里芋入れても美味しいですよー
0.834316689,豆腐いれないんだ̇⌓̇
0.834092673,もう何回目か分からないくらい作っていますこのレシピだいすきです
0.833922109,本当に豚汁美味しいの食べたい
0.833647891,邪道かもですがキャンプならプラスうどん最高です
0.833315324,声が少し石田さん感が出てる気が
0.832644181,豚汁は赤だしだと思ってた愛知県民
0.83255217,材料をどんどん落とす料理研究家ってあまり見たことないけど酔っぱらってるっていう臨場感あり
0.832530574,お兄さん大根も皮剥かなくて大丈夫ですか
0.832497566,和食嬉しいです健康だあ
0.832010869,旨さ大爆発やな
0.83009322,めちゃめちゃ旨かった有難うございます
0.830078695,ヒロミさんから来ました作ってみたいと思います
0.830075019,ハイボール無いんですが大丈夫でしょうか
0.829079329,共有させていただきましたありがとうございます
0.829034078,すごい美味しそうです明日作ってみます
0.828508957,自己紹介で酔ってるってわかった時の安心感
0.827577666,豚汁よりハイボール飲みたくなったわ
0.827407188,乃木ヲタ集まれ
0.827066505,絶対に辛い酒飲みながらだからだょ
0.827031368,酒呑みながら楽しそう笑
0.82678394,その都度火加減も教えていただければ分かりやすくありがたいです
0.826356979,見る度にハイボール飲みたくなる笑
0.825868758,ついに出来上がった状態からの至高シリーズスタート
0.825394106,0年ぶりに作ったけどやっぱり美味かった
0.824832957,今作ったけど本当に美味しい天才
0.824767663,豚汁おいしそうほんでとっくり可愛すぎるんですが巨神兵じゃなくてロボット兵です
0.824686446,じゃがいも白滝入れても美味しそうですね
0.824477801,めちゃうまでしたありがとうございます
0.824429902,里芋が入ってないだと
0.823805495,みりんと酒はきっちり大さじ0測ってて草
0.823235574,笑飲みすぎでしょ
0.82321106,ジャパネットの高田社長若い頃そっくり
0.823158509,こんにゃくのつぶ爪に入るのめっちゃわかる
0.822918131,たんたんたんたかたんって草たんたかたんしそ焼酎は好きですか私はまぁまぁ好きですでもやっぱりリュウジはビールやハイボールなんだろなー
0.822804836,レシピは何人分のですか
0.822718259,毎年これ見にくる
0.822513915,もう酒だけを飲む放送がみたい
0.822099513,僕も調理すると言うセリフがとても面白かったです
0.821512699,美味しかった何度でも作りたい
0.821435828,すげー量だよこれは
0.820983382,またこの季節がやってきた
0.820537973,ジャガイモは正義
0.820376688,巨神兵じゃあないロボットだよう
0.820351262,これって何人分ですか
0.820351262,これって何人前ですか
0.820073077,お酒も良いけど塩むすびと一緒も絶対美味しい
0.81941749,りゅうじさん最高エンジョイクッキング勉強になります有難う御座います
0.819234187,今更ですがリュウジレシピハマってます
0.819184871,何回もリピしてます
0.819119781,カボチャとすいとんを入れても美味しいですよ
0.818604837,0適当でいいがウケる
0.818046472,もう至高だからシラフスタートなくだりはなくなったのか笑
0.817745988,白だしと味噌だけかなんで味の素入れないの
0.81749853,0ハッハッハッハここ好きすぎる
0.817161898,0本目取れないな飲み過ぎ笑
0.817158733,この方のテンションの高さはなぜかイラっとしない
0.816979117,ハイボール豚汁作るための体動かす燃料
0.816921052,白だしは測るんですね笑笑
0.815557706,必要じゃないことはやらないっていうところ好きだなー
0.814844386,具材大きくして鍋としても行けそう
0.814369938,さスーパーでごぼうと豚バラとネギ買ってこよ
0.814324112,毎回このレシピ本当美味しいです
0.813891683,後作品違ってるんだよう
0.813619133,これ本当に美味しくてリピートしまくってます
0.813517673,たんたかたんって言ってるから鍛高譚飲んでると思ったらいつものでした
0.8131918,めっちゃ上手く作れました
0.812365675,豚汁ってこんなに変わるのかよ
0.812112307,面白い里芋とか入れても美味しいと思います
0.811986768,豚汁は絶対さつまいも要ると思ってる
0.811854038,至高の天津飯作ってほしーです
0.811402819,ろぴあさん味出しの塩リュウジさん味出しウイスキー
0.811372752,これまで何回もお世話になりました覚えられない
0.81122314,何度も作ってます本当に美味しいですありがとうございます
0.811111356,落ちた大根洗ってリバースするのすき
0.810662337,包丁どこのやつですか
0.81055997,めっちゃ飲んでますがちゃんと料理が美味しく出来上がってることが凄いです
0.810005636,巨神兵ではなくてロボット兵ですねえ
0.8097233,初めて至高シリーズ作りました美味しかったです
0.809061777,この人の味つけ濃いわね
0.808411927,これ作るのに何時間くらいかかりますか
0.808405548,いつも以上にハイボールが進んでおります
0.808283708,すどうりりかさんににてるね
0.806374572,いつかウイスキーと白だしを間違えそうで怖い
0.806247123,毎晩これがいいな豚汁大好きすぎる
0.806198008,何でお酒入れるんですか
0.806104112,おそらくカオリさんという元カノがいるに違いない
0.805323341,初めましてひとり分ですか
0.805263398,ヒロミさんから来ました
0.805263398,ヒロミさんから来ました
0.80524208,具が多過ぎない
0.80511265,山下美月さんが作ってました
0.804493089,最高に面白い料理好きになりそう
0.804064032,何人分なの
0.803682749,美味しかったけどあと一歩って感じでした
0.803442503,かんますがわかってしまってウケました
0.802664185,こんなの旨いに決まってるだろワンパターンなんだよな
0.802444969,いま作ったけど感動的に美味い
0.802181942,酒のむ所が何故かおもしろい
0.800944213,すみれ系ラーメンの味がする感激
0.80052389,まじで美味すぎるんだが
0.800141777,里芋の入ってない豚汁はぶたじゅりじゃないゅりじゃない
0.799809418,こらまじうめえー
0.799461208,山下美月さんから来ました
0.798905165,もう0回作ってる本当に美味しい
0.797771631,料理のお兄さん料理です笑
0.797646219,至高普通の豚汁や
0.796140978,あれはなんですか0
0.794501026,これねまーじで美味いです
0.794334061,もう0年経つのか
0.794238571,りゅうじお兄さん今日もカッコいい爽やか
0.793877347,ごぼうはアク抜きしないくていいんですか
0.792735497,里芋入れたい
0.792635696,リュウジさん美味すぎてしんどいです笑
0.792079223,メッチャ美味しそう
0.79135618,自分への味付けが最高です
0.791087528,かんますって長野でも使いますよ
0.790796225,これありえんくらいウマかった
0.790045921,おまけが豚汁ってハイボール今日作るかなー
0.789431049,リュウジさんしれっといいウイスキー飲んでるから侮れません
0.789063586,リリースじゃなくてリバースなの腹抱えて笑った
0.788498835,うちは里芋入れますうまいです
0.788459446,参考になります○
0.788379915,バウアーに似てるね
0.788241913,酔い方可愛すぎて面白い
0.786848281,kに瓜二つですね
0.785067963,ラピュタのロボットとっくり私も持ってる
0.783497308,これ作ったけど本当に美味しかった
0.78286169,おらが村でもかんまわすとかかんますっていうよ
0.782425097,ついに全てが料理になった
0.782112323,キノコと厚揚げありかと思います作ります
0.781557872,生姜がきいていてすごいおいしかった
0.781396712,すごくおいしくできましたーまた作ります
0.78123915,日本酒もってキャンプ行って作りたい
0.780797582,今豚汁作りましためちゃめちゃ美味しい
0.779009966,俺のパパめちゃくちゃ豚汁好きやねんけど
0.778161506,とんでもなく美味しい豚汁が出来上がりましたありがとうございます
0.777518116,超ゴキゲンなリュウジさん可愛すぎる
0.776827266,0あっ氷使うんだーへーいやそっち酒かーい
0.776415487,豚汁はよく作ります
0.776092169,リュウジさんの酒飲むくだりおもろい
0.776025872,イケメンのくせにリバースとか面白い
0.775573653,トンジルスキーも納得のお味
0.775162334,ハイボール飲みながら楽しい面白い豚汁つくろっと
0.774877013,アル中ですね同じ仙台でざんねんです
0.774621471,めっちゃ飲む爆笑
0.774391726,里芋入っとらん里芋命
0.772984514,初めて作ったらクソうまい
0.772655483,群馬でもかんますって言いますよなからかんますんね
0.771883788,うどん入れても美味しいかもです
0.771402595,わーゴボウ買い忘れた泣
0.770948781,ただの酔っ払いで草
0.769346886,最高やったわ
0.768482799,大根は皮むきますか
0.765148407,飲まなくていいから作れ
0.764981054,飛行兵な
0.763696316,カメラワークかavなんよな‪
0.763117747,今日作りましためっちゃ美味しいですいつもありがとうございます
0.7591996,ほんとに美味しかったありがとございました
0.759124165,ムスカのモノマネがすごい上手い
0.757949219,これはほんまにうまいありがとうございます
0.75765231,お世話になってます
0.757625483,里芋も入れてもらいたかった
0.754903495,一口コンロ使ってるの好感持てる
0.754735748,いつニンニクと生姜入れてる
0.754374349,じゃがいも入ってたらマジで至高
0.748815494,料理のお兄さん料理です
0.747068253,芋入れないんだな
0.745854495,何人分ですか
0.745854495,何人分ですか
0.745854495,何人前ですか
0.745212562,冷え性でもすぐ体ぽかぽかするしすごい美味しかったです
0.745201998,おかしんじゃあないの
0.744855149,絶対うまい笑
0.742485115,巨神兵じゃなくてロボット徳利めっちゃかわいい
0.740287471,かんますワイ北関東だけど分かる
0.740176838,めっちゃうまそう
0.739187457,りゅうじさんって元女子
0.737526387,こんにゃく忘れたけど美味かった
0.736721693,至高シリーズに間違いはない
0.732036357,かんまするって懐かしい全然違和感なかった
0.730902724,このグツグツ音好き
0.730022196,0洗ってリバース好き
0.729357389,さつまいもも加えたら良い感じだった
0.728729056,何人前とか出してくださるととても助かります
0.727815595,作りましたとても美味しく出来上がりましたありがとうございます
0.725819918,群馬県人ですがかんます言います
0.721720326,めっちゃ美味しそう
0.720273403,作りましためちゃくちゃ美味しかったです
0.720032036,巨神兵じゃなくてロボット兵だよぉおお
0.718168845,作ってみます
0.716129982,0アルミどこいっとんねん
0.71489115,飲み過ぎアルチュウですか
0.71489115,飲み過ぎアルチュウですか
0.712080509,参考になります
0.71188356,塩分キツソーですね
0.709652993,めちゃくちゃ美味しそう
0.706635231,ちょっと電動包丁使えよぉ
0.704616575,こいつおもしれーな
0.704608845,大根切るときの人差し指と中指にょきにょきかわいい
0.704316594,ニンニクどこでいれます
0.703599505,僕を調理好き
0.703262118,めちゃめちゃ美味しかったです
0.699799717,作ったけどめっちゃ美味しかった
0.696183283,お鍋いっぱいいっぱいになっちゃったーと思ったらリュウジさんもいっぱいいっぱいになってて嬉しかった
0.693617752,豚汁みんな好きだよな
0.693587333,にんにくどこでいれるんだろ
0.69313278,料理のおにいさん料理です
0.692511733,巨神兵のとっくり欲しい
0.691123014,ヒロミさん見てるやつ見つけた
0.687135237,世界一素敵な酔っ払い
0.686999536,かんますって言っててってなった
0.685899589,料理のお兄さん料理
0.685899589,料理のお兄さん料理
0.684055394,本当に美味しいです殿堂入りです
0.680529181,アルコール依頼症
0.679543519,ムスカっぽかった笑
0.677086963,ヘリウムやってるだろ
0.676619315,さつまいも入れても美味しかった
0.669995429,ゴボウとネギまじうまい
0.669058372,りゅうじさん笑顔最高
0.669039232,こんにゃくのつぶつぶはひじきですよろしくお願いします
0.667367932,面白いチャンネル登録しまーす
0.667059211,今日はもう豚汁
0.666271313,0至高のギャグ
0.665095756,さつまいも入れるのが好き
0.664480239,こぼれないのすごい
0.66255958,だいたい何人分ですかー
0.657847743,楽しく料理できます
0.652823128,本当に美味しかったです
0.646298726,至高でした
0.642863353,しいたけ入れたいな
0.642656594,絶対やります
0.636705864,めっちゃ美味しかったです
0.635724909,材料トップバッターハイボールは草
0.634380682,絶対うまいって
0.633679724,電子レンジ豚汁plz
0.630301575,おもろすぎる笑
0.62878953,豚汁作りたい
0.625042175,めっちゃ飲むやん
0.619689662,さじ使ってるやん
0.61906236,ムスカモノマネ似てる
0.609264384,かんます群馬出身ですか
0.597346411,食べたい
0.594438816,ニンニクが強いかも
0.593121564,豚汁王子
0.590963693,美味しそう
0.590963693,美味しそう
0.579778211,美月ちゃんから
0.578748189,白だし入れ忘れた
0.578351906,美味しかったです
0.576033727,とっても美味しかったです
0.569233556,汁が少ないくない
0.568612993,たんたんたんたん鍛高譚とかいう酒飲み語録すき
0.554964169,0たんたんたんたんたんたかたんまかない道場を感じた
0.549004832,リュウジ君ありがとう
0.53500997,めっちゃおいしかった
0.529365726,ラピュタ王
0.5280001,たんたんたんたんたんたかたんっとんとんとんとんひののにとんっ最近そんな動画ばっか見てる
0.527533504,ありがとうございます
0.526349413,ウォーズマンは残虐超人
0.520261384,豚汁大好きです
0.519472371,0たんたかたんって焼酎
0.512678706,わからわ
0.479904731,メインがハイボール
0.469137192,美味しいそうですね
0.444822515,特殊能力おもしろい
0.441329972,美味しかった
0.428874473,豚汁いいね
0.428032253,ロボット兵な
0.425850404,最高です
0.410788507,生姜など
0.407033177,もう最高
0.379865655,アル中なん
0.37815131,料理さん
0.37815131,料理さん
0.374872543,作りましたおいしい
0.367746235,最高ありがとう
0.337717331,じゃがいもなし
0.331847424,かんます
0.327104474,ハイボール大事
0.318617548,とにかくありがとう
0.121506833,おいしい
0.097169493,若い
0.096263827,かっこいい
0.058458568,最悪
0,人
0,乾杯
0,乎
0,深夜食堂
0,食
0,は
