店舗を作るんじゃなくて、それなりに誰でも手に入れられる商品を作ってくれるところに言葉に上手く出来ない優しさを感じる…。,
｢小さい子はにんにくは刺激的に感じるかも｣とかそういう配慮ができるのがすごいと思う。,
この人は周りからすると小さな事に見えることも好きな事に諦めず取り組み続けてこうした結果を残せているから尊敬します。希望の星です、、,
時代に『残る』ものを明確に作れるってのは誰にでも出来ることじゃないよ…すげえなあ。,
お店に行かなきゃ食べれないとかじゃなくて、コンビニで買えるっていうのに優しさ感じる…,
ラーメンなら豚骨以外断固拒否の自分だけど、なぜかこれは食べてみたいと思った,
自分のやりたいことにここまで真剣に向き合って、努力して、しっかり結果残すことってできるようで中々できないことだから本当に尊敬する,
ラーメンの無い世界なんて考えられないほんとにラーメンって多くの人を救ってると思う,
東京にラーメン店を開く！とかじゃなくて、手頃な価格で全国で買えるカップ麵にしたところがヒカキンって感じして好き。,
実際口に合う合わないは絶対あると思うけどここまで頑張った過程を考えるとそんなの関係なく食べたいって思う,
5年振りくらいにHikakinTV開いたけど、オープニングが全く変わってなくてなんか安心した。いつでも帰ってきていいっていう安心感ある,
こういう有名人が関わる商品って大体ちょっと口出すくらいで後は全部任せるって感じの印象だったけど、ヒカキンはめちゃくちゃ従事しててやっぱこの人違うなって思ったわ,
内容がなんであれ、夢を叶えるってのは普通の人ではなかなか成し遂げれないことだからほんとに凄いと思う,
こうゆう有名人の商品ってぼったくり多いけどヒカキンさんはちゃんと商品として出すのは尊敬。,
いや、すごすぎるわ…YouTube活動だけでも忙しすぎるのにその合間を縫って自分の夢を叶える活動をするなんて,
本当に真面目な方やな、尊敬するわ,
単純に小麦アレルギーで麺が食べられないからカップ飯あるの嬉しい🥹,
いくら企画とはいえ、しっかり色々と研究して自分なりのラーメン作ってるのがすごい、尊敬するわ,
自分の好きな料理を自分が手を加えて商品として出せるのって本当に凄いことだよなぁ。,
好きなことにここまで全力を注げるのも聖人と呼ばれる1つの理由なのかもな,
YouTuberが知名度を使ってアパレルとかは聞くけどラーメンとかまじで角度違ってまじで逸材なのを知らせてくれるわほんとすげえ尊敬しかねえ,
焼肉とか寿司って金持ちになったら良い店ばっかり行くだろうけど、ラーメンだけはどの店もほとんど同価格帯だし、金持ちになっても食べたいと思うものだよね,
他のYouTuberがやるぼったくりアパレルとかじゃなくて本当に自分がやりたいことを実現できるのは尊敬です(((o(*ﾟ▽ﾟ*)o))),
嬉しいよ…嬉しい。前年は抜かされたけど、それまでは新潟がラーメン支出額1位だったんだ。ラーメン王国新潟の誇りだよ,
夢はいくらでもあるけどそれを叶えれたっていうのが本当に凄いことだと心から思う,
1ヶ月でも休んでくれてよかったくらいすごいことしててほんと尊敬する,
再生回数見て思ったけど今でもみんなの関心を惹き付けてる事が凄い。ちゃんとみんなHIKAKINの事気になってるんだね。,
味噌ラーメン苦手だけど、食べて見る価値あるかなぁ,
好きなものがあるって大切なことなんだな...,
まずいだのおいしくないだのケチつけてる人見かけるけど、何かと叩かないと気が済まない層に少なからず興味持たせて買わせてる時点でヒカキンの勝ちだよ,
ポジティブな報告なのかネガティブな報告なのか事前に言ってくれるのを本当のありがたい。心持ちが穏やかで見られる！,
すげぇなぁ、やっぱ出来る人は何に手を出してもやり遂げるんだなぁ,
たいしたファンでもないけどなんか涙出るね,
きっと想像を絶する苦労をたくさんしてきている中で本当にラーメンに救われて、心からラーメンが好きなんだろうなとひしひし伝わる、、その思いは決して軽いものではないのに、みんなが元気になれるようにって誰でも手に取れるような値段と店舗展開でみんなに共有してくれて、聖人すぎる、、,
ラーメンとかTシャツとか誰でも買える値段にしたとこに好感もてる,
いやー他のユーチューバーと違って金持ちしか手が出せない高い洋服とか出すよりこーやって誰もが買えて一回は食べてみたいと思うラーメンとか出すの良いね,
好きなことに本気になれるの本当に尊敬するわ,
12,24ここで無駄に謙遜しないで100億点を自分に送るのすごく好き
下積み時代も諦めず努力した結果これなの最高すぎて大尊敬。,
店をひらくなら遠すぎてヤバい【青森だから】だけどコンビニなのがいいしお手頃価格なのがいい,
もはやyoutuberがやることじゃない。すげえなあ,
特別HIKAKINがすき！ってわけじゃないわたしでも、めちゃくちゃ凄いなって思うしやりたいこと叶えてること尊敬するし、もうなんか凄いなって思います(語彙),
1人の人間がこうやって死ぬ気で頑張っているのを見てるともはや伝記に見えてくる。この方は本当に澄んだ､晴れた心を持っていると思う。,
店舗じゃないところがまたYouTubeの身近さを感じましたなんか泣きそうになったおめでとう！！！,
これだけ成功してても、夢に向かって走り続けて実現させるとかカッコ良すぎる！一人の人間として尊敬✨,
ＨＩＫＡＫＩＮさんが休止したと聞いてどうしたのだろうかと見に来たけど、いつ見ても安心するすごいＨＩＫＡＫＩＮさんで安心した,
みんな恋人作ればリア充とか金持ちが自由とか言ってるけど、ヒカキンみたいな好きなことを本当に頑張れて、嬉しさに溢れてる人が真のリア充だと思う,
これは普通に感動したわ,
マジで努力してるのが感じられる尊敬やわ,
これだけ夢を叶えた人なのにまだ叶えたい夢があったなんて凄すぎる,
自分のやりたかった事が出来てよかった、何事にも頑張って欲しいな,
絶対食べたい🤤お腹すいた(›´ω`‹ ),
服とかじゃなくて、ラーメン売るのは本当に好きだわ,
これ見て泣いた人いない？説明すると長いけどすご心打たれた,
頂点がこの人で良かったと何度思えばいいんだろうか,
こんなに成功してもちゃんと辿ってきたことを忘れてないところがとても好きです。,
泣きそうになるくらい相変わらず感動しました,
味噌も好きだけど塩キンと醤油キンも出してほしい,
夢を叶えるの裏にはとんでもない努力があることを改めて知れる,
ラーメンなら手軽に買えて嬉しい！一つ一つのことに真剣に向き合う姿は尊敬しかありません！他のYouTuberを非難するわけではないのですがいつも全力で取り組んでいて結果がでているのも納得です！,
視聴者の意見どうこうじゃなくてちゃんと自分の好きなこと貫いて努力してるのかっこよすぎる,
好きなことで生きているを体現したまさに偉人私たちに夢を与えてくれて本当にありがとう,
本当に…幸せそうな人を見るのって、こっちまで幸せな気持ちになるからいいよなぁ……!!!!!!!!!☺️,
どこまで行ってもめちゃくちゃ優しい人だなあ……,
ラーメン作るためにダーツの旅やってたとしてもあれは辞めないで続けて欲しい,
どうしても早く食べたい,
元スーパー店員が好きな商品を作れるまで有名になったのが本当に凄い,
ヒカキンが笑ってるとこっちまで幸せになる,
本当にこの人尊敬する,
白味噌を入れることによってガツンとくる旨味が鈍くなる気がするけどどうなんだろうか。  早く買って食べたい,
これこそ「好きなことで生きていく」,
塩や醤油、豚骨のバージョンのラーメンも出してほしいなー,
本当にこの人は努力が凄いな。,
お店に行かなきゃ、ネットで会員にならなきゃ、とかではなくて普通にコンビニで帰るのが本当に素晴らしい何より本人が楽しんでるのが最高必ず買いに行きまーす(発売日に行くつもりだけど買えるかなー？)すっごく楽しみですヒカキンおめでとう！,
夢を叶えるために、YouTube活動で忙しい中でもこだわり抜いて商品開発をしてたというヒカキンさんの裏側を見てると本当に勇気を貰える,
これはさすがに食べたい,
同年代でハモネプやってたって思うと、いつも鳥肌というか感慨深くなります( ˇωˇ ),
もう美味すぎて鳥肌たったわ、ラーメンも美味いけどメシがやばいくらい美味しかった,
好きな事を趣味として生きていくの本当に尊敬してる,
好きなことで生きていく   を実現させた漢、かっこよすぎる。,
夢があってもなかなか叶えられないことが多い中 それが叶うだけでも凄いです👏それだけでも感動です😭本当に夢を叶えることが出来て良かったですね。おめでとうございます🎉,
今日発売なのか！！！！売り切れてそうだけど絶対食べたいな……これを食べるために頑張って生きますっっ(ง ･֊･)ง´-,
ただ休んでただけじゃなくて頑張ってラーメン作ってたのは感動😢,
味噌味以外も出してほしい,
活動休止中も休まずに夢を叶えるために行動してたと思うと本当に尊敬する,
これだけの成功を収めているのにまだ夢を追う姿勢が好きです。,
まじでかっこいい、どんなに苦しくても辛くても頑張った先にこんな未来が来ると信じてがんばります,
下積み時代ほんとうにしんどそうなのにここまで頑張って夢叶えてて尊敬します。。。,
夢が叶えられて凄い🎉この努力は見習わねば,
ラーメンとかだけじゃなくてHIKAKINプレミアムの「最初の」商品なの夢があって嬉しい,
好きなことを極められる人は本当に努力をしてきた人だと思います…尊敬。。,
他のラーメンより美味いとかそういう言葉使わないのがやっぱりHIKAKINって感じがして大好き😢,
本当にどこまで人を笑顔にすれば気が済むんだか、ヒカキンさんは。😊,
早く食べたい😋,
1日たった今でも急上昇入ってんの凄すぎ,
「味噌だから」って安直にコーン放り込んでないヒカキン信用できる食べたい,
お金を考えないで自分がしたいことできるのは努力の賜物だな,
みんなと苦しい気持ちとか、頑張ろうという気持ちとかを共有したい！っていうのが凄く伝わる商品ですね！早速発売日に買って食べたいです！！そして、夢を叶えられたこと本当におめでとうございます！！,
自分の夢の中に「みんなを笑顔にしたい」という想いが込められてるのって本当に素敵。優しさが味にも出てそう✨,
あのラ王より高いのはびっくりだけど300円なら全然食べたい,
同じ新潟県民として全力で応援し続けます頑張れHIKAKIN,
早くブラジルにも届くといいな~,
好きなものを自分の商品にしちゃうっていう偉業...ほんとにすごい。1年かかったり、活動休止になるのも頷ける,
本当にすごい。ひかきんは嫌味なところが全くなくてすごく好きです。,
本当にHIKAKINさんは聖人だな。たとえ1週間休んだとしても、視聴者の事を考えていて、本当に尊敬するわ,
いろんな意見があると思うけど自分はヒカキンさんが心を込めて作ったんだって信じてる,
味噌ラーメンからもやし、メンマ、ネギ、赤い調味油って感じがくるり意識してそうで好き,
人生が変わるときもラーメンを食べてたはエモすぎる,
努力が報われる瞬間はまさにこの事なんだろうな　　　　　ヒカキンさんおめでとうございます🎉,
グッズじゃなくて自分自身のラーメンを出すなんて凄いです。,
見たら食べてみたいと思いました。次の給料日に買って食べたいと思います。,
「好きなことで生きていく」を貫き続けていて本当にかっこいい。,
東京に住んでいなくても食べることが出来る、名義だけ貸してるとかでもない本気の一品！絶対食べます！！,
自分のやりたいことをずっと貫いてんのすごすぎるこれが本物のYouTuberか…,
どうでもいいけど15時間で350万回再生はやべえな,
この人はどこまで素晴らしいんだ😢,
発売されたら、即食べたい！！,
東京の店舗だと地方民は食べに行くの大変だけど、セブンだったら全国のみんなが気軽に食べられるし、24時間いつでも買いに行けるからすごくありがたいです！あー早く食べたい😍,
再販してくれるのが嬉しい,
疲れてるから…とかじゃなくて、報告準備に集中するために休むという、いつも視聴者思いのヒカキンさんならどんな報告でも応援できます！,
自身のメンタルの支えになってたラーメンに対してYouTubeで結果を出して恩返しするのカッコ良すぎて…,
1日で400万回再生以上いけんの凄い,
もういっそお店出してくれんかなとか思ってるわ,
ラーメンばばあのときを思い出す…本当にラーメンが好きというのが伝わります。,
売り切れたら終わりとかじゃ無くどんどん作っていつでも買えるようにしてね♪,
ヒカキンって報われるまで努力できるの凄いな,
商品紹介のプロが自分の商品を紹介するのすごいw,
"I am happy for you too :D When I go to Japan, I will  try your ramen for sure!! I love ramen as well",
正直食べたくてしゃーない　味噌ラーメンとか王道貫くとこ好きやぞ,
ヒカキンこそ努力に努力を重ねたtheYouTuberって感じまじですげぇ,
今日初めて食べた✨なんか、カップでいける味噌ラーメンの限界に挑戦してるといえる味だった！！！これはリピーターいるワケだ…,
変なアパレル系に走る奴も多い中、ラーメンで勝負を仕掛けるってのは素晴らしい。,
先日本当に生きているのが辛くなったんですが、今日HIKAKINさんの夢が叶った姿を拝見して凄く元気をもらいました。いつも視聴者を気づかってくださる姿、努力し続ける姿、尊敬しています。どうぞこれからも無理はなさらず楽しさを追い求めて活動してください😊いつもありがとうございます！,
GW明けに発売してくれるから、連休明けのショックを和らげてくれているね,
夢を見るのは簡単だけど、夢を叶えるのは難しい。でもそれを叶えたHIKAKINさんは凄すぎる,
ラーメン作りたい,
うわあ、すごく感動してなんかうるうるしました。こんなに頑張ってる人がいるから、私も頑張らなきゃなって思います,
本当にこだわりを感じる,
具材がくるりのラーメンぽいのも感動でしかない😂笑,
早く食べたい！,
豚骨派だけど、ヒカキンが作ったなら味噌ラーメンも食べたいと思う。味噌ラーメンも好きになりそう。てかそう思わせてくれるヒカキンのこれまでの努力がすごい。,
ラーメン食べてみたい！,
何事にも本気でどんな時も頑張ってきたからできたことだと思う本当に心から尊敬します...！,
好きなことをして生きていくのがYouTuber,
好きなことをして人生を楽しんでいる姿に私も頑張りたくなる気持ちが出たよ。YouTuberの鏡だよ👍️,
みそるを見て、ちょっと見返しに来てしまった😂,
ヒカキンのやっていくことが凄すぎて距離を感じるはずなのにすぐそばにいる感じがめっちゃ好き,
早く食べたい！絶対買うぞーっ！,
〇〇監修！って名前だけ貸して開発とかはほぼ任せっきりな人もいる中こんな1から10まで全部本気で本人が携わってるのすごいな,
セブンイレブンに販売するというのもまた身近に感じられるからすごくうれしい！😊,
1年間大好きなものに熱中して本気でできるの本当に尊敬❗,
めちゃめちゃ人気になるとは思わなかった,
ラーメンって安いのに幸せにする度合いは最高だよね😆,
コンビニで見かけたら絶対買うしかない,
商品紹介を主にやってたYouTuberがこうして今自分の商品を紹介してるのほんと感慨深い,
これ見たらヒカキンがどれだけラーメンを愛し夢に本気だったか分かる。素直におめでとう。,
めっちゃくちゃ嬉しい！自分の事の様に喜べる！,
これみながら食いたい,
個人的に何より嬉しいのはヒカクラ２が再開することなんです😂❤,
ラーメンを作りたかったとか取って付けたみたいな設定,
本当に向上心が止まらないなこの人は。,
凄すぎてもう凄いしか言えなくなっちゃった…,
夢を叶えるって本当にすごいことだよね🎉自分がずっとやりたかったことをできたヒカキンを心から尊敬するわ😊,
手に入れられないんだけどずっと売っててくれんかな,
1年もかけて研究されたラーメンを300円で味わえるって、めっちゃお得だなぁ！,
早く発売してほしい,
長年の努力が色んなところで反映されてるところが本当にすごいと思う。,
ヒカキンが嬉しそうなの観てるとこっちも嬉しくなるね,
本当に尊敬する自分もヒカキンさんみたいな素晴らしい人間になるために色んなこと一生懸命頑張りたいです！,
こんなに頑張って作ったら買うしかないよね,
アレルギーの関係で小麦がたくさん食べれないのでメシ版が凄く嬉しい。味噌大好きです。絶対食べます。,
めっちゃ美味しそう🤤食べてみたい,
目標を達成するために必死に頑張る人って応援したくなるよな,
こんなに有名になっても、まだまだ夢に向かって努力するヒカキン素敵すぎる。,
ラーメンに対する想いだったり、幼少期からの思い出の味噌ラーメンのことも知れて感動で涙が出ました😭絶対買います！！,
沖縄のセブンにもあるのかな…買いたいな…,
店舗じゃなくてカップにした事で、気軽にみんな食べられるのがなんかHIKAKINさんの人柄が表れてるなぁって思いました。(地方民なので東京でお店構えられても食べられないので…)食べるのとっても楽しみです！,
努力は人を裏切らないとはこのことなのか,
マジですげぇわ、休んでも休まなくて準備して一刻でも早くみんなに知らせれるよう努力してるとことか、本当に美味しそうなのが伝わってるくる,
初期の頃から忘れられないものってめちゃくちゃいいよねぇ〜しかもそれが実現出来るなんてロマンあるわ〜👏本当におめでとうございます🎊,
夢を実現させることができるなんて…すごい。,
みそる見てこっち見にきたらまじで寄せてて笑ったw,
ラーメンの中では味噌が1番好きだから地元でも売られるようになったら絶対買う！！,
発売したら、食べたいですね、でもすぐに売りきれそう,
やりたかったifルートを同じ人生でどっちもやってるの凄すぎる,
夢に向かって進んで行く姿に感動しました！,
1年がかりでの商品化は気合いが入ってますね。食堂ミサの味噌ラーメンが原点の味ということで、私もミサの味噌ラーメンは大好きなので、味には期待できます。早く食べてみたい。,
自分的にはラーメンの方がそのときに食べたかったからおいしかった。長文すいません,
人生で受けた恩を、自分の人生をかけてまた人に与えていくスタイルが本当に素敵,
いいなー食べたいけど海外にいるから食べれない😭😭,
これだけ影響力ある人は何を発売してもすぐ大好評になりそう,
出来ることなら毎日食べたいくらい同じくラーメンが好きなので必ず買って食べます🍜,
味噌ラーメン好きだから食べてみたい(*´﹃`*,
店員側から出品側もやるなんて、すごい！,
田舎はないかと思ったけど全国で嬉しい♥️絶対買う！,
味噌ラーメンあまり好きじゃないが、見かけたら1食食べてみます,
スーパーで商品を並ばせる側だったのが並ぶ側になったのが凄すぎる。,
俺やっぱ純粋で何事にも本気なヒカキン大好きだわ😂,
HIKAKINってたまに見るとほのぼのしてふふってなれるなんか疲れてたけど、少し心穏やかになれたHIKAKINありがとう,
これが全国のセブンイレブンに並ぶのはこちらとしてもすごく嬉しい,
自分のやりたいことを全力で出来るのカッコよすぎる🎉,
人気出て……買えなさそう……食べたい(*´﹃｀*),
そういう事だったんですね！夢を持って努力して叶えるなんて凄いです本当におめでとうございます、これからも応援してます！,
ラーメン食べたい！,
辛い事を乗り越えた人だけに娯楽が待ち構えてるんだな,
そんなにラーメン好きで救われる人がいるんですね！私もラーメン屋さんで働いてるけどもっとラーメン屋さんで働いてる事に自信をもって働こうと思います☺️,
夢に本気になれる聖人youtuberの鑑,
ラーメン好きだから見かけたら食べてみるわ,
ほんとまだ全然人気出ない頃にヒカキンを友達から勧められて、観てたけどそのヒカキンがいまこうしてHIKAKINPREMIUMのラーメンが出る。そして今となってはYouTube界を代表するくらいの人となってる。ほんとにすげー！これからも応援してます！,
食べたい。,
いつでも視聴者のこと考えていて本当にすごいと思う,
夢の実現おめでとうございます🎉伝えたいことが箇条書きなのがわかりやすく誠実でラーメン屋っぽくもある,
胸が熱くなりました、泣きそうです、泣いてるけど感動の涙〜😊おめでとう㊗️御座います。これからも、お身体にお気をつけてください^_^❤,
食べたい！,
こうやって夢叶えちゃうからHIKAKINはすごいよ,
自分の予想のお店出すんじゃないかな？と思ってた🤔ちょっと異なってました🤔ただ是非とも食べたいです😌,
自分の好きな商品を自分で監修して商品として販売できるなんてすごいな,
すっげ、って漏れた…。本当に尊敬できる人物です。,
こっちまで嬉しくなるわぁ絶対買う！てかセブンで売ってるのすごw,
個人の感想なんですがめっちゃ美味しかったです！メシの方はまだ食べれてないので再販したら絶対食べます！これからも頑張ってください！,
夢が埋まってる鉱山をみんな掘ってて、でもいつ発掘できるかわかんないから、途中で諦めたり、投げ出したりするけど踏ん張った先には、自分自身を支えてくれた夢に辿り着けるって思えました。HIKAKINさん夢実現おめでとうございます!,
なんか熱いものが込み上げてくるな。すげぇや,
ほんとに努力の積み重ねが遂に実った感じが伝わります,
YouTubeもやってて忙しいはずなのに1年くらい努力してんのはすごいなと思った必ず食べます！！！！！！！！！！！！！！！！！！！！！！！！！！！！！！！,
何にでも真摯な姿勢を崩さないんですよね。そういう所が大好きです。家族の分も買って、みんなで食べたいです😊,
再販決定と聞いて、また見に来てしまった・・・,
夢を叶えるって素晴らしいなー。なんかヒカキンさん見てると明るい気持ちになる。,
0から1にするのってホント大変。自分の夢を実現させる努力すごい...,
服とかコスメじゃなくてラーメン出すの好き,
心からおめでとうを言いたいです！ほんとに自分の夢を次から次へと叶えていて、憧れでしかないです😢僕も頑張ります❤️‍🔥,
こんな美味しそうなのコンビニで買えちゃうのすごい！！！早く食べたい！！！,
醤油バージョンも出してほしい😊,
夢を持つ事楽しさも、夢を叶える楽しさも自ら体験して映像化してくれるHIKAKINさんは本当に尊敬します。これからも応援してます！,
いつか、ラーメン屋さん作りそう😊😂,
こういう時のHIKAKINあるある→ファンが心配するような事じゃなくてむしろ応援するようなことしかない,
ヒカキンにも苦しくて辛い時代があったんですね😢第3部がすごくよかったです。ラーメンに助けられたっていう思いとみんなにも元気になってほしいっていう思いが本当に伝わってきて、涙が止まりませんでした😭5/9の発売を心待ちにしてます！,
これからも夢を叶えて夢を俺たちに見せてくれ！,
こんな時間に見ちゃったからお腹すいた...,
すぐ完売しちゃいそう！いつ食べれるかわからないけどめっちゃ楽しみです！🤤,
ラーメン好きだから嬉しい！！あと落ち着いたらちょっと休んでほしい(切実),
YouTube続けながらもこれを着々と進めていたと考えると本当にすごい,
ラーメンに凄くこだわって作られたのが伝わってきます。発売日楽しみです！,
夢叶うってめちゃくちゃいいことだね、,
早く発売されないかなー　早く食べたい,
休止理由もヒカキンらしくて応援したくなるなぁ,
何回見てもご兄弟揃って招き猫引いてるのヤバいですね🎉(ฅ'ω'  ),
好きなことで生きるってこうゆうことなんだなぁ。。,
ラーメン大好きだから嬉しい!!!!絶対買います,
300円！本当にいつでも誰でも食べたいときに食べられる価格設定で泣ける,
ここまで人が良いと過去にどんな重罪を犯していたとしても、もうなんでも良い、許される😂,
お店を出すのではなく、全国民が気軽に手に出来るようにセブン🏪で販売するところがヒカキンらしくて心暖まるね💞夢に向かって努力して実現したヒカキンを誇らしく尊敬する😌,
ラーメンだけしか買えなかったけど、優しい味で美味かったです。,
とてつもないプレッシャーの中で時間と労力を割いて商品開発している姿が容易に想像出来ます。一週間休むのも納得です！応援してます！,
結構マジで少しでいいから休んで欲しい、、　とりあえず夢叶えられておめでとう！！,
シンプルになんか感動した笑やっぱヒカキンってすごいな,
発売日に絶対買う！,
内容ちゃんと見る前はラーメンとカップめしならラーメンがいいかなって思ってたけどこのカップめしめちゃくちゃ美味しそうやな🤤発売日に買いに行こう！笑,
息子と一緒に食べたいと思います🙋‍♀️🙋‍♀️,
店舗出すより賢いかもしれない！スタッフも店舗もなくても成り立つ,
なんか泣けてきたよ😢 ヒカキンさん、あなたはほんとにYouTube界の宝だよ。,
若い頃に死ぬ程努力して今夢を叶えたり、今の成果がある、そう思うとやっぱりHIKAKINさんには憧れる。僕もサボってばかりいないで、ひと踏ん張りしてみようかな。,
なぜか2回目に食べた方がさらに美味しく感じました😊,
どこかに行かないといけないとかじゃなくてどこでも手軽に買えるってのが神😇✨💕夢叶えれて良かったです🥹,
いよいよ明日か……。ホント楽しみ！！！,
エビとかカニを入れずに、アレルギーの人でもなるべく楽しめるように作ってるの好き,
もう、涙が止まりません😭ヒカキンさんの一生懸命努力出来るところとか本当に尊敬します…！絶対に買います！,
夢を追い続ける大切さを改めて感じた😊,
こだわってる理由がもし上辺だけだったとしてもやさしすぎる,
人生も、時間も、お金も、一切ムダにしない生き方に惚れてしまいます。心底ステキですっ！,
食べたい…他の味は作る予定あるのかな、食べてみたい、豚骨とか醤油も,
商品紹介を主にやってたYouTuberがこうして今自分の商品を紹介してるのほんと感慨深い,
濃厚味噌で香味油、白味噌使用…麺処くるりが本当に好きだったんだなって分かるわな,
ラーメンを初めて作った人、ラーメンを広めた人、ラーメン屋の人、みんな、ヒカキンさんを支えてヒカキンさんをこんな大物にまでさせてくれてありがとう。,
ラーメン聴きすぎてゲシュタルト崩壊起こしそう_(,3」z)_
服とかじゃなくてラーメンってのがHIKAKINらしくて好き,
味噌の甘味を人工甘味料で出そうと思ったら大間違いですぞ,
ご報告系YouTuber最近腐るほどいるけどやっぱプロYouTuberのご報告の内容は訳が違う😂,
本気度が伝わってくる！,
すごすぎる……✨夢を叶えていくのすごいよ( ᵒ̴̶̷̤◦ᵒ̴̶̷̤)♡発売されたら絶対食べる！！人気すぎてすぐ無くなりそうで怖い😭,
人工甘味料入ってるからか美味しくない…,
HIKAKINさんこんなに有名になったんだ....もう尊敬.....,
食べてみました！！すごい好きな味でしたー🎉😊個人的には、お湯入れてから7分くらい待つのが、麺がちょうどいい感じの太さになって好きでした,
純粋で真面目な人だなぁ。と改めて感心させられました。,
密着映像見てすごくこだわったのが伝わってきて、ラーメンの中で味噌ラーメンはあまり食べないけど食べてみたいと思った！！,
鳥肌とニヤケがとまらん。なんかすごい。,
活動の休み時間が夢を追い続けていた時間とかカッコよｽｷﾞﾙ!!,
熱湯入れたら3分じゃなくて5分待つのか。さすがヒカキン全てがオリジナル,
まじでかっこいいな、普通に美味そうだし今度買お,
叶えたかった夢を実現するために、YouTube活動で忙しい中でも、こだわりながら商品開発してきたって本当にすごい,
本当に凄い。努力の賜物ですね🍜,
お身体に気をつけてくださいね😊次はほんとに1ヶ月くらいお休み取ってくださっていいんですよー！😊,
絶対にうまい、そうに決まってる。言うまでもないね。,
夢を諦めないこそ人生,
食いたくなってきた,
これこそホントのYouTuberだと思います。誰かのことを取り上げるわけでもなく、自分の夢をちゃんと実行して視聴者にお届けする、素晴らしいですHIKAKIN,
凄く思いの詰まったラーメンに仕上がったと思います！セブンが無くて買いに行けないのが残念ですが、出かけた際に買いたいと思います！,
さっきコンビニ行ったら発売前なのに売ってたから四個ずつ買ってきた！！食べるの楽しみ🎶🎶,
食べたすぎる！！待ちきれない！,
夢を叶えるために頑張ってきたことが本当に素晴らしいです！😊,
これあれだねスーパーでも発売して欲しいくらい食べたいです。僕も小さい時から2008年生まれなんですけど味噌ラーメンが大好きで、近くに札幌ラーメンがあって毎日のように言っています。それぐらい味噌ラーメンが大好きです。,
本当の予想外すぎて困惑しながら普通に嬉しい俺がいる。,
本当に心からおめでとうと伝えたい！！ヒカキンはほんと凄い！！,
これはこれは！努力の結晶でしかないですね！ぜひ見かけた際は食べて見ます！❤,
やりたいことをなんでもできちゃう、それがヒカキンの力短いお休みで休めたかな？もうちょっと休みたいよね,
セブンで出してくれるの嬉しい！！田舎者でも手が出せる！笑,
美味しそう！🤤,
この努力は絶対報われるファイト❤,
スーパー兄弟。地元の人も嬉しいし、誉（ほまれ）だよね。,
3品目はノリが完全に某J熱大陸みたいで面白い！（脳内で葉加瀬太郎のバイオリンが聞こえてくる笑）これで30分やって欲しかった,
これにファイヤー流してほしい,
안녕하세요.히카킨님은 천재 유튜버입니다.절대 구입입니다.앞으로도 응원하고 있습니다.(저는 일본사람이에요.),
おいしいかどうこうじゃなくて、Hikakinのラーメンってだけでたべてみたいよな,
視聴者が体感しやすい食品への事業展開してくれてほんと嬉しい。,
ラーメンしかたべてなかったけどホントにおいしかった。300円で他より高めだけどリピありと思いました！また食べてくなる味。明日はカップ飯たべるの楽しみです❤,
前回より明らかに彩度上がってるw,
早く食べたいです❤,
ほんとにみんなに喜んでもらえるように作ってくれてるのがほんとに伝わる😭HIKAKINさんの夢が叶って良かったです💪,
おいしそうすぎる。。。！！！！,
夢を叶える人って裏で相当苦労してるのが垣間見える。本当にすごい,
ヒカキンさんみたいな人も最初は苦労してた！マジ尊敬,
僕らに出来る最大の応援は「買って美味しく食べる」これに尽きると思ってます。絶対食べます。,
そのラーメン買いたくなります。,
めちゃくちゃこだわり抜いて作られたのがすごく伝わりました！！！🥹🥹絶対買います！！！,
美味しそう食べたい(＞＜),
商品紹介系YouTuberがついに自分の商品を紹介する日が来たのか…,
絶対にどっちも買います!!!休んだ理由がこんなことでよかったです!!これからも頑張ってください!!大好きです!!,
こんなに本気で食べたいと思うプロモーション初めてww,
めっちゃうまそう！食べてみたい１００個以上買おっかなw,
めちゃくちゃ楽しみワクワクだねｰ絶対食べたい🤤買いに走るよー,
感動(T ^ T),
"""好きなことで生きていく""報告前は視聴者の心を昂らせ、報告後は自分の夢を叶えることで視聴者を喜ばせる。やっぱHIKAKINさんは本物のYouTuberだ。",
こんな休みのない多忙の中でラーメンの商品作りも進めてたの……？凄すぎでしょ…絶対食べます！！！,
HIKAKINさんのお陰で夢って叶うんだなーって本気で思った😅何かが好きなだけでこんなに頑張れるんだね､､､まじで勇気というか希望というか貰った気がする。やっぱりYouTuberの中で1番尊敬してるし1番大好きだなー‪(｡•ᴗ•｡),
食べてみたいー,
ヒカキンのラーメンを食べれるのは嬉しすぎる(泣),
めちゃめちゃ食べたいです❤,
なんか、感動するなぁ😢ここまで来たのかって感じるわ,
白味噌も入ったベースのニンニクのパンチあるラーメンの味の意味がわかりました。ニューミサ、僕も大ファンです！コレは試してみたい🍜,
本当に努力の塊でしかない😭❤️HIKAKINさんが頂点で本当によかったぁぁぁぁぁぁぁぁぁぁぁぁぁ🥲😢😭😭😭😭😭😭❤❤❤❤❤❤❤❤❤❤❤,
HIKAKINさんが作ったラーメンなんだから絶対美味いに決まってる。絶対に買います。,
Youtubeでもラーメンでも成功するってヒカキンさん凄すぎ…,
手に取りやすいなぁ、そうに決まっている,
自分の夢を叶えるために1年間頑張ってそしてその準備のためにたった一週間視聴者を待たせないようにすることができるYouTuberの鑑,
これは売れる未来しか見えませんね❤絶対買います😊,
めちゃくちゃ美味しそうに食べるから、お腹すいてきました...絶対どっちも買います！,
絶対食べる！,
半年後とかにスプラトゥーンのフェスで味噌ラーメン派対味噌メシ派の戦いあると思ってだけど今のスプラトゥーンフェスの選択肢三択なの萎える😅,
今日食べました！いやぁ、もう！食レポなんて出来ないから一言で言うと…めっちゃ美味しかったです！食べてよかった。もっと食べたいぃ！けど売ってねぇ！！,
買います。,
夢が叶ってすごく良かったですね😊私たちも夢を諦めずに頑張りたいと思います。,
You are amazing ! Can’t wait to try your ramen in the US ! 🍜🍜👍😋,
どんな味がするのか一度買ってみようかな？,
尊敬でしかない。。。めちゃくちゃ努力を感じるし普通にめっちゃ美味しそう。。。私もラーメンものすごく好きなので嬉しすぎます。。。😭絶対買いに行きます！！！！！おめでとうございます🎉🎉🎉🎉🎉🎉🎉🎉🎉,
食べてみたいです！,
なんか10年くらい見てるけど、感動するわ,
最近味噌ラーメンハマってるからマジで嬉しい,
こんなに楽しみな発表なかなかないから嬉しい！絶対食べます🥹この勢いでラーメン屋さんも作ってください😳,
あんなしっかりもやし入ってることあるんや,
何度も繰り返し観ています。観ているだけで気持ちが幸せになる。HIKAKINさん、ありがとう。,
これほんとに美味かった,
本当にこの人、YouTubeで自分の夢全部叶えるんじゃないかな。ずっと応援するけども。,
自分の商品作ってたの？凄…てか休みじゃないじゃんwまぁ自分のしたいこと実現できることってやっぱすっごくカッコイイ！これからも頑張って下さい!応援してます！,
私もバイトしてた頃、社会人になってからもお世話になってます！カップ飯もあるの有難い！贔屓します🎉,
メシにきくらげ入ってるの！？私きくらげ嫌いだけどメシで食べたら食べれるかも！早く食べたい😍,
コンビニで買えるのは嬉しい！ヒカキンさんの本気のラーメン絶対食べる😃,
味噌ラーメン好きなので見かけたら絶対買います😊,
この人の「こだわりました」ほど説得力のあるものは無いよね。めちゃくちゃ楽しみ🥺,
お疲れさまです。ヒカ様の努力と笑顔が、多くの人々の心に、自然と入って来るのが、ヒカ様、おめでとう御座います。喜んで、買わせて頂き応援していきたいと思いますヒカ様の声が笑顔が、私達の元気の素です。本当にありがとう。,
え、スゴすぎる😭ほんとに尊敬します😭これからも頑張ってください！でも体調には気おつけてください😭何時でも応援してます！！🥰💗,
初めて発売される商品って言い方だと次もあるのかな,
ラーメン大好きだから必ず食べます！！,
うっわめっちゃ美味しそ、、絶対ラーメンとカップ飯買うわ！,
実質全く休みではないの草純粋に尊敬できるわ,
味噌ラーメンが一番好きだから嬉しい！,
私もラーメン大好きなので絶対買います🎉おめでとうございます！！！ここまで努力できるのが本当に尊敬します。,
ファミマ派だからファミマまで置いて欲しかった感ある,
発売が楽しみすぎて毎日見てます。見れば見るほど美味しそう😋,
沖縄では発売されないのね…,
ヒカキンの努力って半端ない。ここまで努力出来る事がすごい事。,
急上昇1位おめでとうございます！1年かけてできたラーメンが買える日が待ち遠しいです！,
みそラーメン大好きだから嬉しい♥しかもセブイレならみんな買いやすいし！絶対絶対買いますね～～～🙌今から楽しみすぎる😍,
店やって欲しい(´･-･`),
ラーメン大好きなHIKAKINさんが作ったラーメンとか絶対に美味いやん…あと、手軽に買えるとか最高買うしかないわ🍜,
らーめんもいいが、もうそれ以上太るではないぞ......,
大好きなラーメン旅企画が商品開発の伏線だったの嬉しすぎ,
ヒカキンの熱意というか、思いが分かる😮まず、真っ先に自分で思う通りにするヒカキンが、凄くて羨ましい😮,
ガツッとくるカップ飯楽しみ!!,
新幹線代往復４万チョイ払ってでも『みそる』🍜食べに行きたい,
めちゃ美味しかった✨✨✨,
なかったからすみれ食べた。美味かった。,
ほんとに自分のことみたいにうれしい　そして、ヒカキンさんが忙しいなかで、いろんな人にハート押してるのがほんとに感動するやっぱり皆のこと第一に考えて行動していけるから、みんながついてきて超人気のyoutuberになれたと思うし、こうやって夢を叶えられたんだと思うこれからもこの人についていこうと改めて思った　ほんとにすごい,
これは、絶対買って食べます💪ラーメンは本当に食べると幸せになりますよね😂,
口角が上がるラーメン🍜ってすっごくいい👏👏,
ラーメン専門店より美味かった！,
世の中の色んなものを見たり食べたりしてきた人が「これは良い！」と思って作ったものたち。興味あるわ〜✨,
今食ってるんだけどバカみたいにうまい😋,
元スーパー店員の経験とか活かして、商品開発してるのすごいそのままスーパー続けててもその内商品開発部とかに異動してたかもしれないね,
大好きなラーメンが作れるくらいビッグな男になったヒカキンさんマジですごい……他の商品も、当たり前だけどこうやって試作を重ねて作られてるんだなぁと思うと、なんだか感動しました。絶対食べたい！！絶対見つけ出して食べます！！！,
自分も夢に向かって突き進んでさらに実現させるような人になりたいな〜,
早く食べた〜い！,
ラーメンに目をつけるとは！センスというかなにもかもスゴすぎて、さすが神と呼ばれるだけある😂全YouTuberびっくりしてんだろうなぁ😂,
この量で250円オーバーは高すぎだろ😂,
自分が叶えたい夢を叶えられて本当にすごいと思う！自分も見習っていきます！そして，どんな報告でも受け入れていきます！,
最高だよ…これからも一生ついて行きます！！,
戻って来てくれてありがとう❤️❤❤❤❤❤,
絶対食べるそうに決まってる,
めちゃくちゃ楽しみ！！美味しそうだから早く食べてみたい！,
早く食べたい〜🤤🍜,
言うこと忘れましたとか言っても全然許せる,
カップ飯も出してくれるところが最高!!,
ほかのYouTuberとは違ってラーメンなのいい😊,
はやく食べたいわ〜(о´∀`о),
食べました！！めっちゃ美味しかったです😃しかも当たりが出た🎉ﾔｯﾀｰ(((o(*ﾟ▽ﾟ*)o))),
今後色んな味出して欲しい,
本当に努力してみんなを明るく元気にさせるラーメンにしたいっていう気持ちがすごい伝わった,
やっぱりHIKAKINは人間性もパーフェクトだし表の人間としてもパーフェクトだと思う。,
夢を本気で叶えた姿めっちゃかっこいい,
買えない人おいいからもっと売って欲しいです,
HIKAKINさんの真剣さがこっちにまで伝わってきて感動しました元々スーパー店員で僕の人生の諦めない部分をHIKAKINさんが救ってくれましたありがとうございます,
ラーメンを食べるがわから食べられるがわになった男,
ラーメン店にするの飲食だからインスタントより異物混入系の事件が起こりやすくなるから絶対こっちの方がいいよね,
夢をちゃんといつも叶えていくのがかっこいい✨おめでとうございます㊗️,
正直かなり楽しみ自分の口に合うかはもちろんわからないけど、HIKAKINさんが思う至高の一杯がどんな味なのかは食べてみたい,
みそる美味しそう,
やっぱHIKAKINさんは努力のが凄い👏,
全年齢対象にしてるの流石やな,
セブンだけじゃなくてスーパーとかにもあったらすごい売れそう,
本当におめでとう🎉👏🏻👏🏻👏🏻👏🏻夢を叶えられて本当に良かったね！😭😊👏🏻👏🏻👏🏻楽しみにしてます！🎊🥳,
一年間夢を叶えるために頑張ってたヒカキンさん凄いし尊敬した！,
絶対食べる,
サッポロ一番の旨さが再認識できた,
台湾で....でもでも買いたい‼︎😢,
体を休めるための休みも必要だけど、だだの休みじゃなくて自分のやりたいことに集中するための休みってかっこいいな,
招き猫キンのとこ、満面の笑みとともに「特に何もありません」声出して笑いましたｗｗｗｗｗ,
好きなことにほんと全力一生懸命な方！観てて面白いし、楽しい！尊敬！沖縄でも販売あるかな…🥲,
美味しそう🤤,
私も以前落ち込んでいた時、ラーメンを食べてこの一杯でこんな幸せな気分になれるって本当すごいなぁ。。🍜✨って思ったの思い出しました。HIKAKINさんおめでとう🎉🎉早く食べれるの楽しみにしてます!,
しょうゆラーメンが美味しすぎて味噌ラーメン食べたことないのに凄く美味しそう…。。。これは買いだな,
ずっと夢を持ち続けるって事がすごい。普通は一つの事で満足しちゃいそう,
夢が叶って嬉しそうなヒカキンを見てるだけでこっちは嬉しいよ😂よかったねー😂ラーメンもご飯も絶対買う🎉,
嬉しい！！！おめでとうございます！！食べたいすごい気になる！,
くそー食べたいのに近くにセブンがないあったとしても二時間かかる,
夢を叶えられた事おめでとうございます🎉素晴らしい発売したら絶対買いに行っちゃいます👏(・_・)ｽﾊﾞﾗｼｲ,
カップの中に箸差しっぱなしなの嫌だ😂,
この人がちでまじもん。なんて言うんだろうここまで誠実で真実で素直な人見たことないんだよねヒカキンさんを見てると、大人って素敵だよな捨てたもんじゃないって思える。,
パッケージのデザインもセンスあって素敵ですね。下積み時代も人生が変わるその日もラーメンと共に、感動的です。,
味噌ラーメン大好きだから嬉しいー❤,
人工甘味料に驚き,
言いたいこと沢山あるけどとにかくおめでとうございます！！！,
絶対買う，こんなの買わないわけ無いじゃないですか。まずヒカキンさんの作ったラーメンってとこで買わないわけ無い！！！,
服とか鞄とかじゃなくてラーメンってのが個人的に最高,
再販の時に食べました！とても美味しかったです！！！,
HIKAKINさん忙しい中でも本当に好きなことして生きてる感じがしてすごくいい,
��美味そう,
向上心あって素晴らしい！✨ラーメン旅もしてるくらいだから好きなんやね😊,
今日食べてみたけど、めっちゃおいしいよ😊,
こうやってがんばってるヒカキン見てると、自分も「諦めないでがんばるぞ！」って思う。,
味噌ラーメン自体が好きすぎるし絶対買う！めっちゃ楽しみ！,
感動だなぁ❤ラーメンの色んな袋付いてないの楽すぎて神すぎる！！！めっちゃ良い！！急いでる時に3袋とか面倒だから😂,
人気すぎて、すぐ完売なるゆですよね、買えたら買って食べてみます,
ラーメン苦手だけどその中で1番好きな味がミソだから嬉しい😆絶対食べる〜！💭🤍,
美味しそう😊絶対食べます！,
ちゃんと全国のラーメンを回るという伏線をはっていたと思うと鳥肌もんだわ,
故郷のラーメン屋さんのくだりは涙出るね🥹具材や調味料だけじゃない、背景や思い出が何よりの美味しさに繋がる隠し味☺️,
普通に美味しそうだし一般市民に気軽に手に入りやすくて凄くありがたいです！！買いますね🍜,
絶対食べるよ！！楽しみにしてます！！,
ヒカキンさんのガチファンだから泣くくらい嬉しい一生買う,
活動のおやすみ期間も動いてるのはもうよー分からんくらい動くやん。たくさん寝て、、、,
YouTubeやりながら1年これを作れたのはすごいと思う。,
休止といえど結構働いてたのね！！いやすごいな~😢食べるの楽しみすぎる,
Wish you all the very best Hikakin san❤️ You are superb..👏🏻😊,
食べてみたいです！楽しみ,
なんとなく「ヒカキン、ラーメン好きだな〜」って思ってたけどまさか作ってみたいと思ってたとは、、、食いて〜！楽しみだな〜！,
美味しそう😋,
どんな報告でも応援することに変わりはないんだけど、全国ツアーだといいなぁー♪♪,
発売待ち遠しい！！🤗🤗🤗,
泣けました。おめでとうございます🎉9日セブン出勤なので、必ず買わせていただきます。出勤前に売り切れちゃいそう！！楽しみです❤,
みそるから来ました。寄せすぎてて笑いました！！！,
大好きなものを磨いていくその姿、大人の私も勇気づけられる。かっこいい！,
美味しそうだねえ、食うまでもない,
なんなら店舗出してくれてもええんやで！,
これだけの熱量で作ったラーメン、絶対おいしい！,
HIKAKINさんは神なんなら仏の域にまで達してるただ普通に頑張っただけじゃあんまり夢って叶えられる物じゃないと思うから、HIKAKINさんはものすごい努力の上にこの夢を実現してるんだと思う,
ニューミサのラーメンはほんとおいしい,
1年間かけたラーメン🍜絶対買いに行きます、楽しみです☺️,
コレは一度は食べたくなる,
ラーメン製作の関係者から情報もれなかったの凄いな,
ヒカキンはまさにお金<∞<努力を証明した男,
ヒカキンは今回夢を叶えたけど、ヒカキン自身もまた、色んな人の夢になってるんだよね。素敵な世界だ。,
絶対手に入れる！,
服とかじゃ無くてラーメンなのほんとに好き流石HIKAKIN,
売り切れちゃったから😢また買いたいなー,
勝手に💍報告だとばかり思ってたから予想外すぎたけど、ヒカキンさんのYouTuberとしての夢とは別の夢が叶って本当に嬉しい,
夢叶ったというより叶えたの凄い…！買います！楽しみ〜,
絶対うまいやん！！！買うか！！本当におめでとうございます！,
１個ずつ買いたいなぁー！,
本当におめでとうございます🎉元気出したい時にたべよっと🥹,
新手の情熱大陸みたいなバラエティかと思った,
だからラーメンダーツとかやってたんだね。好きなものを本気にできるのって本当に尊敬できる。,
おめでとうございます。🎉🎉🎉海外にいるので今直ぐ食べれませんが帰国したら食べたいです!!どんな味か楽しみ。,
この人は、マジで凄すぎるよ！,
これ作る為に2022年の新曲出さなかった説,
美味しそう！！発売日楽しみです😊,
食べたいー！！！！,
しょうもないとか言ってる奴ら、人の夢を6文字で片付けるなよ。HIKAKIN、本当におめでとう。これからも一生ついていくわ。,
わかりみが強いです、、ラーメンは人生です、、😂必ず買います🎉,
本当に楽しみです！！！絶対食べます😊,
セブンイレブン無いから食べれない...😢....いつかセブンイレブン見つけたら入って絶対買う！！！！,
美味しそう😎自分の作品にこんなに自信もてるのかっこいい😎早く食べたいなあああ😎,
絶対買ってやる〜‼️❤,
まずYouTubeを16年間休まずにやってるのだけでも凄いのに、YouTubeをやりながら他の夢を実現させるためにも全力を注いで頑張るヒカキンさん本当に尊敬します！！！！,
僕の夢は記憶がある時に東京に行く事でしたヒカキンと共に夢を叶えられて嬉しいです。,
おめでとうございます🎉とても美味しそうでアメリカでも買えたら嬉しい！大ヒット商品になって海外進出もできますように🙏✨🤲,
絶対食べる,
体質がらラーメン(小麦粉)が食べられませんが、メシも出してくれたなんて😭心から応援いたします!!,
そのうち袋麺も出してくれ,
夢を叶えようと努力して叶えるってすごいことだと思う,
両方買いました！カップ飯美味しすぎてリピート確定です！明日はラーメンの方も食べてみます！,
HIKAKINまじでかっこいいよ...夢を叶えていくその姿尊敬...,
うわわ美味しそうすぎる絶対買う,
「もう一つの夢だった」かっこよすぎ,
つよぽん絶対に5月9日買ってみようかな超美味しそうだね,
夢を叶えられるって凄い事だな自分の好きな食べ物を商品として出せるなんて凄い,
"めっちゃ美味しそう(´,,•﹃•,,｀)2つとも買います❤🎉😊",
ヒカキンさんは下積みがすごいからここまで有名になって、夢が叶ってくれるのはこっちも嬉しい。,
ラーメン美味しそうですけど、めそらーめん食べれないので、しょうゆとかでもいいので食べたいです。,
カッコよすぎる…。絶対に買います！味噌ラーメン好きなので早く食べたいです🍜,
食べたーい！！！！,
上手くいくか失敗するか分からんが絶対食べるわ,
誰でも手に取れる価格帯ってのもありがたい！必ず買って食べます！そしてみんなのコンビニ紹介気になりますね😊,
もー映画にしていいぐらいすごい✨,
食べたーい❣️,
これだけ魂込めて完成させたラーメン！本当に凄いです！発売日に近所のセブンイレブンにも並ぶかな？田舎だから地域差ありそうですよね。見付けたら絶対食べます！楽しみです！^^,
セブンないんよなー生協かイオン系列で売ってたら買う,
勝手に期待しといて、いざ発表した時文句言うのは違うだろ素直におめでとうでいいでしょ,
22,23 ここ急に声小さくなるの好きなんすよね
号泣してしまいました。本当におめでとうございます！！かっこいいです！発売されたらセブンにいきますね♪,
本当にヒカキンさんは、The努力って感じがする！！,
カップ飯大好きなので凄く楽しみです！発売日にセブン直行します！！,
これもいわゆるYouTube界の既得権益だな,
自分の夢を追うという事は凄く良い事とだと思う,
すごく食べてみたくなりました！✨見かけたら絶対に買って食べます！,
両方とも必ず購入しますっ😆👍発売日が楽しみ🎶,
絶対買う🎉,
ずっと夢を追い続ける姿 痺れます!!,
カップメシの方！！2食目からはチーズ入れて食べてみたい！！！！,
この機会で思ったけどヒカキンさんが存在してないどYouTubeがつまらなくなった…ヒカキンさんが活動休止してから少し寂しく感じた事があった。私はヒカキンさんを4年前？くらいからしか見てないけど本当にいい人なのは分かる。誰よりも長生きして欲しい。ヒカキンさんにどれだけ救われたか…本当にありがとうございます！！！！,
ええ！すごい！買いに行くー！！！！おめでとうございます✨✨✨,
うわぁぁぁぁあ👏✨✨✨✨すごい！！！！よかったね！！！！絶対食べる！！！！夢に向かって全力で頑張る姿、心から尊敬します………。,
ヒカキン完全こだわりのラーメンならいいけど、味的に元のラーメンをちょっと変えただけならわかんないなーラーメンに関しては厳しい世界だからヒカキンってだけで売れると思うけど、美味しくなかったら売れなくなると思うけど人それぞれの好みだからわかんないけど,
今までの様々挑戦を経て、たどり着いたラーメン🍜！食べるの楽しみです✨,
味もこだわってそう！ちゃんと美味しそうなので期待,
発表するまで1分もかからないの流石ヒカキンって感じして好き,
深夜に見なきゃよかった、美味しそうすぎる🥺味もそうだけど、HIKAKINがラーメンと一緒に色々乗り越えてきた想いを聴くと、自分もそういう日に食べたいと思った！！楽しみ！！！！初日買います！！,
夢を叶える。その力凄すぎです！尊敬！🎉🎉,
食べたーい❤,
私もラーメンが大好きで、とても共感できました!,
他のあじもつくってほしい,
シンプルに凄い本当に頑張ったんだなって尊敬できますね,
味噌ラーメン味のカップ飯は売ってないからめちゃくちゃ嬉しいです！！絶対買います😊✨,
HIKAKINさんにほんとに元気貰ってますし尊敬してます٩(๑❛ᴗ❛๑)۶2ヶ月入院してて大変ですが退院したら絶対食べますΨ( 'ч' ☆),
めちゃ早く食べたい,
同い年で一番尊敬と安心感がある人柄です！ラーメン発売おめでとうございます！当日買いに行きます！！,
すてき　食べたい,
ただ発売するのでなく、ラーメンに助けられた感動的なエピソードがあるのがやっぱりヒカキンさん神だなって思う,
凄くこだわって作ったのもあって、めっちゃ美味しそう！ちなみに、白味噌派なので尚更食べたーい(⌯¤̴̶̷̀ω¤̴̶̷́)✧開発中、大変そうだったけどもヒカキンさんがとてもキラキラしてて少年のようでした✨長年の夢のひとつの実現、おめでとうございます㊗️🎉発売を楽しみに待ちたいと思います🎶,
嬉しいそうに紹介してるHIKAKINさん見てるとこっちまで嬉しくなります。発売日絶対買います‼️,
再販楽しみ,
夢って叶うのね❤,
発売日から毎日セブンを巡っていますがまだ買えていません。勇気を振り絞って店員さんに次いつ入荷するか聞いてみたら、今後入荷予定はありませんと言われてしまいました。再販されないのでしょうか、食べたかったです(泣,
この人はたった一週間の休みのために盛大にみんなのことを考えてるんだな。この人こそ本物の聖人だ。,
ラーメン、メシめちゃくちゃ美味しそうなので、買って食べて見たいと、思います。夢を現実に叶えられて良かったですね。おめでとうございます🎉,
めっちゃ美味しそう❤️‍🔥🍜絶対買う！,
たべたーーーーい！！！！！,
すごい興味あるラーメン🍜1年間とは凄いですね😮💥 でもほんとに何もしない期間を作って欲しいです！,
努力が凄すぎて俺も頑張ろう。,
まじでこの人超えるユーチューバーというか人としても中々いない笑,
学生だからYouTuberとかが出すものって高いけど、HIKAKINさんは学生の気持ちも考えてくれたのか300円という化学でこだわりのラーメンが食べれるのは楽しみです！友達と買いに行きます！,
これは売れる！！口角が上がる感覚、わかります。さっそく9日からセブン見てきます！,
無事に買えた。結構残ってたので友達と買った。2人で喜んだ！！,
最初のオープニングをHIKAKIN TVEVERY WEEKでも許される,
これは絶対美味い,
1時間で80万再生超とは、、😳どれだけ、ヒカ様の復活を心待ちにしてる人が多いか分かる😢,
おめでとうございます!!!1年間も私達の事も考え食べやすく美味しそうなラーメンを作って頂きこちらも凄く嬉しいです!!!5月9日が凄く待ちどうしいです‪🙌🏻  ̖́-,
マジで楽しみ‼️❤,
応援しとるで！絶対買うわ,
いつでも好きな事に全力なヒカキンさん、やっぱり好きだなぁ❤,
姉も食べたいて言ってた！絶対買います！！😆,
どんな報告でも応援してます,
とても美味しかったです！もやしの食感すごかった,
映像ヒカキンが作ってるの何気に凄い 1,1
ファミマ、ローソンでも販売して欲しい！,
HIKAKINさんのラーメンに対する本気が伝わりました。発売が本当に楽しみです。,
スープと麺が美味しかった！今からまた買いにいきます！,
感動をありがとう。久々ぶりに涙したよ。こういうことなんですよ,
すごい！！おめでとうございます😢✨️セブン行けた時にあるといいな💭,
これは売り切れなるだろうなー💦買いたい名言、、、食べ終わったら容器は綺麗に保存だ！ほんと美味しそうで✨,
報告長すぎて校長先生かと思っちゃった,
完成おめでとうございます🎉発売楽しみです。ラーメンは豚骨とかが人気が多いですがそこを味噌でくるところが、、たまらないしかも、ニンニクいり、最高👍楽しみにしてます。あちこちのセブン巡りしよ。,
普通に美味かった,
夢を叶えることも凄いけど、夢が叶う方の瞬間を共にできることは一視聴者として、とても喜ばしいです！,
おめでとうございます！たくさんたくさん売れますように😄,
HIKAKINさんみたいな色んなことに夢を見てチャレンジできる人になりたいと思った！,
うぅ😢えーーーーーーーーーーーん！アタチも食べたい❤,
HIKAKINの凄い所はラーメンとカップ飯を両方しっかり食べてるところ！❤,
美味しそう食いてぇーーーーーーーーーーーーーーーーーーーーー,
16年前からBGMも変わってない、純粋にビロガーで、商品紹介をしてたヒカキンと何も変わってない。最高なYoutuberだわ,
HIKAKINの夢が叶って本当に良かった。,
１年かん両立しとるのすごすぎます❗😂,
ちょっと高いけど絶対買う,
めっちゃうまいです！ラーメンとカップメシどっちもちょうどいいニンニクの感じでこだわりが伝わりました‼️,
HIKAKINさんの作られたラーメン美味しそうで食べたいなと思いました,
あまりにも本気すぎて勝手に感動した…,
めちゃくちゃ美味しかったです！！,
HIKAKINさんが、美味しく食べてるのを見ると、発売が待ち遠しいし早く食べてみたいー！！,
見てるだけで腹減ってくるわ...,
HIKAKINさんは安心して一生推せる！発売が楽しみ！,
俺も、初めて食べた食べ物ラーメンだから、思い出が、あるぜ,
正直ここが僕一番見ていただきたいんですけど…っておっしゃってますが、自分の好きな人の夢が叶う過程を見せていただけるなんて光栄でしかないから見るに決まってます。ラーメン見かけたら絶対買います。楽しみにしてますね。,
是非食べてみたい…ヒカキンさんをずっと支えていたラーメン。こだわり抜いた一杯を食べて元気を貰えるといいなぁ…,
おめでとうございます！まさかの誕生日に発売😂絶対買います！早く食べたいです🍜,
インスタで見ました！ラーメンとカップ飯、絶対食べますΨ( 'ч' ☆),
同じラーメン好きとしてここまでやるＨＩＫＡＫＩＮさんを尊敬する。😂ラーメンうまいよね！！！,
麺の硬さが気になって😅,
終始テンションが高くてどれだけ嬉しいのか分かる😂,
コンビニで売ってくれるのはありがたい味噌ラーメン普段食べんけど HIKAKINさんのラーメン食べてみたいと思いました！これからもずっと応援します。がんばってください！！！,
夢を叶えられて良かったですね👏✨おめでとうございます㊗️諦めなければ夢は叶う💪セブンで出会ったら買います‼,
絶対買う！！！,
おめでとうございます🎉私もラーメン大好きなので楽しみ過ぎます❤,
待って！今食べてたら蓋当たりあった‼️,
頼む、復活にしてくれ、、皆あなたを待ってるんだよ、、,
6分ぐらいのいい感じの曲は「心響〜SHION」です😮,
自分の夢を叶えられる人がいて、その瞬間を沢山の人と共有出来るのはHIKAKINだからですね。おめでとうございます！自分のやりたい事を本当に達成出来るのを証明してくれた貴重な人です！,
誠実で好き,
朝一買ってセットで食べました！！どちらもすごく美味しかったです！😊味噌ラーメン好きな方には本当におすすめです！！,
食べたいのに何処も完売で売ってないよー🥹,
なんかヒカキンさんって自分の節目とかにいつも誰かの為にやる事ばかりでYouTubeを始めた頃から芯とか根本が全く変わらないんだろうなと泣きたくなる😭,
味噌ラーメン大好きなので楽しみです,
ヒカキンさんの人生って夢あって好きすぎる,
HIKAKINさんの一生懸命作ったラーメン食べてみたい(*´﹃`*),
復活おめでとうございます！最高！！！！！,
他のラーメン作ればいいと思うな例えばしょうゆきん、しおきん、とんこつきんとか作ればいいじゃない,
自分が好きなものを自分が満足するまでつきつめて作れるって素敵😌,
これが自分の誕生日に発表されて嬉しい！(*^_^*),
色々考えていることが好感持てる🎉☺️まだまだたくさん好奇心いっぱい👏ワクワクしかない✨🎵,
絶対食べなきゃ！😋,
おめでとうございます！とても美味しそうなラーメンですね!!早く食べてみたいです！,
絶対買うw,
मुझे नहीं पता आप क्या कह रहे हो पर आप जापान के सबसे बड़े YouTube creater हो बधाई हो आपको ।नमस्ते जापान Namaste Japan ❤,
字も綺麗なところまで本当にヒカキンさんの才能にびっくりです。これからもずっと応援してます！,
味噌ラーメン大好きだし大好きなHIKAKINが作った（？）ラーメンなのが最高,
私も同郷なので、あのミサのガツンと感のある味噌ラーメンは脳に刻まれてます！笑　おめでとうございます！楽しみにしています♪,
ヒカキンさんの努力は本当にすごい！これからも頑張ってください。,
味噌ラーメン苦手なので醤油か塩も作って下さい,
夢を叶えられるってこんなに幸せなんやなー,
本当に楽しみにしてます！カートンで買いたいです🍜,
夢を現実にするのカッコいい‼︎,
ラーメンご馳走さまです。美味しかったです。YouTube活動もやりつつ、色々な準備ができる体力とか、努力とか、尊敬します,
おめでとうございます！！！楽しみです！！！絶対に食べます！！！,
売り切れてました💧店員さんに聞いたら、製造はもうないって言ってたので、食べられないかも😭,
もうすまんけどHIKAKINさん超えるYouTuberはほんとにいない。もう俺が決めた。この人は人としてもYouTuberとしても最高って感じで大好き。,
感動しました😭,
ほんとにうれしそう～つたわってきます東京に行ったりせず、セブンで買えるなんて！ヒカキンさん本当にありがとうございます！,
なんか、感動する🥹,
まっすぐで真剣で真摯でやっぱりヒカキン大好きヒカキンの夢が叶って嬉しいラーメンもカップメシも食べるの楽しみ！,
絶対食べますね！,
別にヒカキンさんファンではないけどこの人の努力凄いと思う。あと普通にラーメンうまそう,
まって、まさかのみそめし美味しそうすぎる。。。ヒカキンのことだから本当にこだわって作ってくれてるはず！絶対食べまーーす！！🎉,
このラーメンを、同じように、元気が無い時、腹ペコの時、ヒカキンさんの話を思い出しながら食べたいと思います！！！インフルエンサーの方で、夢を叶えたと聞いて、こんなに、『本当に良かった！！ここまで長い道のり努力と信念つらぬいたんだな』って感動したのは初めてかもです。,
習字普通に上手いw,
好きだったラーメンを作るなんてすごいな😢😂😊,
おこぷれで知りました　美味しそうなので絶対食べます,
「世界の紛争を全て根絶しました」とかでもHIKAKINなら許せる,
絶対買います！HIKAKINさん素敵です！休んでないですよそれ！みんなのために頑張ってるとか尊敬です！,
今までと全く違うトーンのヒカキンさん感動しました🤩,
いっそのことラーメン店作りそう,
おめでとうございます❣セブンでかえるの有り難い❣元気がない時に私もヒカキンラーメンでパワーもらいます✾,
息子達と食べました！スープめちゃくちゃうまい！酒粕？の香りがします。息子は今まで食べたラーメンで一番うまいと言っていました^_^,
ポイントつける側からつけられる側になったの凄すぎ,
感動しました😢,
味噌ってのがいいですね!食べてみます!次あれば豚骨も期待してます！,
楽しみにしてる笑すぐ売り切れそうだねw,
やはりラーメンは僕たちにとって最高なものですよね😊,
セブンに行けばあるのよね！売り切れるかな？買いに行こ〜,
夢を叶えるために発表の映像も本気で作るの流石YouTubeの神。,
HIKAKINから溢れ出る優しさに泪がでる！！！,
ケースで予約しました！来るの楽しみ食べるの楽しみ❤,
美味そうー！絶対買います！,
ストーリーマーケの事例として勉強になる,
改めてすごい人だなと思った👏,
グッズ系じゃなくてラーメンメインなのが個人的に嬉しい,
わーい🙌いぇーーい！おめでとうございます！！コンビニで買えるの嬉しいです楽しみー！！,
買いました！すごく美味しかったです！ラーメン屋のラーメンより美味しかったです(≧▽≦)ありがとうございます！たくさん食べます！,
手に入れ増した。マジで嬉しいです、,
HIKAKINさんの元気が出て嬉しく思います,
早速それぞれ２つずつ買いました！人気すぎて売り切ればかりで何店舗も周りました笑,
1時間で100万再生に迫るのはさすがすぎる,
発売決定おめでとうございます🎉5月9の発売日に2つとも買います！これからも応援してます頑張ってください🔥,
めっちゃ美味しかったです！,
地元に味噌吟とゆうラーメン屋がある,
初コメ🎉どのYouTuberが食レポしてくれるんだろう😂忖度なしで-w-w私的にはサッポロ１番味噌ラーメンを越えるかどうか。。。,
ヒカキンが青色の服着てると嬉しい。,
しょうもないって言われても夢を叶えられることはすげーよ,
Hikakinさんって本当にかっこいい一生尊敬できる,
9日まで待ちきれない！私もラーメン大好きです🍜✨本当にすごい行動力だよHIKAKINさん🥹おめでとう！！！,
5/9発売なのに5/11　製造終了完売とセブンの店員に言われました。,
とっても美味しかったです！！,
探してるけどマジで無いw人気ありすぎ！！,
本当に今までずっとみていたのできっとHIKAKINさんならみんなをワクワクさせるご報告なのかな,
ヒルクライムのライブで初めてヒカキンさんを見て知って…あれからもう何年も経ってるけど今では、今でも、ヒカキンさんtocさんの大ファンです！,
バイト終わりに速攻買って食べました。凄く美味かった!,
早く食べたい！早く発売しないかな〜,
また新しい夢の実現を期待してます！頑張ってください😊,
食べたくて((ｳｽﾞｳｽﾞ)),
予想外だったけど、これは絶対買う,
すごい、！！！！おめでとうございます！！！絶対買って食べる！！美味しそう！！かっこいい！！！大好き！！！,
いつもはHIKAKIN面白いなぁ〜って感じで見てたけど、今回のHIKAKINはカッコイイ✨やっぱり夢を実現できる人はカッコイイです!,
美味そう😮❤,
ラーメンの味で味噌が1番好きだからめっちゃ嬉しい！しかも安い！買うしかないな。。。ヒカキンさんありがとう！！！そしておめでとう！！！,
美味そうだなぁ、そうに決まってる。,
濃厚味噌ラーメンが税込で300円なのなぜかひかきんの優しさ詰まってるような感じがしてすき,
早速食べました。絶妙なバランス。美味しかったです！1年間試行錯誤された甲斐があったと思います。ごちそうさまでした。,
18,44ほんとにラーメン超えちまった模様
父に15年育ててたアロエ捨てられてショックだったけどなんか元気出た😂,
食べるの楽しみ〜🍜🍚,
5月8日なのに店に並んでて買って食べてみました！！とてもおいしかったです！！！！！,
普通にいい話なんだけど、恩師を紹介するかのようなテンションでラーメンについて語ってるのなかなかにシュールで笑ったw,
本当におめでとうございます🎉本当においしそうにすすりますね😂ごはんもとっても美味しそうです！,
コンビニで買えるのが嬉しいです。夢を叶えるってすごいです😮✨😊👏,
一キロ近く探し続けてるけどまだ全部売り切れだよ,
控えめに言っても神,
醤油キンも欲しい,
1番びっくりしたのがHIKAKIN様の書道が想像以上に上手かったこと,
夢を叶えたいことを叶えるHIKAKINさん、本当に凄い。。息子もラーメン大好きなので発売されたら即購入して食べますね😊,
HIKAKINさんの血のにじむような努力が伝わってきますわ,
中野来たら札幌ラーメン味七上手いから食べてみて🤤味噌ラーメン,
キン兄弟がラーメン大好きなのをずっと見てきたから、これほど信頼における商品はないと思ってます😂💕絶対食べたい！ 争奪戦になりそうなのでゆっくり手に入れますね 笑一つ夢を叶えること、本当に素晴らしいし勇気をもらえます。おめでとうございます🥳🎉,
プルルルルルルルルルルルが過去一気合い入ってるw,
ヒカキンは本当に充実してるなぁそうに決まってる!,
サムネ変えるところとかさすがだな〜と思う🤣常々、YouTubeのご報告サムネには嫌気がしているのでww発売まであと4日🎉たのしみー❤❤,
あと少しで再発売されるから見に来た人↓✋,
小麦アレルギーだからご飯あるの嬉しい😃お母さんにラーメン食べてもらおう♥️♥️♥️ヒカチャンよかったね🎉🎉🎉🎉,
コンビニで買えるのはいいですね！,
ラーメンでまさかこんなに感動させられるとは思わなかった。,
これは招き猫キンがでるまで食べたいと思います！自分もラーメン大好きなのでw,
ミサは小さい頃行ってたな😊玉ねぎ甘めで味噌と合う❤懐かしい,
おいしそう❤❤❤,
美味しかったです！次の新商品待ってます！,
28,34 theスタンダードなラーメンになりましたね！！
何かヒカキンクラスが初の商品開発って凄いな普通もっと格下のインフルエンサーでも出してるのにそれだけ慎重に製作してたって事かな？これはさすがに食べてみたい,
HIKAKINってほんとすげーわ。まじで尊敬w,
わぁー夜中に再生してラーメンクッソ食べたくなったー😂😂😂発売したら買います💪🏻5月9日楽しみ✨,
一週間お休みしてまあ当たり前だなと思ったら頑張るためのお休みだとはさすがすごすぎるちょっとはお休みしてくださいね！長文失礼しました！,
HIKAKINさん、1週間を準備に費やしたなら、あともう一週間休んでから再開すればよかったのにマメな人だなぁ……買ってみたい！,
めちゃ美味しそう,
お休み頂いてありがとうございますって、上の立場になったにも関わらず、ほんと謙虚だよね、尊敬する,
食べるのが楽しみです😊娘にも、食べさせてあげたいです❤,
夢を実現することはとても難しい事を叶えるってすごいと思いました！５月９日コンビニで探します😂,
��美味しそう😊,
様々なバラエティーヌードルも期待してます！,
絶対売り切れなってるやろな😂,
HIKAKINさんって、なんでこんなに私利私欲みたいなのを感じないんだろう。みんなを笑顔にしたいっていう思いで、すごくすごくこだわって作ったのが伝わってきて、なんか泣きそうになっちゃった。,
おめでとうございます🎊絶対に買って食べたいと思います。本当に美味しそう😋急上昇ランキング1位素晴らしいです🥹,
今日誕生日だったからなんか嬉しいです(❁´ω`❁)HIKAKINさんおめでとうございます、そして、いつもお疲れ様です(❁´ω`❁)最初は売れすぎて中々買えないと思いますが、買える機会があれば買わせていただきますm(_ _)mこれからもご無理なさらずに頑張ってください💪,
心の中➡😢😢😢😢😢🎉🎉🎉🎉🎉　という感じ,
発売おめでとうございます🎉食べるの楽しみです😊,
俺も自分の商品出せるまで頑張るわ,
YouTube活動だけでも忙しいのに他の夢も叶える事が出来るヒカキンさん凄いです,
是非食べてみたいです！！！HIKAKINさんがラーメン好きとは嬉しい✨,
夢実現おめでとうございます🎉味噌ラーメン大好きなんです😊絶対食べます！,
いろんなセブン行ったけど全部売り切れだった😭,
ありがとう!感動を！ラーメンを！HIKAKINさんが創るラーメンやその他の料理はどのインスタントよりも美味しそう!,
食べてみました。スープがマジで美味え,
16年間やってて初めての休み、きっといいご報告だと思う。まじ楽しみ,
26,40 ヒカキンがsacai着てるやんラーメンもTシャツも適正価格で買いやすくていいね
本気で何かに取り組み頑張っている方の、その夢が叶った瞬間っていいなあ！前向きな気持ちをありがとうございます。まだ出会えていない…早く食べたい！あわよくば招き猫キンにも会いたい😂,
味噌メシの方が圧倒的に美味しかったなー,
ヒカキンさんホントにラーメン好きですね、自分の好きなもので夢が叶えれるのすばらしいと思う,
くっそ美味そう,
23時間以内で急上昇ランク1位になったのがやばい,
自分の好きな事（ラーメン）で、視聴者をも一緒に喜ばせれるのってHIKAKINさん位だと思う😊幸せを独り占めせず、皆んなで分かち合える形に出来るHIKAKINさんは、やっぱり凄い！！絶対買います😊頂きます❗️,
メンマ好きにはたまらない❤,
普通に美味かった,
えぐぅ！！やっぱりヒカキンってすごい権力持ってるよねー😂絶対買うわw神ー❤,
YouTuberのプレゼント企画は税金対策だよな。,
このラーメン食べるために一日頑張れる日が自分にもあるんだろうなと思うと嬉しい。どうにか生きてる自分でもギリカップ麺に出せる値段で嬉しい,
はよ食べたい！！！！！！！！！！！！😢❤おめでとうございます、夢を叶えていく瞬間をこうやって見ることが出来て、同じ時代生きれて幸せです！刺激もらいました😢！！！！,
味噌ラーメン好きとしてとても気になる！絶対買う。味噌派閥にも嗜好が違う事があるから、HIKAKINさんがどんな味が好きなのか楽しみ😆💕,
美味しすぎた,
HIKAKINさんは本当に凄い人なんよ👏,
食べなきゃ……,
プレミア公開の時、コメントで文句奴多すぎて悲しくなったわ。素直に祝ってやればええやんけ,
美味しそうですね。発売が楽しみです♪😊,
コンビニ行ったら1日早く売ってました 美味かった,
どんな小さな事でも、夢を叶えられるって素敵な事だよね,
みそキン必ず買いに行きます（行く時間であればいいけど),
必ず買います♪   美味しそう！,
初めどれだけすごいか分からんかったけど冷静になって、考えたらとんでも無いことしてるの草,
絶対明日食べる！,
買ってくる！,
普通に食おう,
めっちゃ美味かった！,
味噌ラーメンで良かった⭐️他の味だと食べないので…。食べてみます😁‼️,
めっちゃ食べたい！食べてみる！,
Youtuberの師匠って感じです,
まあ味の好みとかって人それぞれだけどさこれを食べてあおるやつの気持ちがわからないんよねただただ妬みでしょって思ってしまう,
カップ飯派でした！どっちも美味しかったです🩷,
ほんとにすごい👏,
小麦アレルギーあるからご飯あるのはありがたい！,
そんなことだろうと思った😂コンビニ行って、買いますねー！,
絶対、買いにいくー！,
ラーメンとメシ両方食べました。確かに元気を貰いました。,
絶対買う！,
応援したいから買う〜！売り切れちゃうかなあ,
ガチこれ美味すぎ😊,
買えたぁ！！,
なんか福くんが仮面ライダーになるって夢を叶えた時くらい勝手に感動した,
増産お願いしますm(_ _)mまだ、食べられてないです味の好みは人によって違うので、ネットでまずいとか言ってるのは、気にしないで。いろいろ作ってほしい。食べられる日を楽しみにしています,
なんかHIKAKINさんはYouTuberで成功してるからとかそういう妬み全くない。努力が実った人だなぁって見れる,
食べたい……,
絶対買いに行きます！🔥👏,
やたぁみそめしはあったので買いました、ラーメンは売れ切れて無かった😂,
シンプルにバカ美味そう,
絶対買う,
セブン少し離れてるけど、HIKAKIN大好きだから、セブン行こ😊,
これに救われ、励まされた人間がまた新たな物語を紡ぎ出す,
それでも人工甘味料入ってる,
矛盾がいま話題になってますね。YouTuberやってなかった時の件。,
これがヒカキンがの視聴者側へのドッキリだとしたらマジで笑える,
本当に美味しかったです。,
美味しそう😊食べたい😙,
9時間で313万再生、やはりYouTubeの王だったか,
食べたい…🍜,
僕もラーメン大好きです！僕もラーメン作ってみたいなあw田舎なので買えないですけど旅行行った時買いますね！！,
なんかもう、嬉しい。泣ける……矢部,
夢かなえる凄い🎉,
めっちゃ美味かったです！,
緊張するな………でも最大限応援します！！😊,
みそるから来た人🙋,
はじめてヒカキンさんの、ラーメンを、買いに3店舗行きましたけど、ご飯の方がなくてラーメンを食べたら、くやしいけどおいしかったです。,
おかんが「ラーメン出すか、なんかの商品ちゃうん？」言うてたんマジで当たってんやけど笑笑笑,
防災用で30年くらい持つ長期保存版も欲しいです。災害時に食べれたら心が和むでしょう。,
信頼がやばすぎて買おうって自然と思った,
めっっっっっっっっっっちゃ美味しかったです！！！,
くるりのラーメン好きってずっと言ってたもんね😭💓,
いい報告であってほしい,
高い、甘い、買えないそんな印象だったなぁ。,
普通に習字上手い笑,
なんな涙出てきた。。。夢って叶ったら凄いよなぁ,
嬉しいけどこの人の休み少なすぎ,
あそひかりラーメン作りたいです,
27日か28日にって言っていて、しっかり27日にあげてくれるところが本当流石すぎる,
食べたい！,
美味しかった,
一週間休むのが夢でしたとかでも納得,
頑張ったね🎉購入してみますね😊,
ほんとおもろいな,
なんかHIKAKINが幸せそうで私もうれしい,
後半ドキュメンタリーみたい✨素敵✨,
買うことができるとは言ってない,
ラーメン美味しかったです！,
サムネめっちゃいい！,
塩ラーメンだとしおきん豚骨ラーメンだととんきんじゃあ正油ラーメンだとせいきんになる？,
絶対買いに行きます！楽しみにしています！,
蒙古タンメンがライバルかな⁉️辛いバージョンも出して下さい‼️,
HIKAKINが生きてる時代に生まれてこれて良かった,
どっちも美味しかったです。個人的には飯派でした！,
じゃあ次は卵とネギを使ったラーメンを作ってください,
久々に見たらソファの人形がヒカキンだらけになってる...,
両方とも食べました美味しかったです♪,
当たりでたらせめてTシャツとかあげたら良いのに（笑）,
遂に報告来ましたか…何かワクワクしちゃう(⁠≧⁠▽⁠≦⁠),
絶対に買う!,
うまそー🤤,
セブン店員のわい、納品まで待ちきれない,
ついに今日発売か〜,
セブン店員だから買おー😎,
ずっと商品紹介してとうとう自分の商品ができたんですねおめでとうございます㊗️セブンのオーナーなのでたくさん発注しますね,
久しぶりにHIKAKINpoint聞けて良かったw,
めっちゃ美味しかったです息子も喜んで食べてましたありがとう,
こんな素敵な人本当に居ないし、もうほんと大好き頑張ってほしい！,
両方食べました😋最高に美味い。箱買いしました,
色んな人が先走った噂を流してて嫌だったけど、5月9日が楽しみ‼️でも抗がん剤治療中で退院まだだから、退院したらすぐ買いに行く‼️,
聞く前から嬉しくてドキドキする😆,
どんな報告かめっちゃ楽しみ😊,
美味しかったです！,
一時期すごい太ってた時あったけどラーメンの味作ってたのか…,
ファミマの札幌味噌の方が美味かったわ,
ラーメン好きならなんでアセスルファムカリウム入れたのかが疑問。,
突然、｢国家転覆、やぁりましょう！｣とか言われてもヒカキンさんなら株上がりそう,
思ったんだけどヒカキンボックスってヒカキンプレミアムの商品じゃないんかな?,
しょーもなとか言ってる人、人の夢をそう思うことがしょーもないと思うよ,
なんか当たった😊,
食べました　美味しかったです。　また、食べれることを楽しみにしてます,
まじで気になる！！どんな結果でも応援してます！！！💪💪,
味噌ラーメンは普段あまり食べませんが、流石に買わずにはいられません……！9日、セブンに走ります！,
どんな報告かな？どんな報告でも神回だ！,
食べたい！,
絶対買う,
普通に買うわ,
買いました　美味しかったです🎉,
これは売り切れで買えなくなるな、、いつ食べれんのか,
次は濃厚豚骨でお願いします！,
えー‼すご‼自作やば!!,
品切れしまくってる未来が容易に想像できる笑,
普通に美味しそう,
あたしもラーメンは、大好きです(*´`)楽しみにしてます😊,
ヒカキンの元気な姿が見られるのは嬉しい,
この人ほど純粋な人おらんと思う,
もやしが入ってるって珍しくね？,
第二弾は天かす入り担々麺で「たんたんたぬきん」なんてどうでしょう笑,
ドラゴンボールの一番くじ買いに行ったら、たまたま売ってて食べたらめっちゃ美味かった,
マジで気になって夜しか寝れなかったから楽しみだわ,
絶対買います。😊,
これは絶対買う。,
人気出過ぎて売れ切れなってそうだから早めに買いに行こ！,
感動するなぁ。ヒカキンさんの夢が叶ったの本当に嬉しいな、おめでとうございます,
買いたいけど売り切れてそう,
ヒカキンのラーメンめっちゃおいしかったです！！,
セブンイレブンの社員誰も情報漏らさなくて草,
今回のやり方は常識的にグレー過ぎるぞ,
絶対に買います！,
｢しょうもな｣ってコメントちょくちょくあるけど、これのどこがしょうもないのか説明して欲しい笑笑,
買えたぜ！,
今日の朝買った。スープが美味しかった！,
何かとドキドキするけどヒカキンさんの夢が叶うんだったら嬉しい😊,
現在イギリスに住んでいますが、両親に頼んで送って貰います🌷改めておめでとうございます🎉,
ちょっとうまそうなの草,
どんな結果でも大好きだよ,
美味しそう,
生姜感が強いと感じたのは気のせいですか•́ω•̀)?,
ヒカキンは期待を裏切らない,
早く食べたい売り切れで姿形すらないｗ,
5000万個は売れるだろうねってなるといくらの儲けなんだろヒカキンに25億くらいは入ってくるのか,
セブンイレブンのオーナーやってます。おそらく特発で発注上限かかると思いますが上限いっぱい発注させてもらいます！,
ちょっと高いなその値段ならおにぎりと揚げ物買うってなる,
もう絶対買うんだけど🎉,
これから、こちらの新商品のpop作りをさせていただきます！（セブンイレブン社員です）売り切れそう！！わたしも食べます😋,
友達と今度買いに行くらしいので俺も買う,
やっぱり一周間はえーな楽しみ❤,
なかなかいないと思いますが私ラーメンが苦手なんですよ💦それでも全然食べることができました！HIKAKINさん、ありがとう！！,
絶対誰も予想しない結果で草,
こだわるなら人工甘味料とか使わないで欲しかった。。。,
やばいクレーマーみたいなポーズ,
復帰は27日か28日って言ってたけど早い方にしてくれたのはありがたすぎます。ご報告楽しみです！追記・報告見ました！発売日GWじゃないのと平日ってのがまたいいですね！欲しすぎる。,
絶対買います🎉,
今日から発売じゃないか！買えたら買うZOY⭐️,
HIKAKINさんが幸せなことならこっちも嬉しい気分になれる,
メシの方が美味かった！,
まだなんかわからんけどおめでとう！！！,
２０２２年５月〜２０２３年５月8日ぐらいに１年後経ってヒカキンさんの味の確認してスープの味に決まりました。,
みそキン早く食べたい！,
いいねの数だけそれぞれ買います,
意外と字綺麗😂,
めちゃくちゃ美味しそう…食べます！！,
一度は食べてみたい,
面白い🤣,
完売で買えませんでした孫が楽しみにしてました再発売お願いします,
しょうもなって言ってる奴お前らが高く見すぎただけやろ。本当にHIKAKINさんおめでとう！！,
美味しそう,
ちゃんと美味かった！！,
HIKAKINの夢って俺らに想像できんよな…どんな凄い事なんやろ本当に楽しみすぎる！,
絶対買います。夢がかなって良かったですね！僕までもうれしくなりました！,
明日から発売ですけどちゃんと手に入るかなー。すぐ売り切れてたりして,
休むどころか働いてて草,
次はおにぎりか飲み物作りそう,
ラーメンの方が私は好みです！❤❤,
ｷﾀ━━━━(ﾟ∀ﾟ)━━━━!!やっぱりヒカキンさんが1番だよね！！どんなご報告なのか気になるけど…ファンの皆さんには喜んでいただけるって言ってたから、楽しみだなぁ！！😆😆,
pvのあとの真顔おもろ,
楽しみすぎて昨日から寝れんかったわ,
美味しそうですね！,
本日頂きました！とても美味しかったです^ ^,
10年ほど見続けていたのですが、初めてコメントします！！ヒカキンさんがラーメンを作ったという報告が何故かめちゃくちゃ嬉しくて！！幸せで！！発売日に絶対食べたいです🥹🥹幸せそうに食べるヒカキンさんを見て笑いながら泣きそうでした🎉,
HIKAKINが1年かけて編み出したラーメンが上手くないわけがない！！絶対に速攻出たら買いに行く！！,
みんな触れてないけどロゴの字書くの美味すぎん？,
おいしかった～❤,
ヒカキンってすげーなー,
38,50 この若かりし頃のヒカキンちょっとカッコいいの草
僕買いました😂,
みんなあんま触れてないけど、習字上手ない？ww,
240円くらいなら買ってた,
ラーメン最高,
ヒカキンのいつもの癖なら「みそお」って名付けそうなのに,
誕生日に発売😊♡ 嬉しいです ˎˊ˗絶対買うしかない！！,
発売おめでとうございます！早速購入させていただきましたところ息子が当たりマークを出しました、大きなご利益がありそうです！,
バカ売れしてソッコーで品薄になりそう,
2023/4/30えっ凄っ！？絶対に買う！！,
蒙古タンメン買おう,
SEIKINと仲良い兄弟って感じがほっこりする、素敵,
当たりがでたらもう一個もらえるという機能はどうですか？,
さっき買ってきたよーーー,
多分思ったより大したことじゃないと予想,
「しおきん」もほしい！！！なんにせよ、おめでとうございます！！！,
買わない訳が無い,
みそるから来ました。ありがとうございます。,
HIKAKINの夢が叶うのなら、いくらでも休んでいいのよ。,
美味しかったですー！！！,
ポプラに買いに行っても全然売ってないんだけど…,
絶対に行く！待ってろよヒカキン,
めちゃくちゃ上からになるけど、HIKAKINさんって、凄いですね,
HIKAKINずっと大好きだから絶対食べます！！,
美味かったです！,
ミソキンラーメンの残り汁にご飯いれたらミソキンメシにならんの？(笑),
絶対買う人↓,
おいしかったけど、味噌の甘みに人工甘味料使うのはマイナス,
一年賭けたラーメン食べますね〜^ ^近くで買えるの嬉しい。,
すげぇよヒカキンさん。そして、おめでとう！これからも応援しています！,
甘めって事はミサに近いのかな,
ジジキンは天国で笑ってる、ヒカキンのゆめが叶ったから。,
いいねの数×5個買うわ絶対いいね来ないだろうし笑,
夢がついにだな👍️おめでとうヒカキン,
15万食は確定してるな😂,
ずっとドキドキして待ってました！！ヒカキンさんの夢が叶うのなら心から応援したいです😊✨,
ヒカキンさんって本当にいい人だなぁ！🥺,
めちゃくちゃ美味かったですこれからも頑張ってください😊,
コメ欄に既に食べた未来人いて草,
絶対買います！,
ツールドフランスの奴も好きなラーメン　ラーメンは世界を救う,
うまそうだけど糖尿だからしばらく食えんごめんなヒカキン,
絶対買います👍👍👍,
こんばんは！今セブンイレブン行ったら店員さんが並べててさっそく買って食べました。めっちゃ美味しかったです‼️,
おめでとうございます！🍜✨ヒカキンさんの熱い想いがめちゃくちゃ伝わってきて感動しました🥲✨セブンさんに並ぶのを楽しみにしています！,
美味しかったです,
ヒカキン習字上手い,
こんな期待したラーメンねえよ,
絶対買います,
尊敬する人物　HIKAKIN　レーニン　ゴルバチョフ,
絶対買うしかないだろー,
ヒカキーンおめでとう！これからも応援してる！！ラーメン買えなかったけど次HIKAKINプレミアムの商品は絶対買ってやるーw頑張ってください！,
おいしかったよ！,
2日前で466万回再生えぐすぎだろwww世界のHIKAKIN,
これを見ながらカレーメシを食う！,
最近買って食べてみました。味噌もしょっぱ過ぎず、麺はソフト。具もシャキシャキしてて文句なかったです。一応言っておきます。食ってみな！飛ぶぞ‼（長州力風）失礼しました。,
↓HIKAKINが休んでいい日にち,
そんなんたべるしかないでしょ❤,
美味かったです！！！！,
17,54 この喉ベース深すぎて草
購入させて頂きました。とても美味しかったです。,
買うね♡,
おい。休めよ。ラーメンは食っとくから。,
5月9日絶対見つけたら絶対買いに行く！！,
この調子でしょゆきんと、しおきんと、とんこつきんもだしてくれ,
ラーメン本当に大好きです！！HIKAKINさんをずっと前から見てきました。小学生だったけれど今はもう高校生で大学受験に向けて勉強しいます。勉強のお供として食べていきたいです！！！😊😊😊😊,
母親が買ってくれたので 夕飯にお惣菜と一緒にいただきますw,
ヒカキン開発とか向いてそう,
（視聴後）、、、いや休んで無いやん！！！！！,
買いました！,
ねつ伝わってきました😮おめでとうございます🎉ぜったい食べます,
ヒカキンさんおめでとうございます🎊ラーメンへの熱い想いが伝わってきました！本当に美味しそうで今すぐ食べたいです🤤追記沢山のグッドボタンや返信、本当にありがとうございます🥹✨,
セブンイレブン以外のお店でも売れますか？,
近所のセブンイレブン3店舗回りましたけど売り切れでした！店員さんに確認したら、問い合わせもたくさんきていて、入荷するとすぐ売り切れるそうです。自分も見かけたら購入します！,
ヒカキン、あんたやっぱすげぇよ,
素敵すぎる。,
HIKAKINさん　売り切れてました(´；ω；｀)食べてみたいので再販　お願いいたします（笑）,
HIKAKIN PREMIUM 立ち上げおめでとうございます🎉ヒカキンさんの夢が叶ったこだわりのラーメン楽しみです!!,
まじうまかった,
売り切れだった…😭たべてぇ！,
しおきんとしょうゆきんも食べたい,
一店舗60食しかないのって本当ですか？,
これは食いたい,
結局休んでなかったことが判明😅,
めっちゃうまかったよ〜,
やっぱ普通なんやろ,
みそる！！！,
おー👏👏👏買います❤,
新潟のニューミサが混むぞー！,
｢この度わたくしヒカキン…眼鏡を新調しました👓｣,
待ってこれにこの感想は失礼だと思うけど字うますぎる👼,
何だ神か,
ひかちゃんおめでとうございます,
体調崩して買いに行けない明後日でも残ってるかな😢,
これって期間限定？,
それ休みじゃねぇだろ😅ちゃんと休めよ💢,
楽しみです!!,
ひかさんがふくよかになった理由,
報告が楽しみな人↓,
普通に美味そう,
ラーメン好きアピール多すぎて嫌味が差してくるw(けどめちゃくちゃうまそう),
どうせHIKAKIN印のラーメンでも作ったんでしょ(鼻ホジ),
買いに行きます。,
買います、おいしそう,
ヒカキン！俺このラーメン買うよ！サイコーじゃん！YouTube ドリーム見せてきた男の夢の結晶でしょ！,
HIKAKINさんが嬉しそうに、楽しそうにしてて元気でるなーアレルギークリアしてたら買って食べます。無理だったら誰かにプレゼントします。,
(º ﾛ º๑)わぉ♡5月9日の発売日、私の誕生日だわセブンに買いに行きますね‼️,
1200万円て・・・ぼったくられてるよｗ,
ホリエモンも褒めてましたね❗️コンビニで探しに行ってみます😍,
とりあえず食べまーす,
おめでとうございます✨かならず買いに行きま😊,
誕生日だ、絶対買う,
みそきんくんぬいぐるみ欲しいヽ(●´ε｀●)ノﾎｽｨ再販記念にもう1回プレゼント企画お願いします。,
ラーメン屋に勝てるわけなくて草,
ヒカキンさんは生きる伝説,
上手い！,
夢の味。買います。,
38,17　作り直せ！って言うかと思ったやん
セブンイレブンに5月9日に､出るんですか買って食べて見ますね。東京にラーメンやさんでやるかと思いました。ヒカキンさん人気あるからめちゃくちゃ混むよねセブンイレブンに出るんだら良かったです,
食べたいけど売ってないです,
絶対買います,
ちぢれ麺がいいね❤👍️,
この人はすごい,
こんなん買うしか無いやん,
次はラーメンチェーンですね！,
美味しかったです！,
あしたからだ！！！楽しみ❤,
うん、神だね！😊,
ヒカキンさん！新しいラーメンを発売されるということで、おめでとうござまいす！発売を楽しみに、過ごさせていただきます😂,
ラーメンゲシュタルト崩壊した,
そうなんですね僕もラーメンが好きです！,
感動しました。絶対買います,
YouTube黎明期から変わらない安心感のあるコンテンツを続けているHIKAKINさんに拍手を送ります！夢の取っ掛かりがかなったのでこの夢を更に大きくしていってください、いつまでも応援してます。,
両方とも買えました！！！,
ラーメンか･･･,
HIKAKIN味噌ラーメン作ってくれてありがと❤,
爆笑🎉,
うまそうだけどちょっと高そう😅,
❤❤❤❤❤❤❤❤❤❤❤❤,
売ってないし買えないし食べれないし８月まで楽しみに待ちます今度は絶対食べれますように🙏🙏🙏,
むしろしょーもな！でバズる目的だった説,
かっこいい！,
ラーメン、ゲシュタルト崩壊したわ,
夢を叶えるって素晴らしい！おめでとう㊗️ヒカキン🎉,
美味しそうやばあ夜の1時食テロすぎぜったいたべる！！！🥺,
あとコーラも大好きだね！,
容器だけで150円しそう,
マジでうまそう,
わたしもらーめんすきだよ,
絶対買います！！HIKAKINさんこれからも頑張ってください！！,
ヒカキンさん、早く食べたい❣️ヒカキンさんの人柄が皆さんが携わってれるんでしょうね。,
ぼくもラーメンだいすきです😊,
休むとこが動いてて草,
今日、比較的のどかな地元のセブンで買おうと思ったら残念、両方売り切れてました美味しそうなのでそのうち是非購入したいです☺,
楽しみ☻,
ヒカキンさんおめでとう🎉🎊🎈㊗️,
美味しかったです😊ありがとうございます。,
自分の好きなラーメンをいつも見てるHIKAKINさんが作ってくれるとは思ってもいなかった！勉強の夜食に食べます！9日は朝イチでセブンに直行だ！,
HIKAKINさんおめでとう🎉✨ラーメン絶対買うわ！,
食べたーい😂❤ヒカキンありがとーー😊❤❤,
これくらいいいやろ(笑),
食べたけぞどすくうはうますぎる,
下積み時代ラーメンに救われた少年、、ナルトやんけ,
ファン、視聴者を大事にするヒカキンさんプレゼントだとかばら撒きすぎないで欲しいな😢,
��🎉🎉🎉,
面白いですね,
半額なら買います＾＾,
だいすき❤,
うまかったぁぁぁぁぁ,
徳島のセブンイレブンは仕入れられてないのかな？陳列場所も無い…,
HIKAKINさん醤油味も作ってくださいお願いします！！,
絶対食べます！,
今日8日ですがセブンで購入しました⭕️お店でも派手なディスプレイでしたよ。いただきます🙏🏾いただきますっ🍀,
おめでとうございます🎉,
素敵ですね。食べてみますね❤,
かっこよすぎる、,
美味しかった！ヒカキンさん最高,
最近のヒカキンあるあるかもしれないけど後付けの夢っぽくてなんかねって感じここまでやる熱量とかは尊敬してます,
食べてみた人🙋‍♀️🙋‍♂️,
JALの機内食にして…おいしい。,
セブンにしかないのか,
ひかきんさんすごい字が綺麗✨✨,
自分の夢を叶えれて良かったですね。🎉🎉🎉🎉🎉🎉🎉🎉,
荒尾のセブンイレブンでは、売り切れでした、残念です。,
速報　田舎　売ってない,
売り切れで買えなかったよー😭,
HIKAKINさんの投稿全然見ないんだけどヨダレ出そうになった。めっちゃ美味しそう（遅）,
ヒカキンさんヒカキンさんめちゃくちゃ美味かったです❤ほんとに努力したのが伝わりました😊,
好きです,
醤油ラーメンも作ってくれませんか？作ってもらえたらうれしくていっぱい買います,
HIKAKINさんの作るご飯食べてみたかったんです！めちゃくちゃ嬉しいです！HIKAKINさんの夢が叶って良かったです,
頑張ってください😢,
セイキンさんおすすめシールを貼って発売してほしい！,
はやく買いにいこ,
ヒカキン字上手いね,
アレルギーがあるから食べられない,
スープばり美味かったし麺もボリューム感じれてすすりやすいしバカ美味かったよ！！他にどれだけ批評されてても俺のコメントが全てやから大丈夫やぞHIKAKINさん。バカ美味かったよ！！,
美味しそう,
買いにいったけど売り切れだった😂😂😂😂😂😂😂😂😂😂😂😂😂😂😂😂😂😂😂😂😂😂,
絶対食べる、,
高くね？,
HIKAKINさんが監修したやつなのかな？すげぇ‼️,
HIKAKIN「自分で自分を超えちゃったかな？」,
果たしてサッポロ一番みそラーメンとどっちが美味いのか…,
ぼくはずっとラーメンを食べたかった、ヒカキンのラーメンができました。　　ブタメ〜ン,
ラーメン食べてみたよ！,
涙出そうになりました,
おめでとうございます!!✨✨全然関係ないけど、サービス終了が決まったアプリゲームをサ終取り消させてみた。みたいなの出来たら見てみたいです!(・∀・)✨ガンダムブレイカーモバイルとか！,
実は広島市中区に私の父親のお姉さん夫婦が第２店舗、寿々女(すずめ)を広島市中区舟入へ開店してます😊良ければ食べに行って下さい🎉,
HIKAKINさんすごい！これからも頑張ってください,
スープうまかったで,
18,51 だよな100億点だよヒカキンさん
おめでとう🎉,
34,17 セイキンさんくる安心感ぱねぇ〜です。
水筒にお湯いれて学校に持っていって食べようとしたやついたで,
食いてーーーーーーーーーーーーーーーーー,
今日、香川県観音寺市のセブンイレブンに買いに行ったら、入荷待ちと言われましたm(_ _;)m何時入荷するか分からないと言われました🤢🤢🤢楽しみにしてたのに😱😱😱また買いに行きますね((+_+)),
見付からない、それほど売れてるのか…,
めっちゃ美味しかったです！！,
貴族の拍手だけが気になる,
ありがとうございます！,
コンビニでかえるのうれしいよ、ありがとうヒカキンカッコイイだいすき、たべたらいれものかざっとくよ❤,
どうぞって言った瞬間ウマ娘ながれた,
みそるから入りました！,
ヒカキンさん、、塩分8gはやべえって,
店舗じゃないのかよ。,
めっちゃ探したけど買えなかった人✋,
夢を叶えたHIKAKINさん、素敵です✨👏🏻👏🏻👏🏻,
ヒカキンは何回ラーメンと言ったでしょう,
ヒカキン習字うまい！,
全然売ってないんだけど,
おめでとうございます。,
通年販売して欲しいです☆,
賞味期限が自分の誕生日で運命感じた,
売ってない,
マジでうまそう　食べてーーーーー,
夢ビートボクサーじゃないのかw,
近所にコンビニが、、、コンビニがねぇぇぇぇぇ,
成分公表してほい！！,
偏見だけどさこういう体型の人が作ったものって美味くない？？,
再販で、やはり闇を感じた,
売ってないんだわ,
すき,
あいたいな❤❤,
ヒカキンさんかっこいい。絶対食べます！,
買った,
おめでとう！！！ミソきん！！！,
❤❤❤❤❤,
ちょっと、たべてみたいです,
HIKAKINさん。頑張ったな。,
絶対買うは,
サムネ変わってる！,
食べたかったけどたまごアレルギーだ😭😭😭つらい……たまごなしのもだしてヒカキン……,
俺の誕生日5月9日や、発売日と同じ日なんてこれ以上に最高なことは無い👍,
これ、辛いの麻婆豆腐しか食ったことのない中学生でもくえますか,
おいしそう,
いただきやす◎,
休んでなくて草,
11,11　個人的に少し辛かった
試食の時口ピチャピチャさせない！,
売ってないやんけ3店舗まわったのに,
ニューミサとどっちが美味いですか？😮,
まだ、食べれてないです😢,
みそるからきました,
みそると対抗して欲しい✨✌️,
これが洗脳か、、,
ラーメンの方をさっき喰ったけどイマイチだね(^_^;)ごつ盛り味噌の方が好みだわ(^_^;),
うまそう,
翌日にはもう売り切れって、この企画は大失敗だと思う,
trend HIKAKIN Point 久しぶりに聞いたw,
みそる😂,
セブンイレブンに行ってもなかった😢,
くるりインスパイア系なのかな？,
招き猫キンに出会えたよー！！！,
うまそ,
習字が上手！,
発売日8日から9日に変わってるんだけど,
ください,
鹿児島はいつぐらいになりますか…？,
ヒカキンさん大好きです,
8/10再販。,
もうHIKAKINさん休みって言ってたけど休んで無いやん,
おめでとうございます,
やったー🎉,
食いたいけどたけぇよ,
いいですね,
❤,
スーパー美味いって,
送金美味しそう,
おめでとう,
セブンイレブンにありませんでした😢,
味噌キンぬいぐるみはどこでgetできますか?🤔,
美味しそー,
サムネ変えたか笑,
どこに売ってるの！！ヒカキンちょうだい！！,
戻ってきた!,
開発チームに作ってもらってよく自分のラーメンだって豪語できるね,
休んでないやん…笑,
ひねくれコメ多すぎやろ笑夢を叶えただけなのに,
ヒカキンさん、今年セイキンさんとの曲作らないんですか。,
うん、OEMか。まぁたべてみるよ,
神,
サムネが変わっておる,
一つ言いたい味噌食えねーよーーーーー,
ヒカキンー！今日買って食べたよ！メシすごく美味しかった！！また買います！！！,
明日発売？！,
よかったね😭,
うまそう,
HIKAKINさん、ありがとうごさいます😭みんなの、ために、頑張って作ってくれてありがとうごさいます！❤🎉😊もう、美味しく食べました！普通のみそラーメンとは、違ってすごく、美味しかったです！❤さすが、HIKAKINさん👏😊💕私が、コンビニに行ったらアイス売り場からトイレの所まで行列が、ありました👏この前は、一瞬で、売れて1個も買えなかったです😭でも、この前は、しんせきが、2つ譲ってくれました！譲ってもらいました！それで、嬉しくて、うちの犬を抱っこして踊りました！これからも応援しています❤頑張ってください＼(*⌒0⌒)♪,
私が人生で救われたのは、ポケットモンスター✨😊HIKAKINの気持ち、よく分かります🍀,
1200万なんて、売上だけですぐ回収できるのよ。HIKAKINは。だから大したことない。,
僕にも下さい,
ヒカキンさん何処の店も完売です。お願いします。再販して下さい,
ナレーションのトーンがほん怖,
た、高い😂,
買いに行くね。美味しそう😊もし叶うなら、ヒカキンさんが着ているTシャツプレゼントキャンペーンしてくれますか？,
バンカラジオさんもコントでやってましたよ。,
宇宙じゃないんかーーーいっ（笑）,
5月9日の日、セブンイレブン行かねば！,
今日招き猫キン当たったので　HIKAKINさんが言ったみたいに　大事に取っています！,
HIKAKIN様最高,
ありがとうございます！,
塩分多すぎ一日の目安思いっきり超えてる,
ラーメンの方が美味しかったです。,
どこにも売っとらん,
おっきくなったね,
あらたなレさキャラの誕生,
簡潔にはなさんかい,
高すぎやな,
在庫がない😢,
休むほどのことかよく解らない,
買えなかった🥺😭,
あれこれご報告のサムネがちがうは,
みそるからきましたー😈💛,
❤❤❤❤,
岐阜県のみんなにとどけて、おねがい,
また味噌キン再販しますか？😅,
売り切れ続出しそうだな,
HIKAKINさん私に希望を与えてくれてありがとうございます😊私も頑張ります,
休んでないやん笑笑,
売ってないぞー,
幼なじみYouTuberHIKAKINさんマスオさん,
みそるから入りました,
ヒカキンさんのぬいぐるみが、ほしいです。まい,
実質休んでないw,
20,12 20
ヒカルマネしてて草,
ビックダディって言ったの誰w,
まだ食ってないからなんとも言えないけど、自分の知名度を利用してなんとなくな気持ちでラーメン作りに手出したとしか思えないし、ほんとにラーメン作るのが夢だったんなら自分の名前を公表せずにこっそり作って周りからの意見を忖度なしでもらって初めて嬉しいって思うんじゃないのかな〜知らんけど,
題名変わってて草,
あの、ラーメン作るのはいいんですけど、ちゃんと休んでくれませんか？😠😠😠(応援してます！早くラーメン食べたいです),
税金対策も兼ねてるのかな？,
ヒカキンおもれーー,
ラーメン好きにデブが多いことの証明,
売ってねぇwwwwwww売り切れてら,
ミソきんさん！！！！だ！！！！！！,
サムネ変わった？,
しおきんお願いします。,
ヒカキンのバ力舌具合が露呈するいい機会,
うまそ,
好きだけど...なんかお金配るのは...,
言ってること矛盾してますね。4,33   前にプロゲーマーと答えてたと思うけど…
発売日へずまの誕生日なんだがwwwwwww,
でも結局お金入るのは、自分のところだろ？(笑),
下積みって何回言ったか数えてる人います？,
5,40 関西空港開港日だ！
5~8秒のヒカキン,
1回食ってみよ,
もっと休んでくれ,
映像比べに来ました,
明日やー！😊,
コメントの数だけ買う！,
値段はいくら？,
ヒカキン頑張れwwww,
ぜったい買う人👇,
おいし！！！くなかったくない！,
今夜の夜食にします！,
無いからまた売れや,
ヒカキンさんテアロシップウダンがゲロキンといっました😮,
32,18 みそるです
うまちょ,
買うの恥ずいw,
お金持ち始める献呈的な人調子にのりすぎだわ…でも売れるといいですね。,
35,37  35
HIKAKINさん、花月嵐ラーメン屋🍜に行ってください。お願いします!,
何かご報告から長い文になった🎉😮,
ヒカキンの特性ラーメンたべないやついねーよなぁ！ラーメン屋いくぞぉぉぉぉぉぉぉぉぉぉぉぉぉォォォォォォォォォォォォォォォォォォォォォォォォォォォォォォ,
初コメです。八甲田山かよ今日日乾き物の味付けがどうかしたのかよ。古い映画でもみたのかヒカキン。,
68点じゃないんかい！,
買えない,
35,40 ﾊﾟﾊﾟﾊﾟﾊﾟﾊﾟﾊﾟﾝｯﾊﾟﾊﾟﾝｯ
絶対かぃますWoooどっちとも,
アンタ味見してるだけやん,
ヒカキンさんはじめまして,
何月にみずきできたんですか？,
35,40
食べるね,
何時、発売なの？,
もっとゆーちゅーばーになってくださいゆうと　５さい,
ヒカきんさんこーださんしってます、、😮,
9,20まじでわざとらしすぎる
9,56
38,17 !?
テュデイズヒカキンズポーイント100兆万点,
2023年になっても見てるやついる？,
2,10
��,
14,50
HIKAKIN さん セブンイレブン なかった,
今日徳島のセブンで2個買った,
どうせしおきんとか増やすんでしょ?商標取っとこ。,
3,48
蒙古タンメン買おっと,
39,59
11,41
ヒカキンゲームズのホームから来た人🙋‍♀️,
私まねきねこきん出ました🥰,
高いッッ,
招き猫あたった,
しおきんきそう,
明日買いに行く人︎👍🏻,
ヒカキンさん‼4年前ゲーマーと言いましたよね？,
自分用1,3
1,5
1,5
お母さんがかってくれました,
ヒカキンいつもみてるよ！あいと６さいより,
1,5
私❤ヒカキン❤の誕生日のまえがたんじようびです🎉😂🎉,
うへへ　2350円拾いやした　ラーメン三杯いただきやす◎,
フラゲして食べてみた。くどかった。水必須,
ぜったいうまい,
ヒカキンの癖に廃課金だな。毎回散財しすぎ,
しょうもなって言ってるやついるけど、どこが？,
普通の味高い、買わない方が良い,
８月２４日、孫とパパは、１９の店を探し回りました。しかし、みそキンラーメンは、ありませんでした。販売は終了したんと違うかな？とパパの言葉。ラーメンは、もう食べれないのでしょうか？,
再販まだかなーまだかなー,
絶対買う人↓,
かう！と思った人↓,
バズり目的の為に使われてて可哀想,
セブンイレブンって時点で買う気せん,
んーこんな感じか,
いいねしてくれたぶん買います,
うへへ2350円広いやしたラーメン3杯いただきやす◎,
さきないとさんコメントきましたありがとうございますきました,
み★そ★す★け,
9,22 いやゃくちわるうけどアフォなの
再生数が500万人いって欲しい人↓,
みそふの方がいい,
このラーメン好きアピールがしたいから何ヵ月前からラーメン旅とか始めたのかな？,
ぼくはごさいですたべたいです🥳,
マスオTVありますか〜,
ヒカキンさんわたしもたべました5さいのはるとよりヒカキンさんだいすきですよ🥰🥰🥰🥰🥰💕💕💕💕💖,
いいねの数だけそれ買います。,
とりあえずススル君に土下座しな,
いつまで活動休止するの？,
13,17  魔人ブウ
一十二度見ても,
ヒカキンさん,
いいねの数だけ５万スパチャ送ります,
生半可な気持ちでやらないで,
セイキンヒヤシチュウカ,
まずい、もういらん、せっかく10店舗探し回ったのにショック,
結局金儲けかい😂😂無料で配るくらいせんかいそれだけ恩があるなら,
ヒカキンのバ力舌具合が露呈しちゃったね,
なんやねん,
（110番奥村康平)ヒカキンさんどうも康平ちゃんねるの奥村康平ですで休日の土日のお昼にスガキヤに外食して下さい。,
よっかたですねゆめがかなってぼくもたべたいです。どうががんばってぐださい。ぼくもおうえんしてます。😊🎉,
超普通,
麺は普通。スープはまあ頑張ってる。けど返金してほしい,
すするやん,
高い普通,
❤😊,
普通の味でした。不味く無いけど美味しくもなかった。300円じゃ無く200円の味だろコレ。ガッカリ,
普通でした。,
税金対策,
正直値段ほど美味しくはなかったです,
さんびゃくえんたかすぎだろ,
しょうゆきん作れ,
おうちない,
おーい,
くるりと蒙古タンメンに謝った方がいいよ,
3,59ん?
ヒカキンの本体はメガネだと思う人↓,
あさってやん,
いいねの数だけ買います,
ラーメン作り？報告とか言うから期待したけど舐めたこと言うなよ‪🎣‬,
今から間に合いますか？,
正直に言います失望しました,
いい歳したおっさんがこれレジ持ってきたら笑うわ,
このコメント残念だわまずそうとか言ってる奴は絶対買うなよヒカキンさんの努力の何も知らない奴が語ってんじゃねーよ,
ヒカキんさんだいすきですゆうと5さい,
ヒカキンの癖に廃課金な行動するな。散財しすぎ,
みそか、みそきらいなんよ,
みそる,
198円に値下げしろ,
かいました,
けんからか？,
かいました,
まじでヒカキンやること面白くなくてなんで人気あるのか分からん,
めしキン,
いいねの数だけ買います。,
へ、へー,
美味しくなさそう。。買うけど。,
百万円くださいちなみに場所はまるまたしょうてす,
結構期待はずれ,
しおキン,
結局金儲け...,
ミソキソ,
ぼったくり😊,
で、一週間休んで何をしていたん？(笑)要は期待商法やんな😂一週間、身を隠して遊んで、期待値を上げたかったん？,
また小銭稼ぐの。,
誰が買うか,
2023/4/30 193238,
aあああ,
は,
普通でした,
禊ん,
味普通やんwサッポロラーメンのほうが、うまいわw,
な,
りゅうせい,
まじでどうでもいい,
��グットボタンおしてね👍,
添加物ばかり。子どもにあくえいきょうだろ,
塩分8gとか正気か？返金しろ,
努力アピールのゴリ押しで購買意欲を搾取するな。結局は味に帰結するだろ,
あ,
まず,
不味すぎ。返金しろ,
味噌菌食べたけどまずい　まずい　まずい　まずい　まずい　まずい　まずい　まずい　まずいまずい　まずい　まずい　まずい　まずいまずい　まずい　まずい　まずい　まずい　まずい　まずい　まずい　まずいまずい　まずい　まずい　まずい　まずいまずい　まずい　まずい　まずい　まずいまずい　まずい　まずい　まずい　まずいまずい　まずい　まずい　まずい　まずいまずい　まずい　まずい　まずい　まずいまずい　まずい　まずい　まずい　まずいまずい　まずい　まずい　まずい　まずいまずい　まずい　まずい　まずい　まずいまずい　まずい　まずい　まずい　まずい　まずい　まずい　まずい　まずいまずい　まずい　まずい　まずい　まずいまずい　まずい　まずい　まずい　まずいまずい　まずい　まずい　まずい　まずいまずい　まずい　まずい　まずい　まずいまずい　まずい　まずい　まずい　まずいまずい　まずい　まずい　まずい　まずいまずい　まずい　まずい　まずい　まずいまずい　まずい　まずい　まずい　まずいまずい　まずい　まずい　まずい　まずい　まずい　まずい　まずい　まずいまずい　まずい　まずい　まずい　まずいまずい　まずい　まずい　まずい　まずいまずい　まずい　まずい　まずい　まずいまずい　まずい　まずい　まずい　まずいまずい　まずい　まずい　まずい　まずいまずい　まずい　まずい　まずい　まずいまずい　まずい　まずい　まずい　まずいまずい　まずい　まずい　まずい　まずいまずい　まずい　まずい　まずい　まずい　まずい　まずい　まずい　まずいまずい　まずい　まずい　まずい　まずいまずい　まずい　まずい　まずい　まずいまずい　まずい　まずい　まずい　まずいまずい　まずい　まずい　まずい　まずいまずい　まずい　まずい　まずい　まずいまずい　まずい　まずい　まずい　まずいまずい　まずい　まずい　まずい　まずいまずい　まずい　まずい　まずい　まずいまずい　まずい　まずい　まずい　まずいまずい　まずい　まずい　まずい　まずいまずい　まずい　まずい　まずい　まずいまずい　まずい　まずい　まずい　まずいまずい　まずい　まずい　まずい　まずいまずい　まずい　まずい　まずい　まずいまずい　まずい　まずい　まずい　まずい,
いらん.......,
そんな美味くない,
買えなかった負け組に手を差し伸べる必要なんか無いよ,
スター気取り,
失望した。もう二度と買わない,
いらねぇーw,
誰がやっても同じだろ。ヒカキンである必要性がない,
不味すぎ。1からやり直せ,
しょーもな,
興味ない,
