0.95639199,hikakinさんの作られたラーメン美味しそうで食べたいなと思いました
0.953870773,お店を出すのではなく全国民が気軽に手に出来るようにセブンで販売するところがヒカキンらしくて心暖まるね夢に向かって努力して実現したヒカキンを誇らしく尊敬する
0.952585518,深夜に見なきゃよかった美味しそうすぎる味もそうだけどhikakinがラーメンと一緒に色乗り越えてきた想いを聴くと自分もそういう日に食べたいと思った楽しみ初日買います
0.951798677,早速食べました絶妙なバランス美味しかったです0年間試行錯誤された甲斐があったと思いますごちそうさまでした
0.951168478,キン兄弟がラーメン大好きなのをずっと見てきたからこれほど信頼における商品はないと思ってます絶対食べたい争奪戦になりそうなのでゆっくり手に入れますね笑一つ夢を叶えること本当に素晴らしいし勇気をもらえますおめでとうございます
0.950381339,これは売り切れなるだろうなー買いたい名言食べ終わったら容器は綺麗に保存だほんと美味しそうで
0.950255513,これだけ魂込めて完成させたラーメン本当に凄いです発売日に近所のセブンイレブンにも並ぶかな田舎だから地域差ありそうですよね見付けたら絶対食べます楽しみです
0.949792087,豚骨派だけどヒカキンが作ったなら味噌ラーメンも食べたいと思う味噌ラーメンも好きになりそうてかそう思わせてくれるヒカキンのこれまでの努力がすごい
0.9493922,ラーメン本当に大好きですhikakinさんをずっと前から見てきました小学生だったけれど今はもう高校生で大学受験に向けて勉強しいます勉強のお供として食べていきたいです
0.949329495,hikakinさんのラーメンに対する本気が伝わりました発売が本当に楽しみです
0.949297845,好きなものを自分の商品にしちゃうっていう偉業ほんとにすごい0年かかったり活動休止になるのも頷ける
0.948979378,いくら企画とはいえしっかり色と研究して自分なりのラーメン作ってるのがすごい尊敬するわ
0.948741317,hikakinさんが嬉しそうに楽しそうにしてて元気でるなーアレルギークリアしてたら買って食べます無理だったら誰かにプレゼントします
0.948458314,好きなことをして人生を楽しんでいる姿に私も頑張りたくなる気持ちが出たよyoutuberの鏡だよ
0.948423326,正直かなり楽しみ自分の口に合うかはもちろんわからないけどhikakinさんが思う至高の一杯がどんな味なのかは食べてみたい
0.948321939,自分の夢の中にみんなを笑顔にしたいという想いが込められてるのって本当に素敵優しさが味にも出てそう
0.948000908,勝手に報告だとばかり思ってたから予想外すぎたけどヒカキンさんのyoutuberとしての夢とは別の夢が叶って本当に嬉しい
0.947629809,このラーメンを同じように元気が無い時腹ペコの時ヒカキンさんの話を思い出しながら食べたいと思いますインフルエンサーの方で夢を叶えたと聞いてこんなに本当に良かったここまで長い道のり努力と信念つらぬいたんだなって感動したのは初めてかもです
0.947423518,夢を叶えたいことを叶えるhikakinさん本当に凄い息子もラーメン大好きなので発売されたら即購入して食べますね
0.947418451,美味しそう自分の作品にこんなに自信もてるのかっこいい早く食べたいなあ
0.94713968,朝一買ってセットで食べましたどちらもすごく美味しかったです味噌ラーメン好きな方には本当におすすめです
0.946998596,密着映像見てすごくこだわったのが伝わってきてラーメンの中で味噌ラーメンはあまり食べないけど食べてみたいと思った
0.946955562,大好きなラーメンが作れるくらいビッグな男になったヒカキンさんマジですごい他の商品も当たり前だけどこうやって試作を重ねて作られてるんだなぁと思うとなんだか感動しました絶対食べたい絶対見つけ出して食べます
0.946318686,これあれだねスーパーでも発売して欲しいくらい食べたいです僕も小さい時から0年生まれなんですけど味噌ラーメンが大好きで近くに札幌ラーメンがあって毎日のように言っていますそれぐらい味噌ラーメンが大好きです
0.946240187,好きなことで生きているを体現したまさに偉人私たちに夢を与えてくれて本当にありがとう
0.945955276,しょうもないとか言ってる奴ら人の夢を0文字で片付けるなよhikakin本当におめでとうこれからも一生ついていくわ
0.945824146,私が人生で救われたのはポケットモンスターhikakinの気持ちよく分かります
0.945689797,きっと想像を絶する苦労をたくさんしてきている中で本当にラーメンに救われて心からラーメンが好きなんだろうなとひしひし伝わるその思いは決して軽いものではないのにみんなが元気になれるようにって誰でも手に取れるような値段と店舗展開でみんなに共有してくれて聖人すぎる
0.94553256,是非食べてみたいヒカキンさんをずっと支えていたラーメンこだわり抜いた一杯を食べて元気を貰えるといいなぁ
0.945500851,ヒカキンは今回夢を叶えたけどヒカキン自身もまた色んな人の夢になってるんだよね素敵な世界だ
0.945359945,こういう有名人が関わる商品って大体ちょっと口出すくらいで後は全部任せるって感じの印象だったけどヒカキンはめちゃくちゃ従事しててやっぱこの人違うなって思ったわ
0.94529736,はよ食べたいおめでとうございます夢を叶えていく瞬間をこうやって見ることが出来て同じ時代生きれて幸せです刺激もらいました
0.945058525,普通に美味しそうだし一般市民に気軽に手に入りやすくて凄くありがたいです買いますね
0.945038021,体質がらラーメン小麦粉が食べられませんがメシも出してくれたなんて心から応援いたします
0.944727421,白味噌も入ったベースのニンニクのパンチあるラーメンの味の意味がわかりましたニューミサ僕も大ファンですコレは試してみたい
0.944355369,いろんな意見があると思うけど自分はヒカキンさんが心を込めて作ったんだって信じてる
0.944276154,ラーメンなら手軽に買えて嬉しい一つ一つのことに真剣に向き合う姿は尊敬しかありません他のyoutuberを非難するわけではないのですがいつも全力で取り組んでいて結果がでているのも納得です
0.944258809,しょうゆラーメンが美味しすぎて味噌ラーメン食べたことないのに凄く美味しそうこれは買いだな
0.944242001,学生だからyoutuberとかが出すものって高いけどhikakinさんは学生の気持ちも考えてくれたのか0円という化学でこだわりのラーメンが食べれるのは楽しみです友達と買いに行きます
0.944139242,ただ発売するのでなくラーメンに助けられた感動的なエピソードがあるのがやっぱりヒカキンさん神だなって思う
0.944005191,東京にラーメン店を開くとかじゃなくて手頃な価格で全国で買えるカップ麵にしたところがヒカキンって感じして好き
0.943863153,僕らに出来る最大の応援は買って美味しく食べるこれに尽きると思ってます絶対食べます
0.943626702,今日比較的のどかな地元のセブンで買おうと思ったら残念両方売り切れてました美味しそうなのでそのうち是非購入したいです
0.943552673,若い頃に死ぬ程努力して今夢を叶えたり今の成果があるそう思うとやっぱりhikakinさんには憧れる僕もサボってばかりいないでひと踏ん張りしてみようかな
0.943394125,今日初めて食べたなんかカップでいける味噌ラーメンの限界に挑戦してるといえる味だったこれはリピーターいるワケだ
0.943092406,他のyoutuberがやるぼったくりアパレルとかじゃなくて本当に自分がやりたいことを実現できるのは尊敬です゚゚
0.943006456,このラーメン食べるために一日頑張れる日が自分にもあるんだろうなと思うと嬉しいどうにか生きてる自分でもギリカップ麺に出せる値段で嬉しい
0.94291389,自分の好きなラーメンをいつも見てるhikakinさんが作ってくれるとは思ってもいなかった勉強の夜食に食べます0日は朝イチでセブンに直行だ
0.942739129,叶えたかった夢を実現するためにyoutube活動で忙しい中でもこだわりながら商品開発してきたって本当にすごい
0.942697525,内容がなんであれ夢を叶えるってのは普通の人ではなかなか成し遂げれないことだからほんとに凄いと思う
0.942590177,味噌ってのがいいですね食べてみます次あれば豚骨も期待してます
0.942564785,hikakinさんが美味しく食べてるのを見ると発売が待ち遠しいし早く食べてみたいー
0.942349255,youtube黎明期から変わらない安心感のあるコンテンツを続けているhikakinさんに拍手を送ります夢の取っ掛かりがかなったのでこの夢を更に大きくしていってくださいいつまでも応援してます
0.942291677,味噌ラーメンからもやしメンマネギ赤い調味油って感じがくるり意識してそうで好き
0.942268133,今日発売なのか売り切れてそうだけど絶対食べたいなこれを食べるために頑張って生きますっっง-ง
0.942124307,hikakinさんの投稿全然見ないんだけどヨダレ出そうになっためっちゃ美味しそう遅
0.941805124,この人は周りからすると小さな事に見えることも好きな事に諦めず取り組み続けてこうした結果を残せているから尊敬します希望の星です
0.941690624,食べました美味しかったですまた食べれることを楽しみにしてます
0.941173792,何度も繰り返し観ています観ているだけで気持ちが幸せになるhikakinさんありがとう
0.941075623,こんな休みのない多忙の中でラーメンの商品作りも進めてたの凄すぎでしょ絶対食べます
0.940890968,私も以前落ち込んでいた時ラーメンを食べてこの一杯でこんな幸せな気分になれるって本当すごいなぁって思ったの思い出しましたhikakinさんおめでとう早く食べれるの楽しみにしてます
0.940640569,hikakinさん売り切れてました食べてみたいので再販お願いいたします笑
0.940565348,字も綺麗なところまで本当にヒカキンさんの才能にびっくりですこれからもずっと応援してます
0.940558791,hikakinさんにほんとに元気貰ってますし尊敬してます0ヶ月入院してて大変ですが退院したら絶対食べますψ
0.94053638,おめでとうございます絶対に買って食べたいと思います本当に美味しそう急上昇ランキング0位素晴らしいです
0.940503001,0年ほど見続けていたのですが初めてコメントしますヒカキンさんがラーメンを作ったという報告が何故かめちゃくちゃ嬉しくて幸せで発売日に絶対食べたいです幸せそうに食べるヒカキンさんを見て笑いながら泣きそうでした
0.940432608,スープばり美味かったし麺もボリューム感じれてすすりやすいしバカ美味かったよ他にどれだけ批評されてても俺のコメントが全てやから大丈夫やぞhikakinさんバカ美味かったよ
0.940383792,うわぁあすごいよかったね絶対食べる夢に向かって全力で頑張る姿心から尊敬します
0.940315008,おめでとうございます0年間も私達の事も考え食べやすく美味しそうなラーメンを作って頂きこちらも凄く嬉しいです0月0日が凄く待ちどうしいです‪̖́
0.940129519,みそラーメン大好きだから嬉しいしかもセブイレならみんな買いやすいし絶対絶対買いますね今から楽しみすぎる
0.940114915,他のラーメンより美味いとかそういう言葉使わないのがやっぱりhikakinって感じがして大好き
0.939725995,好きなことを極められる人は本当に努力をしてきた人だと思います尊敬
0.939469099,ヒカキンは本当に充実してるなぁそうに決まってる
0.9394449,みんな恋人作ればリア充とか金持ちが自由とか言ってるけどヒカキンみたいな好きなことを本当に頑張れて嬉しさに溢れてる人が真のリア充だと思う
0.939415693,人生が変わるときもラーメンを食べてたはエモすぎる
0.939278722,自分の好きな事ラーメンで視聴者をも一緒に喜ばせれるのってhikakinさん位だと思う幸せを独り占めせず皆んなで分かち合える形に出来るhikakinさんはやっぱり凄い絶対買います頂きます
0.93917495,まずyoutubeを0年間休まずにやってるのだけでも凄いのにyoutubeをやりながら他の夢を実現させるためにも全力を注いで頑張るヒカキンさん本当に尊敬します
0.939113081,この人のこだわりましたほど説得力のあるものは無いよねめちゃくちゃ楽しみ
0.939086854,凄くこだわって作ったのもあってめっちゃ美味しそうちなみに白味噌派なので尚更食べたーい開発中大変そうだったけどもヒカキンさんがとてもキラキラしてて少年のようでした長年の夢のひとつの実現おめでとうございます発売を楽しみに待ちたいと思います
0.938885391,私も同郷なのであのミサのガツンと感のある味噌ラーメンは脳に刻まれてます笑おめでとうございます楽しみにしています
0.938840926,これこそホントのyoutuberだと思います誰かのことを取り上げるわけでもなく自分の夢をちゃんと実行して視聴者にお届けする素晴らしいですhikakin
0.938818276,好きなことで生きていく報告前は視聴者の心を昂らせ報告後は自分の夢を叶えることで視聴者を喜ばせるやっぱhikakinさんは本物のyoutuberだ
0.938767612,ヒカキンの熱意というか思いが分かるまず真っ先に自分で思う通りにするヒカキンが凄くて羨ましい
0.938673854,ラーメンメシめちゃくちゃ美味しそうなので買って食べて見たいと思います夢を現実に叶えられて良かったですねおめでとうございます
0.938474298,東京に住んでいなくても食べることが出来る名義だけ貸してるとかでもない本気の一品絶対食べます
0.938474178,本当におめでとう夢を叶えられて本当に良かったね楽しみにしてます
0.938462973,おめでとうございますとても美味しそうでアメリカでも買えたら嬉しい大ヒット商品になって海外進出もできますように
0.938382268,食べましためっちゃ美味しかったですしかも当たりが出たヤッター゚゚
0.938339829,私もバイトしてた頃社会人になってからもお世話になってますカップ飯もあるの有難い贔屓します
0.938260674,何かヒカキンクラスが初の商品開発って凄いな普通もっと格下のインフルエンサーでも出してるのにそれだけ慎重に製作してたって事かなこれはさすがに食べてみたい
0.937945426,hikakinさんの真剣さがこっちにまで伝わってきて感動しました元スーパー店員で僕の人生の諦めない部分をhikakinさんが救ってくれましたありがとうございます
0.937877595,嬉しいそうに紹介してるhikakinさん見てるとこっちまで嬉しくなります発売日絶対買います
0.937827945,こんな美味しそうなのコンビニで買えちゃうのすごい早く食べたい
0.937722385,0人の人間がこうやって死ぬ気で頑張っているのを見てるともはや伝記に見えてくるこの方は本当に澄んだ晴れた心を持っていると思う
0.937693477,おめでとうございます海外にいるので今直ぐ食べれませんが帰国したら食べたいですどんな味か楽しみ
0.937467396,すごすぎる夢を叶えていくのすごいよo̤◦o̤発売されたら絶対食べる人気すぎてすぐ無くなりそうで怖い
0.937312782,おめでとうございますとても美味しそうなラーメンですね早く食べてみたいです
0.937289357,こうゆう有名人の商品ってぼったくり多いけどヒカキンさんはちゃんと商品として出すのは尊敬
0.937058985,長年の努力が色んなところで反映されてるところが本当にすごいと思う
0.937001586,めっちゃ美味しかったです息子も喜んで食べてましたありがとう
0.93697232,田舎はないかと思ったけど全国で嬉しい絶対買う
0.936968148,味噌ラーメンは普段あまり食べませんが流石に買わずにはいられません0日セブンに走ります
0.936828196,世の中の色んなものを見たり食べたりしてきた人がこれは良いと思って作ったものたち興味あるわ
0.936806977,東京の店舗だと地方民は食べに行くの大変だけどセブンだったら全国のみんなが気軽に食べられるし0時間いつでも買いに行けるからすごくありがたいですあー早く食べたい
0.936804891,ラーメンしかたべてなかったけどホントにおいしかった0円で他より高めだけどリピありと思いましたまた食べてくなる味明日はカップ飯たべるの楽しみです
0.936720312,これは招き猫キンがでるまで食べたいと思います自分もラーメン大好きなので
0.936451614,はじめてヒカキンさんのラーメンを買いに0店舗行きましたけどご飯の方がなくてラーメンを食べたらくやしいけどおいしかったです
0.936450005,本当に尊敬する自分もヒカキンさんみたいな素晴らしい人間になるために色んなこと一生懸命頑張りたいです
0.93637377,味噌の甘味を人工甘味料で出そうと思ったら大間違いですぞ
0.936340749,自分的にはラーメンの方がそのときに食べたかったからおいしかった長文すいません
0.936309814,ヒカキンのラーメンを食べれるのは嬉しすぎる泣
0.936259091,ヒカキンさん新しいラーメンを発売されるということでおめでとうござまいす発売を楽しみに過ごさせていただきます
0.936255991,ラーメンに対する想いだったり幼少期からの思い出の味噌ラーメンのことも知れて感動で涙が出ました絶対買います
0.936249673,視聴者が体感しやすい食品への事業展開してくれてほんと嬉しい
0.936157465,故郷のラーメン屋さんのくだりは涙出るね具材や調味料だけじゃない背景や思い出が何よりの美味しさに繋がる隠し味
0.93611598,みんなと苦しい気持ちとか頑張ろうという気持ちとかを共有したいっていうのが凄く伝わる商品ですね早速発売日に買って食べたいですそして夢を叶えられたこと本当におめでとうございます
0.936114073,ずっと夢を持ち続けるって事がすごい普通は一つの事で満足しちゃいそう
0.936006248,別にヒカキンさんファンではないけどこの人の努力凄いと思うあと普通にラーメンうまそう
0.9359712,尊敬でしかないめちゃくちゃ努力を感じるし普通にめっちゃ美味しそう私もラーメンものすごく好きなので嬉しすぎます絶対買いに行きますおめでとうございます
0.935961008,アレルギーの関係で小麦がたくさん食べれないのでメシ版が凄く嬉しい味噌大好きです絶対食べます
0.935882568,人生も時間もお金も一切ムダにしない生き方に惚れてしまいます心底ステキですっ
0.93582058,私もラーメン大好きなので絶対買いますおめでとうございますここまで努力できるのが本当に尊敬します
0.935700893,マジですげぇわ休んでも休まなくて準備して一刻でも早くみんなに知らせれるよう努力してるとことか本当に美味しそうなのが伝わってるくる
0.935700655,最近買って食べてみました味噌もしょっぱ過ぎず麺はソフト具もシャキシャキしてて文句なかったです一応言っておきます食ってみな飛ぶぞ長州力風失礼しました
0.935673714,まってまさかのみそめし美味しそうすぎるヒカキンのことだから本当にこだわって作ってくれてるはず絶対食べまーす
0.935648024,なんかhikakinさんはyoutuberで成功してるからとかそういう妬み全くない努力が実った人だなぁって見れる
0.93550539,hikakinさんの血のにじむような努力が伝わってきますわ
0.935297847,売り切れてました店員さんに聞いたら製造はもうないって言ってたので食べられないかも
0.935260594,ありがとう感動をラーメンをhikakinさんが創るラーメンやその他の料理はどのインスタントよりも美味しそう
0.935191453,今までの様挑戦を経てたどり着いたラーメン食べるの楽しみです
0.935166955,胸が熱くなりました泣きそうです泣いてるけど感動の涙おめでとう御座いますこれからもお身体にお気をつけてください
0.935028851,夢を叶えるためにyoutube活動で忙しい中でもこだわり抜いて商品開発をしてたというヒカキンさんの裏側を見てると本当に勇気を貰える
0.934973896,出来ることなら毎日食べたいくらい同じくラーメンが好きなので必ず買って食べます
0.934904158,ラーメンなら豚骨以外断固拒否の自分だけどなぜかこれは食べてみたいと思った
0.934898853,自分の夢を叶えられる人がいてその瞬間を沢山の人と共有出来るのはhikakinだからですねおめでとうございます自分のやりたい事を本当に達成出来るのを証明してくれた貴重な人です
0.934873283,hikakinさんは安心して一生推せる発売が楽しみ
0.934846699,突然国家転覆やぁりましょうとか言われてもヒカキンさんなら株上がりそう
0.934801102,焼肉とか寿司って金持ちになったら良い店ばっかり行くだろうけどラーメンだけはどの店もほとんど同価格帯だし金持ちになっても食べたいと思うものだよね
0.93447572,嬉しいよ嬉しい前年は抜かされたけどそれまでは新潟がラーメン支出額0位だったんだラーメン王国新潟の誇りだよ
0.934421301,ヒカキンさんホントにラーメン好きですね自分の好きなもので夢が叶えれるのすばらしいと思う
0.934395194,ラーメンとかだけじゃなくてhikakinプレミアムの最初の商品なの夢があって嬉しい
0.934206545,水筒にお湯いれて学校に持っていって食べようとしたやついたで
0.934174299,シンプルに凄い本当に頑張ったんだなって尊敬できますね
0.93413049,翌日にはもう売り切れってこの企画は大失敗だと思う
0.934081316,すっげって漏れた本当に尊敬できる人物です
0.93404156,hikakinの夢って俺らに想像できんよなどんな凄い事なんやろ本当に楽しみすぎる
0.933994591,お疲れさまですヒカ様の努力と笑顔が多くの人の心に自然と入って来るのがヒカ様おめでとう御座います喜んで買わせて頂き応援していきたいと思いますヒカ様の声が笑顔が私達の元気の素です本当にありがとう
0.933982015,僕の夢は記憶がある時に東京に行く事でしたヒカキンと共に夢を叶えられて嬉しいです
0.933967948,お休み頂いてありがとうございますって上の立場になったにも関わらずほんと謙虚だよね尊敬する
0.933871806,純粋で真面目な人だなぁと改めて感心させられました
0.933849037,自分の予想のお店出すんじゃないかなと思ってたちょっと異なってましたただ是非とも食べたいです
0.9338305,好きなことにほんと全力一生懸命な方観てて面白いし楽しい尊敬沖縄でも販売あるかな
0.933719635,息子達と食べましたスープめちゃくちゃうまい酒粕の香りがします息子は今まで食べたラーメンで一番うまいと言っていました
0.933694959,絶対にうまいそうに決まってる言うまでもないね
0.933663309,0年がかりでの商品化は気合いが入ってますね食堂ミサの味噌ラーメンが原点の味ということで私もミサの味噌ラーメンは大好きなので味には期待できます早く食べてみたい
0.933610201,まあ味の好みとかって人それぞれだけどさこれを食べてあおるやつの気持ちがわからないんよねただただ妬みでしょって思ってしまう
0.933343172,とてつもないプレッシャーの中で時間と労力を割いて商品開発している姿が容易に想像出来ます一週間休むのも納得です応援してます
0.933330655,この機会で思ったけどヒカキンさんが存在してないどyoutubeがつまらなくなったヒカキンさんが活動休止してから少し寂しく感じた事があった私はヒカキンさんを0年前くらいからしか見てないけど本当にいい人なのは分かる誰よりも長生きして欲しいヒカキンさんにどれだけ救われたか本当にありがとうございます
0.933329761,まっすぐで真剣で真摯でやっぱりヒカキン大好きヒカキンの夢が叶って嬉しいラーメンもカップメシも食べるの楽しみ
0.933045924,夢を叶えられた事おめでとうございます素晴らしい発売したら絶対買いに行っちゃいますスバラシイ
0.933017373,何にでも真摯な姿勢を崩さないんですよねそういう所が大好きです家族の分も買ってみんなで食べたいです
0.932955503,感動するなぁヒカキンさんの夢が叶ったの本当に嬉しいなおめでとうございます
0.932923555,濃厚味噌ラーメンが税込で0円なのなぜかひかきんの優しさ詰まってるような感じがしてすき
0.93291688,実際口に合う合わないは絶対あると思うけどここまで頑張った過程を考えるとそんなの関係なく食べたいって思う
0.932861924,お金持ち始める献呈的な人調子にのりすぎだわでも売れるといいですね
0.932797372,増産お願いしますまだ食べられてないです味の好みは人によって違うのでネットでまずいとか言ってるのは気にしないでいろいろ作ってほしい食べられる日を楽しみにしています
0.932775915,﻿店舗を作るんじゃなくてそれなりに誰でも手に入れられる商品を作ってくれるところに言葉に上手く出来ない優しさを感じる
0.932747841,内容ちゃんと見る前はラーメンとカップめしならラーメンがいいかなって思ってたけどこのカップめしめちゃくちゃ美味しそうやな発売日に買いに行こう笑
0.932691872,夢が叶ってすごく良かったですね私たちも夢を諦めずに頑張りたいと思います
0.932594121,完成おめでとうございます発売楽しみですラーメンは豚骨とかが人気が多いですがそこを味噌でくるところがたまらないしかもニンニクいり最高楽しみにしてますあちこちのセブン巡りしよ
0.932549119,おめでとうございますヒカキンさんの熱い想いがめちゃくちゃ伝わってきて感動しましたセブンさんに並ぶのを楽しみにしています
0.93249923,大好きなものを磨いていくその姿大人の私も勇気づけられるかっこいい
0.932354808,自分が叶えたい夢を叶えられて本当にすごいと思う自分も見習っていきますそしてどんな報告でも受け入れていきます
0.932345688,ヒカキンこそ努力に努力を重ねたtheyoutuberって感じまじですげぇ
0.93221885,ヒカキンって報われるまで努力できるの凄いな
0.932203293,0日まで待ちきれない私もラーメン大好きです本当にすごい行動力だよhikakinさんおめでとう
0.932165086,小さい子はにんにくは刺激的に感じるかもとかそういう配慮ができるのがすごいと思う
0.932058811,ラーメンの無い世界なんて考えられないほんとにラーメンって多くの人を救ってると思う
0.932054162,これ見て泣いた人いない説明すると長いけどすご心打たれた
0.932035625,hikakinさんが作ったラーメンなんだから絶対美味いに決まってる絶対に買います
0.931911469,味噌だからって安直にコーン放り込んでないヒカキン信用できる食べたい
0.93191123,一年賭けたラーメン食べますね近くで買えるの嬉しい
0.931816936,hikakinさんが幸せなことならこっちも嬉しい気分になれる
0.93174094,正直ここが僕一番見ていただきたいんですけどっておっしゃってますが自分の好きな人の夢が叶う過程を見せていただけるなんて光栄でしかないから見るに決まってますラーメン見かけたら絶対買います楽しみにしてますね
0.931727052,待ってこれにこの感想は失礼だと思うけど字うますぎる
0.931618273,ラーメンばばあのときを思い出す本当にラーメンが好きというのが伝わります
0.931597769,hikakinさん忙しい中でも本当に好きなことして生きてる感じがしてすごくいい
0.931583226,是非食べてみたいですhikakinさんがラーメン好きとは嬉しい
0.93152374,0年間やってて初めての休みきっといいご報告だと思うまじ楽しみ
0.931488514,hikakinさんは神なんなら仏の域にまで達してるただ普通に頑張っただけじゃあんまり夢って叶えられる物じゃないと思うからhikakinさんはものすごい努力の上にこの夢を実現してるんだと思う
0.931416154,このコメント残念だわまずそうとか言ってる奴は絶対買うなよヒカキンさんの努力の何も知らない奴が語ってんじゃねーよ
0.931203961,先日本当に生きているのが辛くなったんですが今日hikakinさんの夢が叶った姿を拝見して凄く元気をもらいましたいつも視聴者を気づかってくださる姿努力し続ける姿尊敬していますどうぞこれからも無理はなさらず楽しさを追い求めて活動してくださいいつもありがとうございます
0.931194961,夢が埋まってる鉱山をみんな掘っててでもいつ発掘できるかわかんないから途中で諦めたり投げ出したりするけど踏ん張った先には自分自身を支えてくれた夢に辿り着けるって思えましたhikakinさん夢実現おめでとうございます
0.930977881,自分も夢に向かって突き進んでさらに実現させるような人になりたいな
0.930934906,初コメどのyoutuberが食レポしてくれるんだろう忖度なしで私的にはサッポロ0番味噌ラーメンを越えるかどうか
0.930874944,お店に行かなきゃ食べれないとかじゃなくてコンビニで買えるっていうのに優しさ感じる
0.930775285,本当に楽しみにしてますカートンで買いたいです
0.93071717,泣けましたおめでとうございます0日セブン出勤なので必ず買わせていただきます出勤前に売り切れちゃいそう楽しみです
0.930715442,hikakinさん醤油味も作ってくださいお願いします
0.930698574,ヒカキンさん早く食べたいヒカキンさんの人柄が皆さんが携わってれるんでしょうね
0.930671632,0年間大好きなものに熱中して本気でできるの本当に尊敬
0.930663288,監修って名前だけ貸して開発とかはほぼ任せっきりな人もいる中こんな0から0まで全部本気で本人が携わってるのすごいな
0.930636227,ヒカキンさんおめでとうございますラーメンへの熱い想いが伝わってきました本当に美味しそうで今すぐ食べたいです追記沢山のグッドボタンや返信本当にありがとうございます
0.930633068,今日招き猫キン当たったのでhikakinさんが言ったみたいに大事に取っています
0.930600405,そんなにラーメン好きで救われる人がいるんですね私もラーメン屋さんで働いてるけどもっとラーメン屋さんで働いてる事に自信をもって働こうと思います
0.930599988,夢の実現おめでとうございます伝えたいことが箇条書きなのがわかりやすく誠実でラーメン屋っぽくもある
0.930594206,hikakinの凄い所はラーメンとカップ飯を両方しっかり食べてるところ
0.930520654,誰でも手に取れる価格帯ってのもありがたい必ず買って食べますそしてみんなのコンビニ紹介気になりますね
0.93050307,しょうもなって言ってる奴お前らが高く見すぎただけやろ本当にhikakinさんおめでとう
0.930482984,同い年で一番尊敬と安心感がある人柄ですラーメン発売おめでとうございます当日買いに行きます
0.93047297,発売おめでとうございます早速購入させていただきましたところ息子が当たりマークを出しました大きなご利益がありそうです
0.930472016,ミサは小さい頃行ってたな玉ねぎ甘めで味噌と合う懐かしい
0.930351198,食べてみましたすごい好きな味でしたー個人的にはお湯入れてから0分くらい待つのが麺がちょうどいい感じの太さになって好きでした
0.930348456,個人の感想なんですがめっちゃ美味しかったですメシの方はまだ食べれてないので再販したら絶対食べますこれからも頑張ってください
0.930321157,さっきコンビニ行ったら発売前なのに売ってたから四個ずつ買ってきた食べるの楽しみ
0.930296361,大好きなラーメン旅企画が商品開発の伏線だったの嬉しすぎ
0.930178344,こんなに楽しみな発表なかなかないから嬉しい絶対食べますこの勢いでラーメン屋さんも作ってください
0.930162907,ラーメンだけしか買えなかったけど優しい味で美味かったです
0.930155873,何事にも本気でどんな時も頑張ってきたからできたことだと思う本当に心から尊敬します
0.930113256,最近のヒカキンあるあるかもしれないけど後付けの夢っぽくてなんかねって感じここまでやる熱量とかは尊敬してます
0.929902852,疲れてるからとかじゃなくて報告準備に集中するために休むといういつも視聴者思いのヒカキンさんならどんな報告でも応援できます
0.929901898,早速それぞれ0つずつ買いました人気すぎて売り切ればかりで何店舗も周りました笑
0.929893076,ラーメン大好きなhikakinさんが作ったラーメンとか絶対に美味いやんあと手軽に買えるとか最高買うしかないわ
0.92986232,パッケージのデザインもセンスあって素敵ですね下積み時代も人生が変わるその日もラーメンと共に感動的です
0.929770529,0円本当にいつでも誰でも食べたいときに食べられる価格設定で泣ける
0.929753006,今日香川県観音寺市のセブンイレブンに買いに行ったら入荷待ちと言われました何時入荷するか分からないと言われました楽しみにしてたのにまた買いに行きますね
0.929751933,小麦アレルギーだからご飯あるの嬉しいお母さんにラーメン食べてもらおうヒカチャンよかったね
0.929678559,下積み時代ほんとうにしんどそうなのにここまで頑張って夢叶えてて尊敬します
0.929626107,視聴者の意見どうこうじゃなくてちゃんと自分の好きなこと貫いて努力してるのかっこよすぎる
0.929514229,夢実現おめでとうございます味噌ラーメン大好きなんです絶対食べます
0.929380417,本当にhikakinさんは聖人だなたとえ0週間休んだとしても視聴者の事を考えていて本当に尊敬するわ
0.929356635,再販の時に食べましたとても美味しかったです
0.929303408,一年間夢を叶えるために頑張ってたヒカキンさん凄いし尊敬した
0.929251969,もう涙が止まりませんヒカキンさんの一生懸命努力出来るところとか本当に尊敬します絶対に買います
0.929140866,ヒカキンー今日買って食べたよメシすごく美味しかったまた買います
0.929123998,食べてみましたスープがマジで美味え
0.929114699,今日誕生日だったからなんか嬉しいです❁❁hikakinさんおめでとうございますそしていつもお疲れ様です❁❁最初は売れすぎて中買えないと思いますが買える機会があれば買わせていただきますこれからもご無理なさらずに頑張ってください
0.929071486,買いましたすごく美味しかったですラーメン屋のラーメンより美味しかったです≧≦ありがとうございますたくさん食べます
0.928767085,hikakinさんの一生懸命作ったラーメン食べてみたい
0.928753197,発表するまで0分もかからないの流石ヒカキンって感じして好き
0.928737521,コンビニで売ってくれるのはありがたい味噌ラーメン普段食べんけどhikakinさんのラーメン食べてみたいと思いましたこれからもずっと応援しますがんばってください
0.928706884,目標を達成するために必死に頑張る人って応援したくなるよな
0.928703785,商品紹介を主にやってたyoutuberがこうして今自分の商品を紹介してるのほんと感慨深い
0.928703785,商品紹介を主にやってたyoutuberがこうして今自分の商品を紹介してるのほんと感慨深い
0.92868495,これからこちらの新商品のpop作りをさせていただきますセブンイレブン社員です売り切れそうわたしも食べます
0.928668857,好きなことで生きていくを実現させた漢かっこよすぎる
0.928649664,ラーメンに凄くこだわって作られたのが伝わってきます発売日楽しみです
0.928590059,hikakinpremium立ち上げおめでとうございますヒカキンさんの夢が叶ったこだわりのラーメン楽しみです
0.92856431,g明けに発売してくれるから連休明けのショックを和らげてくれているね
0.928491473,両方とも食べました美味しかったです
0.928467333,完売で買えませんでした孫が楽しみにしてました再発売お願いします
0.928436518,味噌ラーメン好きとしてとても気になる絶対買う味噌派閥にも嗜好が違う事があるからhikakinさんがどんな味が好きなのか楽しみ
0.928341329,味噌ラーメン味のカップ飯は売ってないからめちゃくちゃ嬉しいです絶対買います
0.928210914,初コメです八甲田山かよ今日日乾き物の味付けがどうかしたのかよ古い映画でもみたのかヒカキン
0.9280954,ラーメンの中では味噌が0番好きだから地元でも売られるようになったら絶対買う
0.928094923,服とかじゃ無くてラーメンなのほんとに好き流石hikakin
0.928040743,なんかヒカキンさんって自分の節目とかにいつも誰かの為にやる事ばかりでyoutubeを始めた頃から芯とか根本が全く変わらないんだろうなと泣きたくなる
0.927989602,おめでとうございますセブンでかえるの有り難い元気がない時に私もヒカキンラーメンでパワーもらいます✾
0.927962661,買いに行くね美味しそうもし叶うならヒカキンさんが着ているtシャツプレゼントキャンペーンしてくれますか
0.927861273,これはこれは努力の結晶でしかないですねぜひ見かけた際は食べて見ます
0.927809894,ちゃんと全国のラーメンを回るという伏線をはっていたと思うと鳥肌もんだわ
0.927772999,hikakinさん0週間を準備に費やしたならあともう一週間休んでから再開すればよかったのにマメな人だなぁ買ってみたい
0.927752018,絶対買いに行きます楽しみにしています
0.927726209,色んな人が先走った噂を流してて嫌だったけど0月0日が楽しみでも抗がん剤治療中で退院まだだから退院したらすぐ買いに行く
0.927712381,ヒカキーンおめでとうこれからも応援してるラーメン買えなかったけど次hikakinプレミアムの商品は絶対買ってやるー頑張ってください
0.927696466,ほんとに努力の積み重ねが遂に実った感じが伝わります
0.927685201,凄く思いの詰まったラーメンに仕上がったと思いますセブンが無くて買いに行けないのが残念ですが出かけた際に買いたいと思います
0.927671611,hikakinさんのお陰で夢って叶うんだなーって本気で思った何かが好きなだけでこんなに頑張れるんだねまじで勇気というか希望というか貰った気がするやっぱりyoutuberの中で0番尊敬してるし0番大好きだなー‪••
0.927620411,ラーメン苦手だけどその中で0番好きな味がミソだから嬉しい絶対食べる
0.927567542,ラーメンの味で味噌が0番好きだからめっちゃ嬉しいしかも安い買うしかないなヒカキンさんありがとうそしておめでとう
0.927507579,生姜感が強いと感じたのは気のせいですか••
0.927486837,本当に努力の塊でしかないhikakinさんが頂点で本当によかったぁ
0.927473426,ラーメンを初めて作った人ラーメンを広めた人ラーメン屋の人みんなヒカキンさんを支えてヒカキンさんをこんな大物にまでさせてくれてありがとう
0.927456319,ヒカキンさんのガチファンだから泣くくらい嬉しい一生買う
0.927443445,youtube続けながらもこれを着と進めていたと考えると本当にすごい
0.927243769,サムネ変えるところとかさすがだなと思う常youtubeのご報告サムネには嫌気がしているので発売まであと0日たのしみー
0.92722708,ラーメンの方をさっき喰ったけどイマイチだねごつ盛り味噌の方が好みだわ
0.927103102,ここまで人が良いと過去にどんな重罪を犯していたとしてももうなんでも良い許される
0.927095473,もう美味すぎて鳥肌たったわラーメンも美味いけどメシがやばいくらい美味しかった
0.927062809,初めて発売される商品って言い方だと次もあるのかな
0.927048028,なかなかいないと思いますが私ラーメンが苦手なんですよそれでも全然食べることができましたhikakinさんありがとう
0.927015305,ラーメン好きならなんでアセスルファムカリウム入れたのかが疑問
0.927004457,美味しそうやばあ夜の0時食テロすぎぜったいたべる
0.926986873,hikakinさんの元気が出て嬉しく思います
0.926918864,これは売れる口角が上がる感覚わかりますさっそく0日からセブン見てきます
0.926881135,0品目はノリが完全に某j熱大陸みたいで面白い脳内で葉加瀬太郎のバイオリンが聞こえてくる笑これで0分やって欲しかった
0.926823318,勝手に期待しといていざ発表した時文句言うのは違うだろ素直におめでとうでいいでしょ
0.926763773,こんばんは今セブンイレブン行ったら店員さんが並べててさっそく買って食べましためっちゃ美味しかったです
0.926751971,蒙古タンメンがライバルかな辛いバージョンも出して下さい
0.926585853,味噌ラーメンで良かった他の味だと食べないので食べてみます
0.926510453,両方買いましたカップ飯美味しすぎてリピート確定です明日はラーメンの方も食べてみます
0.926485896,店舗じゃないところがまたyoutubeの身近さを感じましたなんか泣きそうになったおめでとう
0.926383555,自分の好きな料理を自分が手を加えて商品として出せるのって本当に凄いことだよなぁ
0.926289141,ヒカキンさんみたいな人も最初は苦労してたマジ尊敬
0.926177025,プレミア公開の時コメントで文句奴多すぎて悲しくなったわ素直に祝ってやればええやんけ
0.926107049,心からおめでとうを言いたいですほんとに自分の夢を次から次へと叶えていて憧れでしかないです僕も頑張ります
0.925975263,濃厚味噌で香味油白味噌使用麺処くるりが本当に好きだったんだなって分かるわな
0.925855458,つよぽん絶対に0月0日買ってみようかな超美味しそうだね
0.925826192,ラーメンとメシ両方食べました確かに元気を貰いました
0.925747454,再生回数見て思ったけど今でもみんなの関心を惹き付けてる事が凄いちゃんとみんなhikakinの事気になってるんだね
0.925742924,hikakinが生きてる時代に生まれてこれて良かった
0.925671279,エビとかカニを入れずにアレルギーの人でもなるべく楽しめるように作ってるの好き
0.925645709,0番びっくりしたのがhikakin様の書道が想像以上に上手かったこと
0.925605059,hikakinの夢が叶って本当に良かった
0.925587177,hikakinさん花月嵐ラーメン屋に行ってくださいお願いします
0.925584853,だからラーメンダーツとかやってたんだね好きなものを本気にできるのって本当に尊敬できる
0.925568521,これ辛いの麻婆豆腐しか食ったことのない中学生でもくえますか
0.925531805,好きなことにここまで全力を注げるのも聖人と呼ばれる0つの理由なのかもな
0.925454021,発売おめでとうございます食べるの楽しみです
0.92538619,同年代でハモネプやってたって思うといつも鳥肌というか感慨深くなりますˇˇ
0.925349891,向上心あって素晴らしいラーメン旅もしてるくらいだから好きなんやね
0.92530185,泣きそうになるくらい相変わらず感動しました
0.925259352,発売が楽しみすぎて毎日見てます見れば見るほど美味しそう
0.925226927,発売したら食べたいですねでもすぐに売りきれそう
0.925163627,これは絶対買って食べますラーメンは本当に食べると幸せになりますよね
0.925160527,カッコよすぎる絶対に買います味噌ラーメン好きなので早く食べたいです
0.925049543,発売決定おめでとうございます0月0の発売日に0つとも買いますこれからも応援してます頑張ってください
0.925026834,hikakinさんが休止したと聞いてどうしたのだろうかと見に来たけどいつ見ても安心するすごいhikakinさんで安心した
0.924970448,いやすごすぎるわyoutube活動だけでも忙しすぎるのにその合間を縫って自分の夢を叶える活動をするなんて
0.924897194,ほんとまだ全然人気出ない頃にヒカキンを友達から勧められて観てたけどそのヒカキンがいまこうしてhikakinpremiumのラーメンが出るそして今となってはyoutube界を代表するくらいの人となってるほんとにすげーこれからも応援してます
0.924810886,人気出過ぎて売れ切れなってそうだから早めに買いに行こ
0.924768567,0月0日孫とパパは0の店を探し回りましたしかしみそキンラーメンはありませんでした販売は終了したんと違うかなとパパの言葉ラーメンはもう食べれないのでしょうか
0.924684227,これだけ成功してても夢に向かって走り続けて実現させるとかカッコ良すぎる一人の人間として尊敬
0.924654841,ラーメン店にするの飲食だからインスタントより異物混入系の事件が起こりやすくなるから絶対こっちの方がいいよね
0.924651682,コンビニで買えるのは嬉しいヒカキンさんの本気のラーメン絶対食べる
0.924638331,ミソキンラーメンの残り汁にご飯いれたらミソキンメシにならんの笑
0.924566925,この人はたった一週間の休みのために盛大にみんなのことを考えてるんだなこの人こそ本物の聖人だ
0.924529374,僕もラーメン大好きです僕もラーメン作ってみたいなあ田舎なので買えないですけど旅行行った時買いますね
0.924282432,白味噌を入れることによってガツンとくる旨味が鈍くなる気がするけどどうなんだろうか早く買って食べたい
0.924220741,こんな素敵な人本当に居ないしもうほんと大好き頑張ってほしい
0.924200594,0から0にするのってホント大変自分の夢を実現させる努力すごい
0.924196243,まだ食ってないからなんとも言えないけど自分の知名度を利用してなんとなくな気持ちでラーメン作りに手出したとしか思えないしほんとにラーメン作るのが夢だったんなら自分の名前を公表せずにこっそり作って周りからの意見を忖度なしでもらって初めて嬉しいって思うんじゃないのかな知らんけど
0.924112499,お身体に気をつけてくださいね次はほんとに0ヶ月くらいお休み取ってくださっていいんですよー
0.924042106,本当の予想外すぎて困惑しながら普通に嬉しい俺がいる
0.923945725,夢が叶って嬉しそうなヒカキンを見てるだけでこっちは嬉しいよよかったねーラーメンもご飯も絶対買う
0.923935354,hikakinさん私に希望を与えてくれてありがとうございます私も頑張ります
0.923743606,夢を持つ事楽しさも夢を叶える楽しさも自ら体験して映像化してくれるhikakinさんは本当に尊敬しますこれからも応援してます
0.923599303,偏見だけどさこういう体型の人が作ったものって美味くない
0.923470736,hikakinさんみたいな色んなことに夢を見てチャレンジできる人になりたいと思った
0.923442483,おめでとうございますまさかの誕生日に発売絶対買います早く食べたいです
0.923378527,わぁー夜中に再生してラーメンクッソ食べたくなったー発売したら買います0月0日楽しみ
0.923365116,すごく食べてみたくなりました見かけたら絶対に買って食べます
0.923349798,努力が報われる瞬間はまさにこの事なんだろうなヒカキンさんおめでとうございます
0.923220277,ヒカキンが嬉しそうなの観てるとこっちも嬉しくなるね
0.923217118,すごい興味あるラーメン0年間とは凄いですねでもほんとに何もしない期間を作って欲しいです
0.923206866,単純に小麦アレルギーで麺が食べられないからカップ飯あるの嬉しい
0.923182786,カップ飯派でしたどっちも美味しかったです勺
0.923069417,発売日から毎日セブンを巡っていますがまだ買えていません勇気を振り絞って店員さんに次いつ入荷するか聞いてみたら今後入荷予定はありませんと言われてしまいました再販されないのでしょうか食べたかったです泣
0.923020124,いやー他のユーチューバーと違って金持ちしか手が出せない高い洋服とか出すよりこーやって誰もが買えて一回は食べてみたいと思うラーメンとか出すの良いね
0.923013687,メシにきくらげ入ってるの私きくらげ嫌いだけどメシで食べたら食べれるかも早く食べたい
0.923006713,これだけの成功を収めているのにまだ夢を追う姿勢が好きです
0.922963023,食べたい他の味は作る予定あるのかな食べてみたい豚骨とか醤油も
0.922922075,これ見たらヒカキンがどれだけラーメンを愛し夢に本気だったか分かる素直におめでとう
0.922823489,服とかじゃなくてラーメン売るのは本当に好きだわ
0.922816575,楽しみにしてる笑すぐ売り切れそうだね
0.922788382,おこぷれで知りました美味しそうなので絶対食べます
0.922733963,店舗じゃなくてカップにした事で気軽にみんな食べられるのがなんかhikakinさんの人柄が表れてるなぁって思いました地方民なので東京でお店構えられても食べられないので食べるのとっても楽しみです
0.922702849,ちょっと高いなその値段ならおにぎりと揚げ物買うってなる
0.922641814,個人的に何より嬉しいのはヒカクラ0が再開することなんです
0.922584116,ヒカキンさん何処の店も完売ですお願いします再販して下さい
0.922549546,いつでも視聴者のこと考えていて本当にすごいと思う
0.922526062,改めてすごい人だなと思った
0.922437608,あのラーメン作るのはいいんですけどちゃんと休んでくれませんか応援してます早くラーメン食べたいです
0.922396958,ファン視聴者を大事にするヒカキンさんプレゼントだとかばら撒きすぎないで欲しいな
0.922370613,元スーパー店員が好きな商品を作れるまで有名になったのが本当に凄い
0.922345638,今日食べましたいやぁもう食レポなんて出来ないから一言で言うとめっちゃ美味しかったです食べてよかったもっと食べたいぃけど売ってねぇ
0.922344685,夢が叶えられて凄いこの努力は見習わねば
0.922298729,人気すぎてすぐ完売なるゆですよね買えたら買って食べてみます
0.922260761,なんか福くんが仮面ライダーになるって夢を叶えた時くらい勝手に感動した
0.922170103,0時間で0万再生超とはどれだけヒカ様の復活を心待ちにしてる人が多いか分かる
0.922101021,姉も食べたいて言ってた絶対買います
0.922050357,本当におめでとうございます元気出したい時にたべよっと
0.922048688,hikakinさんは本当に凄い人なんよ
0.921978354,元スーパー店員の経験とか活かして商品開発してるのすごいそのままスーパー続けててもその内商品開発部とかに異動してたかもしれないね
0.921977758,本気で何かに取り組み頑張っている方のその夢が叶った瞬間っていいなあ前向きな気持ちをありがとうございますまだ出会えていない早く食べたいあわよくば招き猫キンにも会いたい
0.921967685,夢叶ったというより叶えたの凄い買います楽しみ
0.921937406,ラーメン作るためにダーツの旅やってたとしてもあれは辞めないで続けて欲しい
0.921892941,ひねくれコメ多すぎやろ笑夢を叶えただけなのに
0.92189163,やっぱhikakinさんは努力のが凄い
0.921801925,hikakinさんの作るご飯食べてみたかったんですめちゃくちゃ嬉しいですhikakinさんの夢が叶って良かったです
0.921800911,めちゃくちゃ美味しそうに食べるからお腹すいてきました絶対どっちも買います
0.921793461,hikakinまじでかっこいいよ夢を叶えていくその姿尊敬
0.921768785,ラーメンご馳走さまです美味しかったですyoutube活動もやりつつ色な準備ができる体力とか努力とか尊敬します
0.921732962,ヒカキンはまさにお金努力を証明した男
0.921728671,なんとなくヒカキンラーメン好きだなって思ってたけどまさか作ってみたいと思ってたとは食いて楽しみだな
0.921724141,ヒカキンの特性ラーメンたべないやついねーよなぁラーメン屋いくぞぉォ
0.921719015,自分の夢を叶えるために0年間頑張ってそしてその準備のためにたった一週間視聴者を待たせないようにすることができるyoutuberの鑑
0.921711624,自分のやりたいことを全力で出来るのカッコよすぎる
0.92167908,hikakinが0年かけて編み出したラーメンが上手くないわけがない絶対に速攻出たら買いに行く
0.92162919,ずっと商品紹介してとうとう自分の商品ができたんですねおめでとうございますセブンのオーナーなのでたくさん発注しますね
0.921573043,明日から発売ですけどちゃんと手に入るかなーすぐ売り切れてたりして
0.921486139,こんなに有名になってもまだまだ夢に向かって努力するヒカキン素敵すぎる
0.921378672,味もこだわってそうちゃんと美味しそうなので期待
0.921330929,ツールドフランスの奴も好きなラーメンラーメンは世界を救う
0.92133069,やたぁみそめしはあったので買いましたラーメンは売れ切れて無かった
0.921177924,スーパー兄弟地元の人も嬉しいし誉ほまれだよね
0.920981109,同じラーメン好きとしてここまでやるhikakinさんを尊敬するラーメンうまいよね
0.920863628,0年前からbgmも変わってない純粋にビロガーで商品紹介をしてたヒカキンと何も変わってない最高なyoutuberだわ
0.920855701,hikakinさんって本当にかっこいい一生尊敬できる
0.920827806,なぜか0回目に食べた方がさらに美味しく感じました
0.92081207,hikakinずっと大好きだから絶対食べます
0.920759737,本当に心からおめでとうと伝えたいヒカキンはほんと凄い
0.920740783,ヒカキンのいつもの癖ならみそおって名付けそうなのに
0.920695543,あのラ王より高いのはびっくりだけど0円なら全然食べたい
0.920617044,0年間かけたラーメン絶対買いに行きます楽しみです
0.920549452,ねつ伝わってきましたおめでとうございますぜったい食べます
0.920479059,みそきんくんぬいぐるみ欲しいノホスィ再販記念にもう0回プレゼント企画お願いします
0.920307159,下積み時代ラーメンに救われた少年ナルトやんけ
0.920286894,自身のメンタルの支えになってたラーメンに対してyoutubeで結果を出して恩返しするのカッコ良すぎて
0.920263171,やはりラーメンは僕たちにとって最高なものですよね
0.920249581,0万なんて売上だけですぐ回収できるのよhikakinはだから大したことない
0.920235276,映像ヒカキンが作ってるの何気に凄い0
0.920223475,絶対買います夢がかなって良かったですね僕までもうれしくなりました
0.920198977,新手の情熱大陸みたいなバラエティかと思った
0.920024395,本当に努力してみんなを明るく元気にさせるラーメンにしたいっていう気持ちがすごい伝わった
0.919750154,スープと麺が美味しかった今からまた買いにいきます
0.919743478,こうやってがんばってるヒカキン見てると自分も諦めないでがんばるぞって思う
0.919679821,ホリエモンも褒めてましたねコンビニで探しに行ってみます
0.919586062,マジで努力してるのが感じられる尊敬やわ
0.919572473,夢を叶えられるって凄い事だな自分の好きな食べ物を商品として出せるなんて凄い
0.919496536,まずいだのおいしくないだのケチつけてる人見かけるけど何かと叩かないと気が済まない層に少なからず興味持たせて買わせてる時点でヒカキンの勝ちだよ
0.919483125,ずっとドキドキして待ってましたヒカキンさんの夢が叶うのなら心から応援したいです
0.919249356,ヒカキンの努力って半端ないここまで努力出来る事がすごい事
0.918937325,防災用で0年くらい持つ長期保存版も欲しいです災害時に食べれたら心が和むでしょう
0.918920994,号泣してしまいました本当におめでとうございますかっこいいです発売されたらセブンにいきますね
0.918920159,麺は普通スープはまあ頑張ってるけど返金してほしい
0.918911874,誰がやっても同じだろヒカキンである必要性がない
0.918801367,hikakin味噌ラーメン作ってくれてありがと
0.918793976,本当にヒカキンさんはthe努力って感じがする
0.918656468,夢を叶えようと努力して叶えるってすごいことだと思う
0.91849798,めちゃくちゃ楽しみ美味しそうだから早く食べてみたい
0.918442488,休止理由もヒカキンらしくて応援したくなるなぁ
0.918417275,めちゃくちゃこだわり抜いて作られたのがすごく伝わりました絶対買います
0.918280184,すごいおめでとうございます絶対買って食べる美味しそうかっこいい大好き
0.918196261,こういう時のhikakinあるある→ファンが心配するような事じゃなくてむしろ応援するようなことしかない
0.918196023,ほんとにうれしそうつたわってきます東京に行ったりせずセブンで買えるなんてヒカキンさん本当にありがとうございます
0.918161988,信頼がやばすぎて買おうって自然と思った
0.918116391,今までと全く違うトーンのヒカキンさん感動しました
0.918017089,急上昇0位おめでとうございます0年かけてできたラーメンが買える日が待ち遠しいです
0.917995632,自分の商品作ってたの凄てか休みじゃないじゃんまぁ自分のしたいこと実現できることってやっぱすっごくカッコイイこれからも頑張って下さい応援してます
0.917945683,夢を叶えることも凄いけど夢が叶う方の瞬間を共にできることは一視聴者としてとても喜ばしいです
0.917915821,休止といえど結構働いてたのねいやすごいな食べるの楽しみすぎる
0.917788029,招き猫キンのとこ満面の笑みとともに特に何もありません声出して笑いました
0.917695761,youtubeもやってて忙しいはずなのに0年くらい努力してんのはすごいなと思った必ず食べます
0.917686999,夢を見るのは簡単だけど夢を叶えるのは難しいでもそれを叶えたhikakinさんは凄すぎる
0.917653322,これだけ影響力ある人は何を発売してもすぐ大好評になりそう
0.917645514,母親が買ってくれたので夕飯にお惣菜と一緒にいただきます
0.917604029,復帰は0日か0日って言ってたけど早い方にしてくれたのはありがたすぎますご報告楽しみです追記報告見ました発売日gじゃないのと平日ってのがまたいいですね欲しすぎる
0.91751802,セブンで出してくれるの嬉しい田舎者でも手が出せる笑
0.917440712,めっちゃうまいですラーメンとカップメシどっちもちょうどいいニンニクの感じでこだわりが伝わりました
0.917432368,実は広島市中区に私の父親のお姉さん夫婦が第0店舗寿女すずめを広島市中区舟入へ開店してます良ければ食べに行って下さい
0.917386174,絶対買いますhikakinさん素敵です休んでないですよそれみんなのために頑張ってるとか尊敬です
0.917361796,いつもはhikakin面白いなぁって感じで見てたけど今回のhikakinはカッコイイやっぱり夢を実現できる人はカッコイイです
0.91728282,ぼくはずっとラーメンを食べたかったヒカキンのラーメンができましたブタメン
0.917135119,徳島のセブンイレブンは仕入れられてないのかな陳列場所も無い
0.917093694,本日頂きましたとても美味しかったです
0.917078972,夢を叶えるの裏にはとんでもない努力があることを改めて知れる
0.917031109,時代に残るものを明確に作れるってのは誰にでも出来ることじゃないよすげえなあ
0.916858733,本当にすごいひかきんは嫌味なところが全くなくてすごく好きです
0.916747034,ヒカキンの元気な姿が見られるのは嬉しい
0.916716933,おめでとうございます全然関係ないけどサービス終了が決まったアプリゲームをサ終取り消させてみたみたいなの出来たら見てみたいですガンダムブレイカーモバイルとか
0.916681409,お金を考えないで自分がしたいことできるのは努力の賜物だな
0.916563749,なんかhikakinが幸せそうで私もうれしい
0.916480124,夢を実現することはとても難しい事を叶えるってすごいと思いました0月0日コンビニで探します
0.916405976,セブンイレブンに0月0日に出るんですか買って食べて見ますね東京にラーメンやさんでやるかと思いましたヒカキンさん人気あるからめちゃくちゃ混むよねセブンイレブンに出るんだら良かったです
0.916401982,ラーメン美味しそうですけどめそらーめん食べれないのでしょうゆとかでもいいので食べたいです
0.916381836,好きなことに本気になれるの本当に尊敬するわ
0.916373909,俺も初めて食べた食べ物ラーメンだから思い出があるぜ
0.916369438,特別hikakinがすきってわけじゃないわたしでもめちゃくちゃ凄いなって思うしやりたいこと叶えてること尊敬するしもうなんか凄いなって思います語彙
0.916069925,もやしが入ってるって珍しくね
0.915930629,味噌ラーメン好きなので見かけたら絶対買います
0.915777564,こんなに本気で食べたいと思うプロモーション初めて
0.915761769,世界の紛争を全て根絶しましたとかでもhikakinなら許せる
0.915715992,お店に行かなきゃネットで会員にならなきゃとかではなくて普通にコンビニで帰るのが本当に素晴らしい何より本人が楽しんでるのが最高必ず買いに行きまーす発売日に行くつもりだけど買えるかなーすっごく楽しみですヒカキンおめでとう
0.915712178,あたしもラーメンは大好きです楽しみにしてます
0.915708601,色考えていることが好感持てるまだまだたくさん好奇心いっぱいワクワクしかない
0.915574074,ヒカキンにも苦しくて辛い時代があったんですね第0部がすごくよかったですラーメンに助けられたっていう思いとみんなにも元気になってほしいっていう思いが本当に伝わってきて涙が止まりませんでした0の発売を心待ちにしてます
0.915494621,くそー食べたいのに近くにセブンがないあったとしても二時間かかる
0.915468872,最近味噌ラーメンハマってるからマジで嬉しい
0.915447176,売ってないし買えないし食べれないし0月まで楽しみに待ちます今度は絶対食べれますように
0.915415883,自分の夢を叶えれて良かったですね
0.915401638,普通の味でした不味く無いけど美味しくもなかった0円じゃ無く0円の味だろコレガッカリ
0.915335894,店舗出すより賢いかもしれないスタッフも店舗もなくても成り立つ
0.915277779,正直値段ほど美味しくはなかったです
0.915253341,終始テンションが高くてどれだけ嬉しいのか分かる
0.915253103,ラーメン製作の関係者から情報もれなかったの凄いな
0.915105283,hikakinさんが監修したやつなのかなすげぇ
0.915100634,新幹線代往復0万チョイ払ってでもみそる食べに行きたい
0.915096641,半年後とかにスプラトゥーンのフェスで味噌ラーメン派対味噌メシ派の戦いあると思ってだけど今のスプラトゥーンフェスの選択肢三択なの萎える
0.915054381,味噌ラーメン苦手だけど食べて見る価値あるかなぁ
0.915037274,何かとドキドキするけどヒカキンさんの夢が叶うんだったら嬉しい
0.915014684,セブンイレブンに販売するというのもまた身近に感じられるからすごくうれしい
0.914866269,服とかじゃなくてラーメンってのがhikakinらしくて好き
0.914821088,おめでとうございますかならず買いに行きま
0.914813638,これは売り切れで買えなくなるないつ食べれんのか
0.914789498,とても美味しかったですもやしの食感すごかった
0.914780498,ラーメンって安いのに幸せにする度合いは最高だよね
0.914778292,本当にどこまで人を笑顔にすれば気が済むんだかヒカキンさんは
0.91476506,youtuberが知名度を使ってアパレルとかは聞くけどラーメンとかまじで角度違ってまじで逸材なのを知らせてくれるわほんとすげえ尊敬しかねえ
0.914713264,キター゚゚ーやっぱりヒカキンさんが0番だよねどんなご報告なのか気になるけどファンの皆さんには喜んでいただけるって言ってたから楽しみだなぁ
0.914667249,俺も自分の商品出せるまで頑張るわ
0.914650798,美味そうだなぁそうに決まってる
0.914643347,ヒカキン完全こだわりのラーメンならいいけど味的に元のラーメンをちょっと変えただけならわかんないなーラーメンに関しては厳しい世界だからヒカキンってだけで売れると思うけど美味しくなかったら売れなくなると思うけど人それぞれの好みだからわかんないけど
0.914628863,これだけ夢を叶えた人なのにまだ叶えたい夢があったなんて凄すぎる
0.91458261,どっちも美味しかったです個人的には飯派でした
0.914545834,夢を叶えるって本当にすごいことだよね自分がずっとやりたかったことをできたヒカキンを心から尊敬するわ
0.914534628,ヒカキンさんヒカキンさんめちゃくちゃ美味かったですほんとに努力したのが伝わりました
0.914496243,体調崩して買いに行けない明後日でも残ってるかな
0.914457738,下積み時代も諦めず努力した結果これなの最高すぎて大尊敬
0.914437115,頂点がこの人で良かったと何度思えばいいんだろうか
0.914349794,この人がちでまじもんなんて言うんだろうここまで誠実で真実で素直な人見たことないんだよねヒカキンさんを見てると大人って素敵だよな捨てたもんじゃないって思える
0.914256454,ラーメン好きだから嬉しいあと落ち着いたらちょっと休んでほしい切実
0.914242089,ヒカキンの癖に廃課金だな毎回散財しすぎ
0.91419065,夢はいくらでもあるけどそれを叶えれたっていうのが本当に凄いことだと心から思う
0.91408658,そんなことだろうと思ったコンビニ行って買いますねー
0.914053261,やりたかったifルートを同じ人生でどっちもやってるの凄すぎる
0.913920403,味噌キンぬいぐるみはどこでgetできますか
0.9138937,ジジキンは天国で笑ってるヒカキンのゆめが叶ったから
0.913793385,変なアパレル系に走る奴も多い中ラーメンで勝負を仕掛けるってのは素晴らしい
0.913757384,0年振りくらいにhikakintv開いたけどオープニングが全く変わってなくてなんか安心したいつでも帰ってきていいっていう安心感ある
0.913730025,これが全国のセブンイレブンに並ぶのはこちらとしてもすごく嬉しい
0.913677275,hikakinの夢が叶うのならいくらでも休んでいいのよ
0.913627028,活動休止中も休まずに夢を叶えるために行動してたと思うと本当に尊敬する
0.913558483,味噌ラーメン大好きだし大好きなhikakinが作ったラーメンなのが最高
0.913557112,おいしいかどうこうじゃなくてhikakinのラーメンってだけでたべてみたいよな
0.913551271,好きな事を趣味として生きていくの本当に尊敬してる
0.913504243,こだわってる理由がもし上辺だけだったとしてもやさしすぎる
0.913496017,フラゲして食べてみたくどかった水必須
0.913478553,oロo0わぉ0月0日の発売日私の誕生日だわセブンに買いに行きますね
0.91338402,バイト終わりに速攻買って食べました凄く美味かった
0.913336813,0年もかけて研究されたラーメンを0円で味わえるってめっちゃお得だなぁ
0.913326442,自分のやりたいことにここまで真剣に向き合って努力してしっかり結果残すことってできるようで中できないことだから本当に尊敬する
0.913268447,食べたーいヒカキンありがとー
0.913160801,ヒカキンのやっていくことが凄すぎて距離を感じるはずなのにすぐそばにいる感じがめっちゃ好き
0.91311717,初期の頃から忘れられないものってめちゃくちゃいいよねぇしかもそれが実現出来るなんてロマンあるわ本当におめでとうございます
0.913089573,頼む復活にしてくれ皆あなたを待ってるんだよ
0.913069129,ラーメン好きアピール多すぎて嫌味が差してくるけどめちゃくちゃうまそう
0.913035631,好きなことで生きていくを貫き続けていて本当にかっこいい
0.912997484,食べてみたいです楽しみ
0.912957907,自分のやりたかった事が出来てよかった何事にも頑張って欲しいな
0.912900925,自分の夢を追うという事は凄く良い事とだと思う
0.912882209,ラーメン作り報告とか言うから期待したけど舐めたこと言うなよ‪‬
0.912844598,味噌メシの方が圧倒的に美味しかったなー
0.912838817,セブン少し離れてるけどhikakin大好きだからセブン行こ
0.912734389,やっぱりhikakinは人間性もパーフェクトだし表の人間としてもパーフェクトだと思う
0.912669301,一キロ近く探し続けてるけどまだ全部売り切れだよ
0.912497997,もうすまんけどhikakinさん超えるyoutuberはほんとにいないもう俺が決めたこの人は人としてもyoutuberとしても最高って感じで大好き
0.912493527,ヒカキンさんの努力は本当にすごいこれからも頑張ってください
0.912410736,味噌ラーメンあまり好きじゃないが見かけたら0食食べてみます
0.912381947,同じ新潟県民として全力で応援し続けます頑張れhikakin
0.912291527,塩や醤油豚骨のバージョンのラーメンも出してほしいなー
0.912258267,ほんとにみんなに喜んでもらえるように作ってくれてるのがほんとに伝わるhikakinさんの夢が叶って良かったです
0.912180662,本当に今までずっとみていたのできっとhikakinさんならみんなをワクワクさせるご報告なのかな
0.912045181,ヒカキン俺このラーメン買うよサイコーじゃんyoutubeドリーム見せてきた男の夢の結晶でしょ
0.912020504,ラーメン好きにデブが多いことの証明
0.911948681,夢があってもなかなか叶えられないことが多い中それが叶うだけでも凄いですそれだけでも感動です本当に夢を叶えることが出来て良かったですねおめでとうございます
0.911943376,これに救われ励まされた人間がまた新たな物語を紡ぎ出す
0.911873877,近所のセブンイレブン0店舗回りましたけど売り切れでした店員さんに確認したら問い合わせもたくさんきていて入荷するとすぐ売り切れるそうです自分も見かけたら購入します
0.911724865,これがヒカキンがの視聴者側へのドッキリだとしたらマジで笑える
0.911707401,店をひらくなら遠すぎてヤバい青森だからだけどコンビニなのがいいしお手頃価格なのがいい
0.91169405,夢を叶える人って裏で相当苦労してるのが垣間見える本当にすごい
0.911600947,0発売なのに0製造終了完売とセブンの店員に言われました
0.911577523,みそるを見てちょっと見返しに来てしまった
0.911466539,ドラゴンボールの一番くじ買いに行ったらたまたま売ってて食べたらめっちゃ美味かった
0.911371469,探してるけどマジで無い人気ありすぎ
0.911359429,おいしかったけど味噌の甘みに人工甘味料使うのはマイナス
0.911311865,見たら食べてみたいと思いました次の給料日に買って食べたいと思います
0.911264956,思ったんだけどヒカキンボックスってヒカキンプレミアムの商品じゃないんかな
0.911201477,hikakinから溢れ出る優しさに泪がでる
0.911118209,食べるのが楽しみです娘にも食べさせてあげたいです
0.911086261,夢を叶えるって素晴らしいなーなんかヒカキンさん見てると明るい気持ちになる
0.911011517,ヒルクライムのライブで初めてヒカキンさんを見て知ってあれからもう何年も経ってるけど今では今でもヒカキンさんtocさんの大ファンです
0.911001623,ヒカキンさんは下積みがすごいからここまで有名になって夢が叶ってくれるのはこっちも嬉しい
0.910887122,わかりみが強いですラーメンは人生です必ず買います
0.910829425,通年販売して欲しいです
0.910804093,hikakinさんこんなに有名になったんだもう尊敬
0.910743892,どこかに行かないといけないとかじゃなくてどこでも手軽に買えるってのが神夢叶えれて良かったです
0.910558701,次はおにぎりか飲み物作りそう
0.910490215,0ヶ月でも休んでくれてよかったくらいすごいことしててほんと尊敬する
0.910399556,夢を叶えたhikakinさん素敵です
0.910389483,購入させて頂きましたとても美味しかったです
0.910306096,美味しかったです次の新商品待ってます
0.910277843,一時期すごい太ってた時あったけどラーメンの味作ってたのか
0.910231769,youtube活動だけでも忙しいのに他の夢も叶える事が出来るヒカキンさん凄いです
0.910140932,夢に向かって進んで行く姿に感動しました
0.909939051,seikinと仲良い兄弟って感じがほっこりする素敵
0.909927487,まじで気になるどんな結果でも応援してます
0.909869909,本当におめでとうございます本当においしそうにすすりますねごはんもとっても美味しそうです
0.909840107,買いました美味しかったです
0.909808397,絶対うまいやん買うか本当におめでとうございます
0.909762502,セイキンさんおすすめシールを貼って発売してほしい
0.909744143,夢を叶えるために頑張ってきたことが本当に素晴らしいです
0.909695387,初めどれだけすごいか分からんかったけど冷静になって考えたらとんでも無いことしてるの草
0.909440994,第二弾は天かす入り担麺でたんたんたぬきんなんてどうでしょう笑
0.909437656,努力アピールのゴリ押しで購買意欲を搾取するな結局は味に帰結するだろ
0.909338295,売り切れちゃったからまた買いたいなー
0.909292758,やりたいことをなんでもできちゃうそれがヒカキンの力短いお休みで休めたかなもうちょっと休みたいよね
0.909162462,めっちゃうまそう食べてみたい0個以上買おっかな
0.909094691,ラーメンを食べるがわから食べられるがわになった男
0.908995569,0年0月0年0月0日ぐらいに0年後経ってヒカキンさんの味の確認してスープの味に決まりました
0.90896076,ヒカキンが笑ってるとこっちまで幸せになる
0.908943295,で一週間休んで何をしていたん笑要は期待商法やんな一週間身を隠して遊んで期待値を上げたかったん
0.908772826,カップメシの方0食目からはチーズ入れて食べてみたい
0.908673704,ヒカキンの癖に廃課金な行動するな散財しすぎ
0.908667028,こっちまで嬉しくなるわぁ絶対買うてかセブンで売ってるのすご
0.908563614,普通にいい話なんだけど恩師を紹介するかのようなテンションでラーメンについて語ってるのなかなかにシュールで笑った
0.908533454,うまそうだけど糖尿だからしばらく食えんごめんなヒカキン
0.908516109,服とかコスメじゃなくてラーメン出すの好き
0.908435404,めっちゃ美味しそう••0つとも買います
0.908265889,また新しい夢の実現を期待してます頑張ってください
0.908195496,一週間お休みしてまあ当たり前だなと思ったら頑張るためのお休みだとはさすがすごすぎるちょっとはお休みしてくださいね長文失礼しました
0.908164203,辛い事を乗り越えた人だけに娯楽が待ち構えてるんだな
0.908104181,早く食べたい絶対買うぞーっ
0.908066154,まじでヒカキンやること面白くなくてなんで人気あるのか分からん
0.908052921,これは売れる未来しか見えませんね絶対買います
0.908033431,ラーメンを作りたかったとか取って付けたみたいな設定
0.907964587,嬉しいけどこの人の休み少なすぎ
0.907927155,ポジティブな報告なのかネガティブな報告なのか事前に言ってくれるのを本当のありがたい心持ちが穏やかで見られる
0.907920659,しょうもないって言われても夢を叶えられることはすげーよ
0.907872915,人生で受けた恩を自分の人生をかけてまた人に与えていくスタイルが本当に素敵
0.907865107,おい休めよラーメンは食っとくから
0.907755017,インスタで見ましたラーメンとカップ飯絶対食べますψ
0.907741308,これが自分の誕生日に発表されて嬉しい
0.907730877,えぐぅやっぱりヒカキンってすごい権力持ってるよねー絶対買うわ神ー
0.907705486,本当に幸せそうな人を見るのってこっちまで幸せな気持ちになるからいいよなぁ
0.907689333,0月0日なのに店に並んでて買って食べてみましたとてもおいしかったです
0.907675385,開発チームに作ってもらってよく自分のラーメンだって豪語できるね
0.90760237,久に見たらソファの人形がヒカキンだらけになってる
0.907595813,久しぶりにhikakinpoint聞けて良かった
0.907594681,今日の朝買ったスープが美味しかった
0.907570422,この度わたくしヒカキン眼鏡を新調しました
0.90753901,夢を叶えられて良かったですねおめでとうございます諦めなければ夢は叶うセブンで出会ったら買います
0.907454848,めちゃくちゃ楽しみワクワクだねー絶対食べたい買いに走るよー
0.907426119,hikakinさんおめでとうラーメン絶対買うわ
0.907407761,セブンイレブンのオーナーやってますおそらく特発で発注上限かかると思いますが上限いっぱい発注させてもらいます
0.907403469,一つ言いたい味噌食えねーよー
0.907387078,ラーメンでまさかこんなに感動させられるとは思わなかった
0.907353342,セブンイレブンの社員誰も情報漏らさなくて草
0.907313108,でも結局お金入るのは自分のところだろ笑
0.907281876,体を休めるための休みも必要だけどだだの休みじゃなくて自分のやりたいことに集中するための休みってかっこいいな
0.907188654,サッポロ一番の旨さが再認識できた
0.907167017,おめでとうございます私もラーメン大好きなので楽しみ過ぎます
0.907141566,ヒカキンのバ力舌具合が露呈しちゃったね
0.907136202,ほんとに自分のことみたいにうれしいそしてヒカキンさんが忙しいなかでいろんな人にハート押してるのがほんとに感動するやっぱり皆のこと第一に考えて行動していけるからみんながついてきて超人気のyoutuberになれたと思うしこうやって夢を叶えられたんだと思うこれからもこの人についていこうと改めて思ったほんとにすごい
0.907087564,言いたいこと沢山あるけどとにかくおめでとうございます
0.906991184,絶対食べるよ楽しみにしてます
0.906961322,私ヒカキンの誕生日のまえがたんじようびです
0.906935692,味噌ラーメン自体が好きすぎるし絶対買うめっちゃ楽しみ
0.90685612,おかんがラーメン出すかなんかの商品ちゃうん言うてたんマジで当たってんやけど笑
0.906807601,まずいもういらんせっかく0店舗探し回ったのにショック
0.906796277,これだけの熱量で作ったラーメン絶対おいしい
0.906739533,みそるから来ました寄せすぎてて笑いました
0.906677663,めちゃくちゃ上からになるけどhikakinさんって凄いですね
0.906647027,私もラーメンが大好きでとても共感できました
0.906617761,おめでとうございます楽しみです絶対に食べます
0.906580269,なんか感動するなぁここまで来たのかって感じるわ
0.906466007,何回見てもご兄弟揃って招き猫引いてるのヤバいですね
0.906426072,食べたかったけどたまごアレルギーだつらいたまごなしのもだしてヒカキン
0.906344473,報告長すぎて校長先生かと思っちゃった
0.906341195,美味しかったですありがとうございます
0.90627104,早く食べたい売り切れで姿形すらない
0.906175733,まじでかっこいいどんなに苦しくても辛くても頑張った先にこんな未来が来ると信じてがんばります
0.906151354,ファミマ派だからファミマまで置いて欲しかった感ある
0.906149924,0日か0日にって言っていてしっかり0日にあげてくれるところが本当流石すぎる
0.906121254,手に取りやすいなぁそうに決まっている
0.90602684,本当にこの人youtubeで自分の夢全部叶えるんじゃないかなずっと応援するけども
0.906025529,0万個は売れるだろうねってなるといくらの儲けなんだろヒカキンに0億くらいは入ってくるのか
0.90586561,荒尾のセブンイレブンでは売り切れでした残念です
0.905823112,ヒカキンのバ力舌具合が露呈するいい機会
0.905773044,実質全く休みではないの草純粋に尊敬できるわ
0.905738592,美味しそうだねえ食うまでもない
0.905662298,手に入れ増したマジで嬉しいです
0.90563786,絶対買うこんなの買わないわけ無いじゃないですかまずヒカキンさんの作ったラーメンってとこで買わないわけ無い
0.905629814,そういう事だったんですね夢を持って努力して叶えるなんて凄いです本当におめでとうございますこれからも応援してます
0.905554414,見付からないそれほど売れてるのか
0.90551883,絶対食べるそうに決まってる
0.905489922,言うこと忘れましたとか言っても全然許せる
0.90543288,まじでかっこいいな普通に美味そうだし今度買お
0.905396879,うわあすごく感動してなんかうるうるしましたこんなに頑張ってる人がいるから私も頑張らなきゃなって思います
0.90533185,マジで気になって夜しか寝れなかったから楽しみだわ
0.905329227,0分ぐらいのいい感じの曲は心響shionです
0.905264318,もういっそお店出してくれんかなとか思ってるわ
0.905073106,ヒカキンさん0年前ゲーマーと言いましたよね
0.904934287,めっちゃ美味しそう食べてみたい
0.90489608,まじでこの人超えるユーチューバーというか人としても中いない笑
0.904639542,くるりのラーメン好きってずっと言ってたもんね
0.904495001,このラーメン好きアピールがしたいから何ヵ月前からラーメン旅とか始めたのかな
0.904336691,正直食べたくてしゃーない味噌ラーメンとか王道貫くとこ好きやぞ
0.904315472,うっわめっちゃ美味しそ絶対ラーメンとカップ飯買うわ
0.904191732,みそる見てこっち見にきたらまじで寄せてて笑った
0.90415597,味噌も好きだけど塩キンと醤油キンも出してほしい
0.904077053,現在イギリスに住んでいますが両親に頼んで送って貰います改めておめでとうございます
0.903978169,応援したいから買う売り切れちゃうかなあ
0.903977633,嬉しいおめでとうございます食べたいすごい気になる
0.903966725,ヒカキンさんかっこいい絶対食べます
0.903897583,売り切れたら終わりとかじゃ無くどんどん作っていつでも買えるようにしてね
0.903841674,絶対にどっちも買います休んだ理由がこんなことでよかったですこれからも頑張ってください大好きです
0.903818905,服とか鞄とかじゃなくてラーメンってのが個人的に最高
0.903719246,こだわるなら人工甘味料とか使わないで欲しかった
0.903680801,味噌ラーメンが一番好きだから嬉しい
0.903623402,結局金儲けかい無料で配るくらいせんかいそれだけ恩があるなら
0.903386235,ご報告系youtuber最近腐るほどいるけどやっぱプロyoutuberのご報告の内容は訳が違う
0.903355837,カップ飯大好きなので凄く楽しみです発売日にセブン直行します
0.90334028,どんな小さな事でも夢を叶えられるって素敵な事だよね
0.903308928,本当にこの人は努力が凄いな
0.903243721,こうやって夢叶えちゃうからhikakinはすごいよ
0.903176069,なんか泣けてきたよヒカキンさんあなたはほんとにyoutube界の宝だよ
0.90312165,すぐ完売しちゃいそういつ食べれるかわからないけどめっちゃ楽しみです
0.903027773,ヒカキンは期待を裏切らない
0.90295285,グッズじゃなくて自分自身のラーメンを出すなんて凄いです
0.902653098,こんなに成功してもちゃんと辿ってきたことを忘れてないところがとても好きです
0.902601838,美味しそうですね発売が楽しみです
0.902516723,夢を追い続ける大切さを改めて感じた
0.902438581,味噌ラーメン苦手なので醤油か塩も作って下さい
0.902331233,どんな報告でも応援することに変わりはないんだけど全国ツアーだといいなぁー
0.90223676,youtubeでもラーメンでも成功するってヒカキンさん凄すぎ
0.902133584,活動の休み時間が夢を追い続けていた時間とかカッコよスギル
0.902060926,最高だよこれからも一生ついて行きます
0.902022541,品切れしまくってる未来が容易に想像できる笑
0.901996672,ポプラに買いに行っても全然売ってないんだけど
0.901959062,みんな触れてないけどロゴの字書くの美味すぎん
0.90190655,味噌ラーメン大好きなので楽しみです
0.901754379,わーいいぇーいおめでとうございますコンビニで買えるの嬉しいです楽しみー
0.901659787,楽しみすぎて昨日から寝れんかったわ
0.901622117,なんか熱いものが込み上げてくるなすげぇや
0.901590109,夢を叶えるために発表の映像も本気で作るの流石youtubeの神
0.901491821,活動のおやすみ期間も動いてるのはもうよー分からんくらい動くやんたくさん寝て
0.901478887,予想外だったけどこれは絶対買う
0.901474953,えスゴすぎるほんとに尊敬しますこれからも頑張ってくださいでも体調には気おつけてください何時でも応援してます
0.90141654,今食ってるんだけどバカみたいにうまい
0.90122509,感動をありがとう久ぶりに涙したよこういうことなんですよ
0.901118696,人気出て買えなさそう食べたい
0.901117265,0日前で0万回再生えぐすぎだろ世界のhikakin
0.900944173,好きなことをして生きていくのがyoutuber
0.900681078,すごいおめでとうございますセブン行けた時にあるといいな
0.900560975,ヒカキンさん今年セイキンさんとの曲作らないんですか
0.900515854,当たりがでたらもう一個もらえるという機能はどうですか
0.9004125,hikakinさんありがとうごさいますみんなのために頑張って作ってくれてありがとうごさいますもう美味しく食べました普通のみそラーメンとは違ってすごく美味しかったですさすがhikakinさん私がコンビニに行ったらアイス売り場からトイレの所まで行列がありましたこの前は一瞬で売れて0個も買えなかったですでもこの前はしんせきが0つ譲ってくれました譲ってもらいましたそれで嬉しくてうちの犬を抱っこして踊りましたこれからも応援しています頑張ってください⌒0⌒
0.900370717,本当に楽しみです絶対食べます
0.900305688,ヒカキンの本体はメガネだと思う人
0.900292337,ヒカキンさんの人生って夢あって好きすぎる
0.900212884,なかったからすみれ食べた美味かった
0.900120556,食べてみたいです
0.900105655,今日0日ですがセブンで購入しましたお店でも派手なディスプレイでしたよいただきますいただきますっ
0.899992883,バカ売れしてソッコーで品薄になりそう
0.89983505,めっちゃくちゃ嬉しい自分の事の様に喜べる
0.899757206,すげぇよヒカキンさんそしておめでとうこれからも応援しています
0.899510622,本当に向上心が止まらないなこの人は
0.899220109,果たしてサッポロ一番みそラーメンとどっちが美味いのか
0.899206161,絶対買いますhikakinさんこれからも頑張ってください
0.899169147,絶対売り切れなってるやろな
0.899005771,夢を実現させることができるなんてすごい
0.898956597,俺やっぱ純粋で何事にも本気なヒカキン大好きだわ
0.898749292,言ってること矛盾してますね0
0.898596585,矛盾がいま話題になってますねyoutuberやってなかった時の件
0.89858073,じゃあ次は卵とネギを使ったラーメンを作ってください
0.898400247,夢を叶えるって素晴らしいおめでとうヒカキン
0.898320079,夢を叶えるその力凄すぎです尊敬
0.898189366,ケースで予約しました来るの楽しみ食べるの楽しみ
0.898189306,沖縄では発売されないのね
0.898060799,頑張ったね購入してみますね
0.897941291,正直に言います失望しました
0.897916913,どうぞって言った瞬間ウマ娘ながれた
0.89783591,味噌ラーメン好きだから食べてみたい
0.897811234,ファミマの札幌味噌の方が美味かったわ
0.89780128,買えなかった負け組に手を差し伸べる必要なんか無いよ
0.897640884,添加物ばかり子どもにあくえいきょうだろ
0.897635996,食べたいのに何処も完売で売ってないよー
0.897612572,ただ休んでただけじゃなくて頑張ってラーメン作ってたのは感動
0.897355795,カップ飯も出してくれるところが最高
0.897128463,ラーメン好きだから見かけたら食べてみるわ
0.896971226,熱湯入れたら0分じゃなくて0分待つのかさすがヒカキン全てがオリジナル
0.896883368,美味しそうですね
0.896767318,youtubeやりながら0年これを作れたのはすごいと思う
0.896720946,セブンイレブン無いから食べれないいつかセブンイレブン見つけたら入って絶対買う
0.896642447,当たりでたらせめてtシャツとかあげたら良いのに笑
0.896624804,シンプルになんか感動した笑やっぱヒカキンってすごいな
0.896419406,みそるから来ましたありがとうございます
0.896300972,セブンに行けばあるのよね売り切れるかな買いに行こ
0.89625591,人工甘味料入ってるからか美味しくない
0.896150172,商品紹介系youtuberがついに自分の商品を紹介する日が来たのか
0.89611423,どこに売ってるのヒカキンちょうだい
0.895802617,まだ食べれてないです
0.895783901,うへへ0円拾いやしたラーメン三杯いただきやす◎
0.89576596,みそキン必ず買いに行きます行く時間であればいいけど
0.895736217,hikakinさんってなんでこんなに私利私欲みたいなのを感じないんだろうみんなを笑顔にしたいっていう思いですごくすごくこだわって作ったのが伝わってきてなんか泣きそうになっちゃった
0.895729125,多分思ったより大したことじゃないと予想
0.895699322,hikakinってほんとすげーわまじで尊敬
0.895662189,いいねの数×0個買うわ絶対いいね来ないだろうし笑
0.895550728,0時間で0万再生に迫るのはさすがすぎる
0.895458877,売り切れで買えなかったよー
0.895313501,あと少しで再発売されるから見に来た人
0.89524883,感動だなぁラーメンの色んな袋付いてないの楽すぎて神すぎるめっちゃ良い急いでる時に0袋とか面倒だから
0.895248413,何かご報告から長い文になった
0.89522928,上手くいくか失敗するか分からんが絶対食べるわ
0.895168602,くるりと蒙古タンメンに謝った方がいいよ
0.895168364,ラーメンに目をつけるとはセンスというかなにもかもスゴすぎてさすが神と呼ばれるだけある全youtuberびっくりしてんだろうなぁ
0.89515388,自分のやりたいことをずっと貫いてんのすごすぎるこれが本物のyoutuberか
0.895073831,いいなー食べたいけど海外にいるから食べれない
0.895066082,0日で0万回再生以上いけんの凄い
0.8950243,夢を叶えられるってこんなに幸せなんやなー
0.895015299,バズり目的の為に使われてて可哀想
0.895011902,もうhikakinさん休みって言ってたけど休んで無いやん
0.894985855,コメ欄に既に食べた未来人いて草
0.894970715,絶対買いに行きます
0.89495945,どうせhikakin印のラーメンでも作ったんでしょ鼻ホジ
0.89492929,いろんなセブン行ったけど全部売り切れだった
0.89490962,一週間休むのが夢でしたとかでも納得
0.894806862,みそキン早く食べたい
0.894776285,息子と一緒に食べたいと思います
0.894760191,夢を本気で叶えた姿めっちゃかっこいい
0.894735813,めちゃくちゃ美味しそう食べます
0.894563079,賞味期限が自分の誕生日で運命感じた
0.894562662,しょうもなってコメントちょくちょくあるけどこれのどこがしょうもないのか説明して欲しい笑笑
0.89452529,自分が好きなものを自分が満足するまでつきつめて作れるって素敵
0.894296765,コンビニでかえるのうれしいよありがとうヒカキンカッコイイだいすきたべたらいれものかざっとくよ
0.89420414,素敵ですね食べてみますね
0.894112349,食べたいけど売ってないです
0.894034445,それでも人工甘味料入ってる
0.893988132,ヒカキンさんは生きる伝説
0.893986642,セブン店員のわい納品まで待ちきれない
0.893936634,0年かん両立しとるのすごすぎます
0.893736601,セブンだけじゃなくてスーパーとかにもあったらすごい売れそう
0.893618703,いいねしてくれたぶん買います
0.893588006,0番奥村康平ヒカキンさんどうも康平ちゃんねるの奥村康平ですで休日の土日のお昼にスガキヤに外食して下さい
0.893479109,本当に凄い努力の賜物ですね
0.893370748,0日たった今でも急上昇入ってんの凄すぎ
0.893357038,結構マジで少しでいいから休んで欲しいとりあえず夢叶えられておめでとう
0.89331758,父に0年育ててたアロエ捨てられてショックだったけどなんか元気出た
0.893239141,早く発売されないかなー早く食べたい
0.893214583,美味しかったですー
0.893172383,一店舗0食しかないのって本当ですか
0.893158615,むしろしょーもなでバズる目的だった説
0.893153667,自分の好きな商品を自分で監修して商品として販売できるなんてすごいな
0.89312607,全年齢対象にしてるの流石やな
0.89304322,甘めって事はミサに近いのかな
0.89285332,それ休みじゃねぇだろちゃんと休めよ
0.892830729,これを見ながらカレーメシを食う
0.892708838,ラーメン聴きすぎてゲシュタルト崩壊起こしそう
0.892667115,こんな時間に見ちゃったからお腹すいた
0.892579556,具材がくるりのラーメンぽいのも感動でしかない笑
0.892406285,招き猫キンに出会えたよー
0.892321169,発売日へずまの誕生日なんだが
0.892295063,緊張するなでも最大限応援します
0.892149627,これからも夢を叶えて夢を俺たちに見せてくれ
0.892132282,聞く前から嬉しくてドキドキする
0.892082036,発売されたら即食べたい
0.892069161,ファミマローソンでも販売して欲しい
0.891808689,さっき買ってきたよー
0.891759574,グッズ系じゃなくてラーメンメインなのが個人的に嬉しい
0.891652346,両方とも必ず購入しますっ発売日が楽しみ
0.89161092,これはさすがに食べたい
0.891281307,コレは一度は食べたくなる
0.891231477,コンビニ行ったら0日早く売ってました美味かった
0.89121294,ラーメン大好きだから必ず食べます
0.891111016,お母さんがかってくれました
0.891086221,trendhikakinpoint久しぶりに聞いた
0.891085088,いいねの数だけそれぞれ買います
0.891042411,無事に買えた結構残ってたので友達と買った0人で喜んだ
0.890890479,いいねの数だけそれ買います
0.890786052,いっそのことラーメン店作りそう
0.890699863,美味しくなさそう買うけど
0.890636206,美味しそう食いてぇー
0.890625,友達と今度買いに行くらしいので俺も買う
0.890182674,俺の誕生日0月0日や発売日と同じ日なんてこれ以上に最高なことは無い
0.890159965,味普通やんサッポロラーメンのほうがうまいわ
0.890142441,ヒカキンさん塩分0はやべえって
0.890014172,好きだけどなんかお金配るのは
0.889956236,なんかもう嬉しい泣ける矢部
0.889738619,早く食べたいです
0.889736414,下積みって何回言ったか数えてる人います
0.889706731,ほかのyoutuberとは違ってラーメンなのいい
0.88954711,やっぱり一周間はえーな楽しみ
0.889338732,ヒカキンゲームズのホームから来た人
0.889337003,みそると対抗して欲しい
0.889249504,しおきんとしょうゆきんも食べたい
0.889104664,うわわ美味しそうすぎる絶対買う
0.88897109,たいしたファンでもないけどなんか涙出るね
0.888932645,塩分多すぎ一日の目安思いっきり超えてる
0.888533533,美味しそう発売日楽しみです
0.888509333,再販決定と聞いてまた見に来てしまった
0.888458133,ヒカキンが青色の服着てると嬉しい
0.888248324,こんなに頑張って作ったら買うしかないよね
0.888184369,必ず買います美味しそう
0.888091862,再販してくれるのが嬉しい
0.887863696,味噌ラーメン大好きだから嬉しいー
0.887807429,hikakinさんセブンイレブンなかった
0.887677491,人工甘味料に驚き
0.887614548,ラーメンの方が私は好みです
0.887476206,みんなあんま触れてないけど習字上手ない
0.887343705,再販でやはり闇を感じた
0.887255132,美味しそう絶対食べます
0.88700223,これは普通に感動したわ
0.886952341,アンタ味見してるだけやん
0.886764824,商品紹介のプロが自分の商品を紹介するのすごい
0.886761844,次は濃厚豚骨でお願いします
0.886703014,そうなんですね僕もラーメンが好きです
0.886531532,みそるからきましたー
0.886489928,これもいわゆるyoutube界の既得権益だな
0.88639003,マジでうまそう食べてー
0.886380672,見てるだけで腹減ってくるわ
0.886321068,美味しかったヒカキンさん最高
0.886089921,めっちゃ美味しかったです
0.886089921,めっちゃ美味しかったです
0.886089921,めっちゃ美味しかったです
0.885821402,鹿児島はいつぐらいになりますか
0.885810137,とりあえずススル君に土下座しな
0.885741055,努力は人を裏切らないとはこのことなのか
0.88568449,スーパーで商品を並ばせる側だったのが並ぶ側になったのが凄すぎる
0.885607243,めっちゃ探したけど買えなかった人
0.885388076,美味しかったです
0.885388076,美味しかったです
0.885388076,美味しかったです
0.885283053,hikakinが休んでいい日にち
0.885272503,様なバラエティーヌードルも期待してます
0.885181189,ヒカキンは何回ラーメンと言ったでしょう
0.885175347,ラーメンとかtシャツとか誰でも買える値段にしたとこに好感もてる
0.885113597,不味すぎ0からやり直せ
0.885026634,どんな報告かなどんな報告でも神回だ
0.885010421,好きだったラーメンを作るなんてすごいな
0.884518206,ラーメンの方が美味しかったです
0.884440422,待って今食べてたら蓋当たりあった
0.8841573,絶対買いにいくー
0.884126246,本当に美味しかったです
0.884069145,いいねの数だけ0万スパチャ送ります
0.883869708,他のラーメン作ればいいと思うな例えばしょうゆきんしおきんとんこつきんとか作ればいいじゃない
0.883842587,hikakin自分で自分を超えちゃったかな
0.883764386,新潟のニューミサが混むぞー
0.883761644,醤油ラーメンも作ってくれませんか作ってもらえたらうれしくていっぱい買います
0.883476019,ヒカキンさんって本当にいい人だなぁ
0.883364558,生半可な気持ちでやらないで
0.883175611,売り切れだったたべてぇ
0.883124232,らーめんもいいがもうそれ以上太るではないぞ
0.883106828,あらたなレさキャラの誕生
0.883097947,醤油バージョンも出してほしい
0.883094251,休むほどのことかよく解らない
0.883049369,ラーメン美味しかったです
0.882756114,また味噌キン再販しますか
0.882542729,今回のやり方は常識的にグレー過ぎるぞ
0.882476151,応援しとるで絶対買うわ
0.882372618,味噌味以外も出してほしい
0.882298768,今後色んな味出して欲しい
0.882293642,めちゃめちゃ人気になるとは思わなかった
0.882075906,高い甘い買えないそんな印象だったなぁ
0.882015705,絶対買うしかないだろー
0.88201344,こんな期待したラーメンねえよ
0.881942153,メシの方が美味かった
0.881663978,ヒカキンさんのぬいぐるみがほしいですまい
0.881480396,めっちゃ美味しそう絶対買う
0.881362915,ええすごい買いに行くーおめでとうございます
0.881247938,絶対に行く待ってろよヒカキン
0.881232023,これにファイヤー流してほしい
0.88121587,買いたいけど売り切れてそう
0.881083369,いい歳したおっさんがこれレジ持ってきたら笑うわ
0.881037474,この人はマジで凄すぎるよ
0.881009877,ラーメン大好きだから嬉しい絶対買います
0.880887806,ヒカキン開発とか向いてそう
0.880787969,コンビニで買えるのが嬉しいです夢を叶えるってすごいです
0.880695641,うへへ0円広いやしたラーメン0杯いただきやす◎
0.880568027,とっても美味しかったです
0.879968703,どうでもいいけど0時間で0万回再生はやべえな
0.879881561,夢ビートボクサーじゃないのか
0.879709065,これこそ好きなことで生きていく
0.879496634,あまりにも本気すぎて勝手に感動した
0.879339814,すげぇなぁやっぱ出来る人は何に手を出してもやり遂げるんだなぁ
0.879260898,夢がついにだなおめでとうヒカキン
0.879116535,復活おめでとうございます最高
0.879113495,これは絶対美味い
0.879046202,買うことができるとは言ってない
0.878918529,今日徳島のセブンで0個買った
0.878649771,あんなしっかりもやし入ってることあるんや
0.878174484,買いにいったけど売り切れだった
0.878138244,あれこれご報告のサムネがちがうは
0.878081739,食べたすぎる待ちきれない
0.877882361,しょーもなとか言ってる人人の夢をそう思うことがしょーもないと思うよ
0.877843022,おめでとうございますたくさんたくさん売れますように
0.87781316,いい報告であってほしい
0.877460539,夢を現実にするのカッコいい
0.877191126,どんな報告かめっちゃ楽しみ
0.87708956,買いに行きます
0.876830876,鳥肌とニヤケがとまらんなんかすごい
0.87665695,売ってないやんけ0店舗まわったのに
0.876618445,涙出そうになりました
0.8766011,普通の味高い買わない方が良い
0.876347244,なんか0年くらい見てるけど感動するわ
0.876317739,ちょっとたべてみたいです
0.876258075,プルが過去一気合い入ってる
0.876195073,絶対食べたいお腹すいた
0.87613529,夢をちゃんといつも叶えていくのがかっこいいおめでとうございます
0.876126647,美味しそう食べたい
0.876126647,美味しそう食べたい
0.876113057,うぅえーんアタチも食べたい
0.876014531,本気度が伝わってくる
0.87594837,凄すぎてもう凄いしか言えなくなっちゃった
0.87579304,pvのあとの真顔おもろ
0.875778139,美味そうー絶対買います
0.875641584,感動しました絶対買います
0.875634015,hikakinってたまに見るとほのぼのしてふふってなれるなんか疲れてたけど少し心穏やかになれたhikakinありがとう
0.875363708,0時間で0万再生やはりyoutubeの王だったか
0.875294149,中野来たら札幌ラーメン味七上手いから食べてみて味噌ラーメン
0.875177503,ヒカキンさんわたしもたべました0さいのはるとよりヒカキンさんだいすきですよ
0.875126183,今日食べてみたけどめっちゃおいしいよ
0.874906242,小麦アレルギーあるからご飯あるのはありがたい
0.874875784,ヒカキンのラーメンめっちゃおいしかったです
0.87487179,結局休んでなかったことが判明
0.874498904,美味かったです
0.874498904,美味かったです
0.874407291,0時間以内で急上昇ランク0位になったのがやばい
0.874135792,買えない人おいいからもっと売って欲しいです
0.874133527,なんなら店舗出してくれてもええんやで
0.873754323,ひかきんさんすごい字が綺麗
0.87373966,はやく食べたいわоо
0.873640716,発売日0日から0日に変わってるんだけど
0.873474956,うんoemかまぁたべてみるよ
0.873304129,私まねきねこきん出ました
0.873297095,絶対食べますね
0.873264194,近所にコンビニがコンビニがねぇ
0.873124719,セブンイレブンに行ってもなかった
0.872855008,シンプルにバカ美味そう
0.872638464,幼なじみyoutuberhikakinさんマスオさん
0.872136056,ラーメン専門店より美味かった
0.872104764,0えっ凄っ絶対に買う
0.871833682,食べるの楽しみ
0.87165612,食べてみたいー
0.871549785,努力が凄すぎて俺も頑張ろう
0.871509612,百万円くださいちなみに場所はまるまたしょうてす
0.871414661,いいねの数だけ買います
0.871414661,いいねの数だけ買います
0.87140286,報告が楽しみな人
0.87128216,ずっと夢を追い続ける姿痺れます
0.871273041,誕生日に発売嬉しいですˎˊ-絶対買うしかない
0.871245861,ニューミサとどっちが美味いですか
0.871115029,売り切れ続出しそうだな
0.870987177,前回より明らかに彩度上がってる
0.870917916,麺の硬さが気になって
0.87040621,ポイントつける側からつけられる側になったの凄すぎ
0.870252907,沖縄のセブンにもあるのかな買いたいな
0.870238185,貴族の拍手だけが気になる
0.869896293,食べたけぞどすくうはうますぎる
0.869359672,ビックダディって言ったの誰
0.869282246,最初のオープニングをhikakintveveryeekでも許される
0.869241476,めちゃ美味しかった
0.868991435,両方食べました最高に美味い箱買いしました
0.868849814,好きなものがあるって大切なことなんだな
0.868713021,ヒカキンさんテアロシップウダンがゲロキンといっました
0.868617356,招き猫あたった
0.868463337,この量で0円オーバーは高すぎだろ
0.868410766,めちゃくちゃ美味しかったです
0.8679986,そんな美味くない
0.867986381,セブンイレブン以外のお店でも売れますか
0.867952347,ラーメン屋に勝てるわけなくて草
0.867935658,食べてみた人
0.867751718,セブンないんよなー生協かイオン系列で売ってたら買う
0.867564023,失望したもう二度と買わない
0.867552519,ストーリーマーケの事例として勉強になる
0.86738652,絶対誰も予想しない結果で草
0.867347002,普通に美味かった
0.867347002,普通に美味かった
0.867299616,いよいよ明日かホント楽しみ
0.86727351,ガチこれ美味すぎ
0.867258191,そのラーメン買いたくなります
0.867091298,0年になっても見てるやついる
0.86703378,そのうち袋麺も出してくれ
0.866829216,いつでも好きな事に全力なヒカキンさんやっぱり好きだなぁ
0.866610527,速報田舎売ってない
0.866322994,ラーメン食べてみたよ
0.866293848,普通に美味しそう
0.866266668,ひかさんがふくよかになった理由
0.866079569,これほんとに美味かった
0.865978956,ヒカキンいつもみてるよあいと0さいより
0.865769148,jalの機内食にしておいしい
0.865612924,なんな涙出てきた夢って叶ったら凄いよなぁ
0.865430236,さきないとさんコメントきましたありがとうございますきました
0.865352809,全然売ってないんだけど
0.86524266,youtuberのプレゼント企画は税金対策だよな
0.865181446,店舗じゃないのかよ
0.865088642,うまそうだけどちょっと高そう
0.865084589,やばいクレーマーみたいなポーズ
0.86497277,どんな味がするのか一度買ってみようかな
0.86477226,どうせしおきんとか増やすんでしょ商標取っとこ
0.864746749,蒙古タンメン買おっと
0.864739656,カップの中に箸差しっぱなしなの嫌だ
0.86468178,これみながら食いたい
0.86467737,夢叶うってめちゃくちゃいいことだね
0.86467433,食いたくなってきた
0.864365816,0月0日絶対見つけたら絶対買いに行く
0.864238024,hikakinさんすごいこれからも頑張ってください
0.864175022,hikakinさん頑張ったな
0.863939226,絶対食べなきゃ
0.863905191,どうしても早く食べたい
0.863852441,後半ドキュメンタリーみたい素敵
0.863737702,手に入れられないんだけどずっと売っててくれんかな
0.863268435,0万円てぼったくられてるよ
0.863054514,店員側から出品側もやるなんてすごい
0.863050759,めっちゃ美味かったです
0.862944603,みそるから入りました
0.862944603,みそるから入りました
0.862944543,かうと思った人
0.862564147,本当に真面目な方やな尊敬するわ
0.862031162,めちゃめちゃ食べたいです
0.861744702,バンカラジオさんもコントでやってましたよ
0.861623526,あそひかりラーメン作りたいです
0.861553013,岐阜県のみんなにとどけておねがい
0.861498415,台湾ででもでも買いたい
0.86128217,めちゃくちゃ美味かったですこれからも頑張ってください
0.86091429,今日から発売じゃないか買えたら買うzoy
0.860741258,サムネが変わっておる
0.860360682,もう絶対買うんだけど
0.860316873,税金対策も兼ねてるのかな
0.860161662,セブンイレブンって時点で買う気せん
0.859913588,youtuberの師匠って感じです
0.859295309,夢って叶うのね
0.859276235,めっちゃ食べたい食べてみる
0.859078407,くるりインスパイア系なのかな
0.858617902,hikakin様最高
0.858497858,普通に習字上手い笑
0.858435631,尊敬する人物hikakinレーニンゴルバチョフ
0.858000696,休むとこが動いてて草
0.857876837,ニューミサのラーメンはほんとおいしい
0.857719123,口角が上がるラーメンってすっごくいい
0.857520998,ナレーションのトーンがほん怖
0.857471704,ヒカキン頑張れ
0.857451975,しょうもなって言ってるやついるけどどこが
0.857339323,売ってねぇ売り切れてら
0.857267559,この努力は絶対報われるファイト
0.857169986,ヒカきんさんこーださんしってます
0.857149005,明日買いに行く人
0.856795013,コンビニで買えるのはいいですね
0.856375217,試食の時口ピチャピチャさせない
0.855878532,食べたーい
0.855878532,食べたーい
0.855878532,食べたーい
0.855492532,醤油キンも欲しい
0.855450809,いつかラーメン屋さん作りそう
0.855407655,夢に本気になれる聖人youtuberの鑑
0.855354726,普通に美味そう
0.855271041,どんな報告でも応援してます
0.855238557,普通でした
0.855238557,普通でした
0.855061114,ヒカキンさん大好きです
0.855055273,ぼくはごさいですたべたいです
0.854984879,この調子でしょゆきんとしおきんととんこつきんもだしてくれ
0.854847848,サムネ変えたか笑
0.854370356,そんなんたべるしかないでしょ
0.854349196,よっかたですねゆめがかなってぼくもたべたいですどうががんばってぐださいぼくもおうえんしてます
0.854307055,どこまで行ってもめちゃくちゃ優しい人だなあ
0.854211748,夢を諦めないこそ人生
0.854014099,ヒカキンあんたやっぱすげぇよ
0.854006767,視聴後いや休んで無いやん
0.853931427,夢の味買います
0.853923857,控えめに言っても神
0.853741944,誕生日だ絶対買う
0.85360378,みそるから来た人
0.853318155,みそるからきました
0.853134215,いつまで活動休止するの
0.853089869,絶対に買います
0.853036046,好きなことで生きるってこうゆうことなんだなぁ
0.852975309,早く発売してほしい
0.852890968,この人はどこまで素晴らしいんだ
0.852815211,ヒカキンってすげーなー
0.852302074,戻って来てくれてありがとう
0.852224529,ヒカキンおもれー
0.852151215,しおきんお願いします
0.852103114,どんな結果でも大好きだよ
0.851950467,映像比べに来ました
0.851706147,再生数が0万人いって欲しい人
0.851575792,ガツッとくるカップ飯楽しみ
0.851419508,塩ラーメンだとしおきん豚骨ラーメンだととんきんじゃあ正油ラーメンだとせいきんになる
0.851180673,コンビニで見かけたら絶対買うしかない
0.851152778,絶対食べます
0.850844145,絶対かぃますoどっちとも
0.850812495,この人ほど純粋な人おらんと思う
0.850782573,地元に味噌吟とゆうラーメン屋がある
0.850635707,もはやyoutuberがやることじゃないすげえなあ
0.85051924,発売待ち遠しい
0.85017097,早く食べたい早く発売しないかな
0.849955678,ヒカキン字上手いね
0.849426985,マスオtvありますか
0.849310756,みそる美味しそう
0.849054158,アレルギーがあるから食べられない
0.848873734,ラーメンゲシュタルト崩壊したわ
0.848851323,一度は食べてみたい
0.848623872,あしたからだ楽しみ
0.848534763,これは絶対買う
0.848433554,美味しかった
0.848067164,めちゃ早く食べたい
0.847842872,無いからまた売れや
0.847812831,ヒカキんさんだいすきですゆうと0さい
0.847755194,ヒカキン習字うまい
0.847593427,本当にこだわりを感じる
0.847574413,もう一つの夢だったかっこよすぎ
0.847381175,感動しました
0.847381175,感動しました
0.847189963,発売日に絶対買う
0.847132027,ちゃんと美味かった
0.846897781,他のあじもつくってほしい
0.846445024,本当にこの人尊敬する
0.846299589,とりあえず食べまーす
0.846271038,ヒカキンさんはじめまして
0.84618324,こんなん買うしか無いやん
0.846123993,送金美味しそう
0.845922112,休むどころか働いてて草
0.845648587,もー映画にしていいぐらいすごい
0.845442653,くっそ美味そう
0.845216155,ちぢれ麺がいいね
0.845152855,これが洗脳か
0.844894528,んーこんな感じか
0.844832838,めちゃ美味しそう
0.844640434,絶対買うは
0.844316065,youareamazingcan'taittotryyourramenintheus
0.844041884,テュデイズヒカキンズポーイント0兆万点
0.843885362,あとコーラも大好きだね
0.843720496,0回食ってみよ
0.843605042,これは食いたい
0.843509018,0個ずつ買いたいなぁー
0.843333721,0万食は確定してるな
0.843014359,ヒカキン習字上手い
0.842995584,みそふの方がいい
0.842816591,結構期待はずれ
0.842315257,グットボタンおしてね
0.841826379,買うの恥ずい
0.84179002,成分公表してほい
0.841598868,今夜の夜食にします
0.841520607,絶対買います
0.841520607,絶対買います
0.841520607,絶対買います
0.841520607,絶対買います
0.841520607,絶対買います
0.841520607,絶対買います
0.841178536,絶対明日食べる
0.84064889,買いますおいしそう
0.840585947,食いたいけどたけぇよ
0.840230346,面白いですね
0.839995742,食いてー
0.839905739,めっちゃ美味かった
0.839699209,しおきんもほしいなんにせよおめでとうございます
0.839234948,戻ってきた
0.838875294,題名変わってて草
0.838494599,宇宙じゃないんかーいっ笑
0.838282824,実質休んでない
0.838163316,美味しすぎた
0.837908745,ありがとうございます
0.837908745,ありがとうございます
0.83783412,食べたいー
0.837756097,おっきくなったね
0.8376562,早くブラジルにも届くといいな
0.837505519,容器だけで0円しそう
0.837420464,ミソきんさんだ
0.837290823,次はラーメンチェーンですね
0.836212218,えーすご自作やば
0.83550179,また小銭稼ぐの
0.83538729,今から間に合いますか
0.834644616,ヒカキンさんおめでとう
0.834414601,ヒカルマネしてて草
0.834126055,買わない訳が無い
0.833757401,すてき食べたい
0.833691955,不味すぎ返金しろ
0.833582282,食べるね
0.833293319,みそかみそきらいなんよ
0.833132744,楽しみです
0.833112359,おめでとうミソきん
0.832936406,ひかちゃんおめでとうございます
0.832895875,美味しそー
0.831938982,高いッッ
0.831935167,もっと休んでくれ
0.831884086,ラーメン食べたい
0.831531882,普通に食おう
0.831230521,蒙古タンメン買おう
0.83084017,両方とも買えました
0.830753446,ぼくもラーメンだいすきです
0.830561459,おめでとうございます
0.830561459,おめでとうございます
0.830561459,おめでとうございます
0.830499351,めっちゃうまかったよ
0.830347121,スープうまかったで
0.830247939,早く食べたい
0.830247939,早く食べたい
0.830247939,早く食べたい
0.830247939,早く食べたい
0.829626918,メンマ好きにはたまらない
0.829617679,サムネ変わってる
0.829371452,売ってないんだわ
0.829317927,サムネ変わった
0.829020083,食べなきゃ
0.828024626,休んでないやん笑笑
0.827012718,もっとゆーちゅーばーになってくださいゆうと0さい
0.826823771,ちょっとうまそうなの草
0.826780021,どこにも売っとらん
0.826505244,習字普通に上手い
0.825773835,しょうゆきん作れ
0.825705647,絶対買う人
0.825705647,絶対買う人
0.825614452,わたしもらーめんすきだよ
0.824037135,ラーメン食べてみたい
0.823892474,ラーメン作りたい
0.823863089,売ってないぞー
0.823484004,これくらいやろ笑
0.823015273,美味しそう
0.823015273,美味しそう
0.823015273,美味しそう
0.823015273,美味しそう
0.823015273,美味しそう
0.823015273,美味しそう
0.823015273,美味しそう
0.822790802,これ作る為に0年の新曲出さなかった説
0.822247028,セブンイレブンにありませんでした
0.822241306,セブン店員だから買おー
0.821428835,絶対買ってやる
0.821205318,はやく買いにいこ
0.820897579,僕買いました
0.820887983,ちょっと高いけど絶対買う
0.820475876,スター気取り
0.820374787,スーパー美味いって
0.819946468,普通に買うわ
0.819294095,マジでうまそう
0.818776011,おいしそうすぎる
0.818581045,簡潔にはなさんかい
0.818013132,やっぱ普通なんやろ
0.817849219,頑張ってください
0.817837656,おー買います
0.817692399,食べたくてウズウズ
0.817681789,0円くらいなら買ってた
0.817510128,絶対食べる
0.817510128,絶対食べる
0.817510128,絶対食べる
0.817510128,絶対食べる
0.817007124,かっこよすぎる
0.816741407,ついに今日発売か
0.815814734,何時発売なの
0.815475464,遂に報告来ましたか何かワクワクしちゃう⁠≧⁠⁠≦⁠
0.815234542,0月0日の日セブンイレブン行かねば
0.814838588,半額なら買います
0.814768612,休んでなくて草
0.814647079,まだなんかわからんけどおめでとう
0.814486444,休んでないやん笑
0.813890457,買えなかった
0.813767254,結局金儲け
0.813669682,コメントの数だけ買う
0.813627422,ラーメンか
0.813605964,夢かなえる凄い
0.812994659,ラーメンゲシュタルト崩壊した
0.812480569,再販楽しみ
0.811702013,まじでどうでもいい
0.811100841,みそすけ
0.811077893,再販まだかなーまだかなー
0.810424864,店やって欲しい
0.810185373,しおきんきそう
0.809956491,何月にみずきできたんですか
0.808882177,まじうまかった
0.808763564,心の中という感じ
0.808162391,0点じゃないんかい
0.806962907,うまかったぁ
0.804907262,いらねぇー
0.804388583,いいですね
0.803994596,誠実で好き
0.803280711,さんびゃくえんたかすぎだろ
0.803204238,高い普通
0.80290103,買いました
0.802641571,たべたーい
0.802234113,絶対買う
0.802234113,絶対買う
0.802234113,絶対買う
0.802234113,絶対買う
0.802234113,絶対買う
0.802234113,絶対買う
0.802119672,買うね
0.801786959,おいしかったよ
0.801389515,ぜったい買う人
0.800901711,絶対に買う
0.800832331,買えたぜ
0.800399184,ぜったいうまい
0.800335646,セブンにしかないのか
0.800127745,値段はいくら
0.800054193,うん神だね
0.796851039,美味そう
0.796851039,美味そう
0.796474338,0秒のヒカキン
0.796138883,買います
0.793498099,マジで楽しみ
0.793482423,おいしくなかったくない
0.792773187,なんか当たった
0.792566359,この人はすごい
0.790193081,一十二度見ても
0.788837254,これって期間限定
0.786828697,セイキンヒヤシチュウカ
0.785964847,おーい
0.785054624,好きです
0.783367217,買えたぁ
0.78320539,ヒカキンさん
0.782515168,買った
0.781521857,塩分0とか正気か返金しろ
0.779553533,面白い
0.779336035,意外と字綺麗
0.778972149,だいすき
0.778903306,高くね
0.778894961,食べたい
0.778894961,食べたい
0.778894961,食べたい
0.778894961,食べたい
0.778894961,食べたい
0.778894961,食べたい
0.775766373,サムネめっちゃいい
0.775171816,しおキン
0.775150239,明日やー
0.774561703,へへー
0.774082005,爆笑
0.773164332,素敵すぎる
0.772277355,みそる
0.772277355,みそる
0.772277355,みそる
0.770333707,めしキン
0.770295262,なんか感動する
0.768842936,買えない
0.767095804,た高い
0.766357839,絶対手に入れる
0.766349077,すするやん
0.765666902,禊ん
0.763931453,うまそー
0.763519526,やったー
0.763049483,僕にも下さい
0.762922764,上手い
0.762213945,ほんとおもろいな
0.762141943,味噌菌食べたけどまずいまずいまずいまずいまずいまずいまずいまずいまずいまずいまずいまずいまずいまずいまずいまずいまずいまずいまずいまずいまずいまずいまずいまずいまずいまずいまずいまずいまずいまずいまずいまずいまずいまずいまずいまずいまずいまずいまずいまずいまずいまずいまずいまずいまずいまずいまずいまずいまずいまずいまずいまずいまずいまずいまずいまずいまずいまずいまずいまずいまずいまずいまずいまずいまずいまずいまずいまずいまずいまずいまずいまずいまずいまずいまずいまずいまずいまずいまずいまずいまずいまずいまずいまずいまずいまずいまずいまずいまずいまずいまずいまずいまずいまずいまずいまずいまずいまずいまずいまずいまずいまずいまずいまずいまずいまずいまずいまずいまずいまずいまずいまずいまずいまずいまずいまずいまずいまずいまずいまずいまずいまずいまずいまずいまずいまずいまずいまずいまずいまずいまずいまずいまずいまずいまずいまずいまずいまずいまずいまずいまずいまずいまずいまずいまずいまずいまずいまずいまずいまずいまずいまずいまずいまずいまずいまずいまずいまずいまずいまずいまずいまずいまずいまずいまずいまずいまずいまずいまずいまずいまずいまずいまずいまずいまずいまずいまずいまずいまずいまずいまずいまずいまずいまずいまずいまずいまずいまずいまずいまずいまずいまずいまずいまずいまずいまずいまずいまずいまずいまずいまずいまずいまずいまずいまずいまずいまずいまずいまずいまずいまずいまずいまずいまずいまずいまずいまずいまずいまずいまずいまずいまずいまずいまずいまずいまずいまずいまずいまずいまずいまずいまずいまずいまずいまずいまずいまずいまずいまずいまずいまずいまずいまずいまずいまずい
0.761365414,ほんとにすごい
0.761325717,おうちない
0.75888288,興味ない
0.756818354,おいしかった
0.756505668,しょーもな
0.755754232,よかったね
0.754040599,あさってやん
0.753606737,かいました
0.753606737,かいました
0.752522111,楽しみ☻
0.749314725,誰が買うか
0.748625278,りゅうせい
0.747967601,すき
0.747512162,明日発売
0.745484889,いただきやす◎
0.744564176,うまそ
0.744564176,うまそ
0.744502127,高すぎやな
0.743537903,習字が上手
0.743403018,けんからか
0.742124498,ぼったくり
0.742043376,0円に値下げしろ
0.741475224,売ってない
0.738954604,感動tt
0.738413811,ラーメン最高
0.736984193,あいたいな
0.736715615,超普通
0.736346662,在庫がない
0.734463096,税金対策
0.730503917,おいしそう
0.730503917,おいしそう
0.730330586,何だ神か
0.726354599,買ってくる
0.725488424,ミソキソ
0.724709392,0再販
0.724225581,なんやねん
0.715373993,うまちょ
0.711100996,自分用0
0.707450688,な
0.702738047,あ
0.702738047,あ
0.701297402,まず
0.699575245,うまそう
0.699575245,うまそう
0.698391736,いらん
0.688042164,おめでとう
0.688042164,おめでとう
0.687161505,神
0.662595868,かっこいい
0.649440587,youtubecreaternamastejapan
0.592697859,は
0.58254081,ください
