0.6992993021901432,﻿店舗を作るんじゃなくてそれなりに誰でも手に入れられる商品を作ってくれるところに言葉に上手く出来ない優しさを感じる
0.7111526769325702,小さい子はにんにくは刺激的に感じるかもとかそういう配慮ができるのがすごいと思う
0.7114586703938877,この人は周りからすると小さな事に見えることも好きな事に諦めず取り組み続けてこうした結果を残せているから尊敬します希望の星です
0.7228116945464426,時代に残るものを明確に作れるってのは誰にでも出来ることじゃないよすげえなあ
0.7117806622135299,お店に行かなきゃ食べれないとかじゃなくてコンビニで買えるっていうのに優しさ感じる
0.7100672605320179,ラーメンなら豚骨以外断固拒否の自分だけどなぜかこれは食べてみたいと思った
0.7064511846452,自分のやりたいことにこまで真剣に向き合って努力してしっかり結果残すことってできるようで中できないことだから本当に尊敬する
0.7207637651567061,ラーメンの無い世界なんて考えられないほんとにラーメンって多くの人を救ってると思う
0.6992993021901432,東京にラーメン店を開くとかじゃなくて手頃な価格で全国で買えるカップ麵にしたところがヒカキンって感じして好き
0.7074475753771785,実際口に合う合わないは絶対あると思うけどこまで頑張った過程を考えるとそんなの関係なく食べたいって思う
0.6992993021901432,0年振りくらいにhikakintv開いたけどオープニングが全く変わってなくてなんか安心したいつでも帰ってきていっていう安心感ある
0.7173418535928328,こういう有名人が関わる商品って大体ちょっと口出すくらいで後は全部任せるって感じの印象だったけどヒカキンはめちゃくちゃ従事してやっぱこの人違うなって思ったわ
0.7151174420069828,内容がなんであれ夢を叶えるってのは普通の人ではなかなか成し遂げれないことだからほんとに凄いと思う
0.7217451922030086,こうゆう有名人の商品ってぼったくり多いけどヒカキンさんはちゃんと商品として出すのは尊敬
0.7228116945464426,いやすごすぎるわyoutube活動だけでも忙しすぎるのにその合間を縫って自分の夢を叶える活動をするなんて
0.6992993021901432,本当に真面目な方やな尊敬するわ
0.7132560305053598,単純に小麦アレルギーで麺が食べられないからカップ飯あるの嬉しい
0.7175312856823687,いくら企画とはいえしっかり色と研究して自分なりのラーメン作ってるのがすごい尊敬するわ
0.7175312856823687,自分の好きな料理を自分が手を加えて商品として出せるのって本当に凄いことだよなぁ
0.7243817016978807,好きなことにこまで全力を注げるのも聖人と呼ばれる0つの理由なのかもな
0.706038837461291,youtuberが知名度を使ってアパレルとかは聞くけどラーメンとかまじで角度違ってまじで逸材なのを知らせてくれるわほんとすげえ尊敬しかねえ
0.7103197329473067,焼肉とか寿司って金持ちになったら良い店ばっかり行くだろうけどラーメンだけはどの店もほとんど同価格帯だし金持ちになっても食べたいと思うものだよね
0.7175312856823687,他のyoutuberがやるぼったくりアパレルとかじゃなくて本当に自分がやりたいことを実現できるのは尊敬です゚
0.7069170664348203,嬉しいよ嬉しい前年は抜かされたけどそれまでは新潟がラーメン支出額0位だったんだラーメン王国新潟の誇りだよ
0.7100672605320179,夢はいくらでもあるけどそれを叶えれたっていうのが本当に凄いことだと心から思う
0.6992993021901432,0ヶ月でも休んでくれてよかったくらいすごいことしてほんと尊敬する
0.7136799440618676,再生回数見て思ったけど今でもみんなの関心を惹き付けてる事が凄いちゃんとみんなhikakinの事気になってるんだね
0.6992993021901432,味噌ラーメン苦手だけど食べて見る価値あるかなぁ
0.7190231065259892,好きなものがあるって大切なことなんだな
0.7166515025976521,まずいだのおいしくないだのケチつけてる人見かけるけど何かと叩かないと気が済まない層に少なからず興味持たせて買わせてる時点でヒカキンの勝ちだよ
0.7259097497603891,ポジティブな報告なのかネガティブな報告なのか事前に言ってくれるのを本当のありがたい心持ちが穏やかで見られる
0.6992993021901432,すげぇなぁやっぱ出来る人は何に手を出してもやり遂げるんだなぁ
0.6992993021901432,たいしたファンでもないけどなんか涙出るね
0.7087644812616245,きっと想像を絶する苦労をたくさんしてきている中で本当にラーメンに救われて心からラーメンが好きなんだろうなとひしひし伝わるその思いは決して軽いものではないのにみんなが元気になれるようにって誰でも手に取れるような値段と店舗展開でみんなに共有してくれて聖人すぎる
0.6992993021901432,ラーメンとかtシャツとか誰でも買える値段にしたとこに好感もてる
0.7100672605320179,いやー他のユーチューバーと違って金持ちしか手が出せない高い洋服とか出すよりこーやって誰もが買えて一回は食べてみたいと思うラーメンとか出すの良いね
0.7175312856823687,好きなことに本気になれるの本当に尊敬するわ
0.7132560305053598,下積み時代も諦めず努力した結果これなの最高すぎて大尊敬
0.7162416353784469,店をひらくなら遠すぎてヤバい青森だからだけどコンビニなのがいしお手頃価格なのがい
0.6992993021901432,もはやyoutuberがやることじゃないすげえなあ
0.6992993021901432,特別hikakinがすきってわけじゃないわたしでもめちゃくちゃ凄いなって思うしやりたいこと叶えてること尊敬するしもうなんか凄いなって思います語彙
0.7151174420069828,0人の人間がこうやって死ぬ気で頑張っているのを見てるともはや伝記に見えてくるこの方は本当に澄んだ晴れた心を持っていると思う
0.7100672605320179,店舗じゃないところがまたyoutubeの身近さを感じましたなんか泣きそうになったおめでとう
0.7100672605320179,これだけ成功しても夢に向かって走り続けて実現させるとかカッコ良すぎる一人の人間として尊敬
0.7058499452787758,hikakinさんが休止したと聞いてどうしたのだろうかと見に来たけどいつ見ても安心するすごいhikakinさんで安心した
0.7056713251894842,みんな恋人作ればリア充とか金持ちが自由とか言ってるけどヒカキンみたいな好きなことを本当に頑張れて嬉しさに溢れてる人が真のリア充だと思う
0.6992993021901432,これは普通に感動したわ
0.7190231065259892,マジで努力してるのが感じられる尊敬やわ
0.7117806622135299,これだけ夢を叶えた人なのにまだ叶えたい夢があったなんて凄すぎる
0.7117806622135299,自分のやりたかった事が出来てよかった何事にも頑張って欲しいな
0.6992993021901432,絶対食べたいお腹すいた
0.7190231065259892,服とかじゃなくてラーメン売るのは本当に好きだわ
0.6992993021901432,これ見て泣いた人いない説明すると長いけどすご心打たれた
0.7124778356755356,頂点がこの人で良かったと何度思えばいんだろうか
0.6992993021901432,こんなに成功してもちゃんと辿ってきたことを忘れてないところがとても好きです
0.6992993021901432,泣きそうになるくらい相変わらず感動しました
0.6992993021901432,味噌も好きだけど塩キンと醤油キンも出してほしい
0.7132560305053598,夢を叶えるの裏にはとんでもない努力があることを改めて知れる
0.7165472518844296,ラーメンなら手軽に買えて嬉しい一つ一つのことに真剣に向き合う姿は尊敬しかありません他のyoutuberを非難するわけではないのですがいつも全力で取り組んでいて結果がでているのも納得です
0.7397698040752526,視聴者の意見どうこうじゃなくてちゃんと自分の好きなこと貫いて努力してるのかっこよすぎる
0.6992993021901432,好きなことで生きているを体現したまさに偉人私たちに夢を与えてくれて本当にありがとう
0.7111526769325702,本当に幸せそうな人を見るのってこっちまで幸せな気持ちになるからいよなぁ
0.6992993021901432,どこまで行ってもめちゃくちゃ優しい人だなあ
0.7117806622135299,ラーメン作るためにダーツの旅やってたとしてもあれは辞めないで続けて欲しい
0.6992993021901432,どうしても早く食べたい
0.7117806622135299,元スーパー店員が好きな商品を作れるまで有名になったのが本当に凄い
0.6992993021901432,ヒカキンが笑ってるとこっちまで幸せになる
0.7349549711580174,本当にこの人尊敬する
0.6992993021901432,白味噌を入れることによってガツンとくる旨味が鈍くなる気がするけどうなんだろうか早く買って食べたい
0.6992993021901432,これこそ好きなことで生きていく
0.7281059483215496,塩や醤油豚骨のバージョンのラーメンも出してほしいなー
0.7252362753645842,本当にこの人は努力が凄いな
0.7080570736242944,お店に行かなきゃネットで会員にならなきゃとかではなくて普通にコンビニで帰るのが本当に素晴らしい何より本人が楽しんでるのが最高必ず買いに行きまーす発売日に行くつもりだけど買えるかなーすっごく楽しみですヒカキンおめでとう
0.7062389108522564,夢を叶えるためにyoutube活動で忙しい中でもこだわり抜いて商品開発をしてたというヒカキンさんの裏側を見てると本当に勇気を貰える
0.6992993021901432,これはさすがに食べたい
0.6992993021901432,同年代でハモネプやってたって思うといつも鳥肌というか感慨深くなりますˇ
0.6992993021901432,もう美味すぎて鳥肌たったわラーメンも美味いけどメシがやばいくらい美味しかった
0.7151174420069828,好きな事を趣味として生きていくの本当に尊敬してる
0.6992993021901432,好きなことで生きていくを実現させた漢かっこよすぎる
0.6992993021901432,夢があってもなかなか叶えられないことが多い中それが叶うだけでも凄いですそれだけでも感動です本当に夢を叶えることが出来て良かったですねおめでとうございます
0.7077413939475011,今日発売なのか売り切れてそうだけど絶対食べたいなこれを食べるために頑張って生きますっง-ง
0.7141298435350044,ただ休んでただけじゃなくて頑張ってラーメン作ってたのは感動
0.6992993021901432,味噌味以外も出してほしい
0.6992993021901432,活動休止中も休まずに夢を叶えるために行動してたと思うと本当に尊敬する
0.7228116945464426,これだけの成功を収めているのにまだ夢を追う姿勢が好きです
0.6992993021901432,まじでかっこいどんなに苦しくても辛くても頑張った先にこんな未来が来ると信じてがんばります
0.7132560305053598,下積み時代ほんとうにしんどそうなのにこまで頑張って夢叶えて尊敬します
0.7175312856823687,夢が叶えられて凄いこの努力は見習わねば
0.7302794491193507,ラーメンとかだけじゃなくてhikakinプレミアムの最初の商品なの夢があって嬉しい
0.6992993021901432,好きなことを極められる人は本当に努力をしてきた人だと思います尊敬
0.7198589681733626,他のラーメンより美味いとかそういう言葉使わないのがやっぱりhikakinって感じがして大好き
0.6992993021901432,本当にどこまで人を笑顔にすれば気が済むんだかヒカキンさんは
0.6992993021901432,早く食べたい
0.7190231065259892,0日たった今でも急上昇入ってんの凄すぎ
0.6992993021901432,味噌だからって安直にコーン放り込んでないヒカキン信用できる食べたい
0.7217451922030086,お金を考えないで自分がしたいことできるのは努力の賜物だな
0.704775063833922,みんなと苦しい気持ちとか頑張ろうという気持ちとかを共有したいっていうのが凄く伝わる商品ですね早速発売日に買って食べたいですそして夢を叶えられたこと本当におめでとうございます
0.7207637651567061,自分の夢の中にみんなを笑顔にしたいという想いが込められてるのって本当に素敵優しさが味にも出てそう
0.7266121327521569,あのラ王より高いのはびっくりだけど0円なら全然食べたい
0.6992993021901432,同じ新潟県民として全力で応援し続けます頑張れhikakin
0.6992993021901432,早くブラジルにも届くといな
0.7235744093154616,好きなものを自分の商品にしちゃうっていう偉業ほんとにすごい0年かったり活動休止になるのも頷ける
0.6992993021901432,本当にすごいひかきんは嫌味なところが全くなくてすごく好きです
0.7080570736242944,本当にhikakinさんは聖人だなたとえ0週間休んだとしても視聴者の事を考えていて本当に尊敬するわ
0.7095952169555984,いろんな意見があると思うけど自分はヒカキンさんが心を込めて作ったんだって信じてる
0.7124778356755356,味噌ラーメンからもやしメンマネギ赤い調味油って感じがくるり意識してそうで好き
0.6992993021901432,人生が変わるときもラーメンを食べてたはエモすぎる
0.7111526769325702,努力が報われる瞬間はまさにこの事なんだろうなヒカキンさんおめでとうございます
0.7207637651567061,グッズじゃなくて自分自身のラーメンを出すなんて凄いです
0.7100672605320179,見たら食べてみたいと思いました次の給料日に買って食べたいと思います
0.6992993021901432,好きなことで生きていくを貫き続けていて本当にかっこい
0.7077413939475011,東京に住んでいなくても食べることが出来る名義だけ貸してるとかでもない本気の一品絶対食べます
0.7281059483215496,自分のやりたいことをずっと貫いてんのすごすぎるこれが本物のyoutuberか
0.6992993021901432,どうでもいけど0時間で0万回再生はやべえな
0.7252362753645842,この人はどこまで素晴らしいんだ
0.6992993021901432,発売されたら即食べたい
0.7144453812743348,東京の店舗だと地方民は食べに行くの大変だけどセブンだったら全国のみんなが気軽に食べられるし0時間いつでも買いに行けるからすごくありがたいですあー早く食べたい
0.7281059483215496,再販してくれるのが嬉しい
0.7074475753771785,疲れてるからとかじゃなくて報告準備に集中するために休むといういつも視聴者思いのヒカキンさんならどんな報告でも応援できます
0.7243817016978807,自身のメンタルの支えになってたラーメンに対してyoutubeで結果を出して恩返しするのカッコ良すぎて
0.7175312856823687,0日で0万回再生以上いけんの凄い
0.6992993021901432,もういっそお店出してくれんかなとか思ってるわ
0.7266121327521569,ラーメンばあのときを思い出す本当にラーメンが好きというのが伝わります
0.6992993021901432,売り切れたら終わりとかじゃ無くどんどん作っていつでも買えるようにしてね
0.7207637651567061,ヒカキンって報われるまで努力できるの凄いな
0.7359912730580097,商品紹介のプロが自分の商品を紹介するのすごい
0.6992993021901432,正直食べたくてしゃーない味噌ラーメンとか王道貫くとこ好きやぞ
0.6992993021901432,ヒカキンこそ努力に努力を重ねたtheyoutuberって感じまじですげぇ
0.7080570736242944,今日初めて食べたなんかカップでいける味噌ラーメンの限界に挑戦してるといえる味だったこれはリピーターいるワケだ
0.7111526769325702,変なアパレル系に走る奴も多い中ラーメンで勝負を仕掛けるってのは素晴らしい
0.706038837461291,先日本当に生きているのが辛くなったんですが今日hikakinさんの夢が叶った姿を拝見して凄く元気をもらいましたいつも視聴者を気づかってくださる姿努力し続ける姿尊敬していますどうぞこれからも無理はなさらず楽しさを追い求めて活動してくださいつもありがとうございます
0.7117806622135299,g明けに発売してくれるから連休明けのショックを和らげてくれているね
0.7168636915630502,夢を見るのは簡単だけど夢を叶えるのは難しいでもそれを叶えたhikakinさんは凄すぎる
0.6992993021901432,ラーメン作りたい
0.6992993021901432,うわあすごく感動してなんかうるうるしましたこんなに頑張ってる人がいるから私も頑張らなきゃなって思います
0.6992993021901432,本当にこだわりを感じる
0.7281059483215496,具材がくるりのラーメンぽいのも感動でしかない笑
0.6992993021901432,早く食べたい
0.7117806622135299,豚骨派だけどヒカキンが作ったなら味噌ラーメンも食べたいと思う味噌ラーメンも好きになりそうてかそう思わせてくれるヒカキンのこれまでの努力がすごい
0.6992993021901432,ラーメン食べてみたい
0.6992993021901432,何事にも本気でどんな時も頑張ってきたからできたことだと思う本当に心から尊敬します
0.7175312856823687,好きなことをして生きていくのがyoutuber
0.7074475753771785,好きなことをして人生を楽しんでいる姿に私も頑張りたくなる気持ちが出たよyoutuberの鏡だよ
0.6992993021901432,みそるを見てちょっと見返しに来てしまった
0.7168636915630502,ヒカキンのやっていくことが凄すぎて距離を感じるはずなのにすぐそばにいる感じがめっちゃ好き
0.6992993021901432,早く食べたい絶対買うぞーっ
0.7140463421389411,監修って名前だけ貸して開発とかはほぼ任せっきりな人もいる中こんな0から0まで全部本気で本人が携わってるのすごいな
0.7141298435350044,セブンイレブンに販売するというのもまた身近に感じられるからすごくうれしい
0.7266121327521569,0年間大好きなものに熱中して本気できるの本当に尊敬
0.6992993021901432,めちゃめちゃ人気になるとは思わなかった
0.7151174420069828,ラーメンって安いのに幸せにする度合いは最高だよね
0.6992993021901432,コンビニで見かけたら絶対買うしかない
0.7190231065259892,商品紹介を主にやってたyoutuberがこうして今自分の商品を紹介してるのほんと感慨深い
0.6992993021901432,これ見たらヒカキンがどれだけラーメンを愛し夢に本気だったか分かる素直におめでとう
0.7332133692524772,めっちゃくちゃ嬉しい自分の事の様に喜べる
0.6992993021901432,これみながら食いたい
0.7141298435350044,個人的に何より嬉しいのはヒカクラ0が再開することなんです
0.6992993021901432,ラーメンを作りたかったとか取って付けたみたいな設定
0.7228116945464426,本当に向上心が止まらないなこの人は
0.6992993021901432,凄すぎてもう凄いしか言えなくなっちゃった
0.6992993021901432,夢を叶えるって本当にすごいことだよね自分がずっとやりたかったことをできたヒカキンを心から尊敬するわ
0.6992993021901432,手に入れられないんだけどずっと売ってくれんかな
0.6992993021901432,0年もかけて研究されたラーメンを0円で味わえるってめっちゃお得だなぁ
0.6992993021901432,早く発売してほしい
0.7124778356755356,長年の努力が色んなところで反映されてるところが本当にすごいと思う
0.7151174420069828,ヒカキンが嬉しそうなの観てるとこっちも嬉しくなるね
0.6992993021901432,本当に尊敬する自分もヒカキンさんみたいな素晴らしい人間になるために色んなこと一生懸命頑張りたいです
0.6992993021901432,こんなに頑張って作ったら買うしかないよね
0.718249266757077,アレルギーの関係で小麦がたくさん食べれないのでメシ版が凄く嬉しい味噌大好きです絶対食べます
0.6992993021901432,めっちゃ美味しそう食べてみたい
0.6992993021901432,目標を達成するために必死に頑張る人って応援したくなるよな
0.6992993021901432,こんなに有名になってもまだまだ夢に向かって努力するヒカキン素敵すぎる
0.7220908035272465,ラーメンに対する想いだったり幼少期からの思い出の味噌ラーメンのことも知れて感動で涙が出ました絶対買います
0.7297176956138196,沖縄のセブンにもあるのかな買いたいな
0.719686513424555,店舗じゃなくてカップにした事で気軽にみんな食べられるのがなんかhikakinさんの人柄が表れてるなぁって思いました地方民なので東京でお店構えられても食べられないので食べるのとっても楽しみです
0.7281059483215496,努力は人を裏切らないとはこのことなのか
0.7058499452787758,マジですげぇわ休んでも休まなくて準備して一刻でも早くみんなに知らせれるよう努力してるとことか本当に美味しそうなのが伝わってるくる
0.7162416353784469,初期の頃から忘れられないものってめちゃくちゃいよねぇしかもそれが実現出来るなんてロマンあるわ本当におめでとうございます
0.6992993021901432,夢を実現させることができるなんてすごい
0.6992993021901432,みそる見てこっち見にきたらまじで寄せて笑った
0.7100672605320179,ラーメンの中では味噌が0番好きだから地元でも売られるようになったら絶対買う
0.6992993021901432,発売したら食べたいですねでもすぐに売りきれそう
0.7132560305053598,やりたかったifルートを同じ人生でどっちもやってるの凄すぎる
0.6992993021901432,夢に向かって進んで行く姿に感動しました
0.7215423810795977,0年がかりでの商品化は気合いが入ってますね食堂ミサの味噌ラーメンが原点の味ということで私もミサの味噌ラーメンは大好きなので味には期待できます早く食べてみたい
0.7325187520442711,自分的にはラーメンの方がそのときに食べたかったからおいしかった長文すいません
0.7095952169555984,人生で受けた恩を自分の人生をかけてまた人に与えていくスタイルが本当に素敵
0.6992993021901432,いなー食べたいけど海外にいるから食べれない
0.6992993021901432,これだけ影響力ある人は何を発売してもすぐ大好評になりそう
0.7117806622135299,出来ることなら毎日食べたいくらい同じくラーメンが好きなので必ず買って食べます
0.6992993021901432,味噌ラーメン好きだから食べてみたい
0.6992993021901432,店員側から出品側もやるなんてすごい
0.6992993021901432,田舎はないかと思ったけど全国で嬉しい絶対買う
0.6992993021901432,味噌ラーメンあまり好きじゃないが見かけたら0食べてみます
0.7198589681733626,スーパーで商品を並ばせる側だったのが並ぶ側になったのが凄すぎる
0.6992993021901432,俺やっぱ純粋で何事にも本気なヒカキン大好きだわ
0.7168636915630502,hikakinってたまに見るとほのぼのしてふってなれるなんか疲れてたけど少し心穏やかになれたhikakinありがとう
0.7239723116702679,これが全国のセブンイレブンに並ぶのはこちらとしてもすごく嬉しい
0.7281059483215496,自分のやりたいことを全力で出来るのカッコよすぎる
0.6992993021901432,人気出て買えなさそう食べたい
0.6992993021901432,そういう事だったんですね夢を持って努力して叶えるなんて凄いです本当におめでとうございますこれからも応援してます
0.6992993021901432,ラーメン食べたい
0.6992993021901432,辛い事を乗り越えた人だけに娯楽が待ち構えてるんだな
0.6992993021901432,そんなにラーメン好きで救われる人がいるんですね私もラーメン屋さんで働いてるけどもっとラーメン屋さんで働いてる事に自信をもって働こうと思います
0.7252362753645842,夢に本気になれる聖人youtuberの鑑
0.6992993021901432,ラーメン好きだから見かけたら食べてみるわ
0.7111526769325702,ほんとまだ全然人気出ない頃にヒカキンを友達から勧められて観てたけどそのヒカキンがいまこうしてhikakinpremiumのラーメンが出るそして今となってはyoutube界を代表するくらいの人となってるほんとにすげーこれからも応援してます
0.6992993021901432,食べたい
0.7162416353784469,いつでも視聴者のこと考えていて本当にすごいと思う
0.718249266757077,夢の実現おめでとうございます伝えたいことが箇条書きなのがわかりやすく誠実でラーメン屋っぽくもある
0.7077413939475011,胸が熱くなりました泣きそうです泣いてるけど感動の涙おめでとう御座いますこれからもお身体にお気をつけてください
0.6992993021901432,食べたい
0.6992993021901432,こうやって夢叶えちゃうからhikakinはすごいよ
0.7162416353784469,自分の予想のお店出すんじゃないかなと思ってたちょっと異なってましただ是非とも食べたいです
0.7117806622135299,自分の好きな商品を自分で監修して商品として販売できるなんてすごいな
0.6992993021901432,すっげって漏れた本当に尊敬できる人物です
0.7141298435350044,こっちまで嬉しくなるわぁ絶対買うてかセブンで売ってるのすご
0.7195730455005198,個人の感想なんですがめっちゃ美味しかったですメシの方はまだ食べれてないので再販したら絶対食べますこれからも頑張ってください
0.6992993021901432,夢が埋まってる鉱山をみんな掘ってでもいつ発掘できるかわかんないから途中で諦めたり投げ出したりするけど踏ん張った先には自分自身を支えてくれた夢に辿り着けるって思えましたhikakinさん夢実現おめでとうございます
0.7207637651567061,なんか熱いものが込み上げてくるなすげぇや
0.7175312856823687,ほんとに努力の積み重ねが遂に実った感じが伝わります
0.7168636915630502,youtubeもやって忙しいはずなのに0年くらい努力してんのはすごいなと思った必ず食べます
0.7071734341404673,何にでも真摯な姿勢を崩さないんですよねそういう所が大好きです家族の分も買ってみんなで食べたいです
0.6992993021901432,再販決定と聞いてまた見に来てしまった
0.6992993021901432,夢を叶えるって素晴らしいなーなんかヒカキンさん見てると明るい気持ちになる
0.7217451922030086,0から0にするのってホント大変自分の夢を実現させる努力すごい
0.7252362753645842,服とかコスメじゃなくてラーメン出すの好き
0.7071734341404673,心からおめでとうを言いたいですほんとに自分の夢を次から次へと叶えていて憧れでしかないです僕も頑張ります
0.7266121327521569,こんな美味しそうなのコンビニで買えちゃうのすごい早く食べたい
0.6992993021901432,醤油バージョンも出してほしい
0.6992993021901432,夢を持つ事楽しさも夢を叶える楽しさも自ら体験して映像化してくれるhikakinさんは本当に尊敬しますこれからも応援してます
0.6992993021901432,いつかラーメン屋さん作りそう
0.7087644812616245,こういう時のhikakinあるある→ファンが心配するような事じゃなくてむしろ応援するようなことしかない
0.7032805498109871,ヒカキンにも苦しくて辛い時代があったんですね第0部がすごくよかったですラーメンに助けられたっていう思いとみんなにも元気になってほしいっていう思いが本当に伝わってきて涙が止まりませんでした0の発売を心待ちにしてます
0.6992993021901432,これからも夢を叶えて夢を俺たちに見せてくれ
0.6992993021901432,こんな時間に見ちゃったからお腹すいた
0.6992993021901432,すぐ完売しちゃいそういつ食べれるかわからないけどめっちゃ楽しみです
0.6992993021901432,ラーメン好きだから嬉しいあと落ち着いたらちょっと休んでほしい切実
0.6992993021901432,youtube続けながらもこれを着と進めていたと考えると本当にすごい
0.7124778356755356,ラーメンに凄くこだわって作られたのが伝わってきます発売日楽しみです
0.6992993021901432,夢叶うってめちゃくちゃいことだね
0.6992993021901432,早く発売されないかなー早く食べたい
0.6992993021901432,休止理由もヒカキンらしくて応援したくなるなぁ
0.7141298435350044,何回見てもご兄弟揃って招き猫引いてるのヤバいですね
0.6992993021901432,好きなことで生きるってこうゆうことなんだなぁ
0.6992993021901432,ラーメン大好きだから嬉しい絶対買います
0.6992993021901432,0円本当にいつでも誰でも食べたいときに食べられる価格設定で泣ける
0.6992993021901432,こまで人が良いと過去にどんな重罪を犯していたとしてもうなんでも良い許される
0.704775063833922,お店を出すのではなく全国民が気軽に手に出来るようにセブンで販売するところがヒカキンらしくて心暖まるね夢に向かって努力して実現したヒカキンを誇らしく尊敬する
0.6992993021901432,ラーメンだけしか買えなかったけど優しい味で美味かったです
0.7128559662253222,とてつもないプレッシャーの中で時間と労力を割いて商品開発している姿が容易に想像出来ます一週間休むのも納得です応援してます
0.6992993021901432,結構マジで少しでいから休んで欲しいとりあえず夢叶えられておめでとう
0.6992993021901432,シンプルになんか感動した笑やっぱヒカキンってすごいな
0.6992993021901432,発売日に絶対買う
0.706038837461291,内容ちゃんと見る前はラーメンとカップめしならラーメンがいかなって思ってたけどこのカップめしめちゃくちゃ美味しそうやな発売日に買いに行こう笑
0.6992993021901432,息子と一緒に食べたいと思います
0.6992993021901432,店舗出すより賢いかもしれないスタッフも店舗もなくても成り立つ
0.7124778356755356,なんか泣けてきたよヒカキンさんあなたはほんとにyoutube界の宝だよ
0.704775063833922,若い頃に死ぬ程努力して今夢を叶えたり今の成果があるそう思うとやっぱりhikakinさんには憧れる僕もサボってばかりいないでひと踏ん張りしてみようかな
0.6992993021901432,なぜか0回目に食べた方がさらに美味しく感じました
0.7083971310975832,どこかに行かないといけないとかじゃなくてどこでも手軽に買えるってのが神夢叶えれて良かったです
0.6992993021901432,いよいよ明日かホント楽しみ
0.7198589681733626,エビとかカニを入れずにアレルギーの人でもなるべく楽しめるように作ってるの好き
0.7095952169555984,もう涙が止まりませんヒカキンさんの一生懸命努力出来るところとか本当に尊敬します絶対に買います
0.6992993021901432,夢を追い続ける大切さを改めて感じた
0.6992993021901432,こだわってる理由がもし上辺だけだったとしてもやさしすぎる
0.6992993021901432,人生も時間もお金も一切ムダにしない生き方に惚れてしまいます心底ステキですっ
0.7198589681733626,食べたい他の味は作る予定あるのかな食べてみたい豚骨とか醤油も
0.7190231065259892,商品紹介を主にやってたyoutuberがこうして今自分の商品を紹介してるのほんと感慨深い
0.6992993021901432,濃厚味噌で香味油白味噌使用麺処くるりが本当に好きだったんだなって分かるわな
0.7062389108522564,ラーメンを初めて作った人ラーメンを広めた人ラーメン屋の人みんなヒカキンさんを支えてヒカキンさんをこんな大物にまでさせてくれてありがとう
0.6992993021901432,ラーメン聴きすぎてゲシュタルト崩壊起こしそう
0.7190231065259892,服とかじゃなくてラーメンってのがhikakinらしくて好き
0.7141298435350044,味噌の甘味を人工甘味料で出そうと思ったら大間違いですぞ
0.7190231065259892,ご報告系youtuber最近腐るほどいるけどやっぱプロyoutuberのご報告の内容は訳が違う
0.6992993021901432,本気度が伝わってくる
0.7071734341404673,すごすぎる夢を叶えていくのすごいよo̤◦o̤発売されたら絶対食べる人気すぎてすぐ無くなりそうで怖い
0.6992993021901432,人工甘味料入ってるからか美味しくない
0.6992993021901432,hikakinさんこんなに有名になったんだもう尊敬
0.7108615349987952,食べてみましたすごい好きな味でしたー個人的にはお湯入れてから0分くらい待つのが麺がちょうどい感じの太さになって好きでした
0.6992993021901432,純粋で真面目な人だなぁと改めて感心させられました
0.7136799440618676,密着映像見てすごくこだわったのが伝わってきてラーメンの中で味噌ラーメンはあまり食べないけど食べてみたいと思った
0.6992993021901432,鳥肌とニヤケがとまらんなんかすごい
0.7132560305053598,活動の休み時間が夢を追い続けていた時間とかカッコよスギル
0.7151174420069828,熱湯入れたら0分じゃなくて0分待つのかさすがヒカキン全てがオリジナル
0.6992993021901432,まじでかっこいな普通に美味そうだし今度買お
0.6992993021901432,叶えたかった夢を実現するためにyoutube活動で忙しい中でもこだわりながら商品開発してきたって本当にすごい
0.7281059483215496,本当に凄い努力の賜物ですね
0.6992993021901432,お身体に気をつけてくださいね次はほんとに0ヶ月くらいお休み取ってくださっていんですよー
0.6992993021901432,絶対にうまいそうに決まってる言うまでもないね
0.6992993021901432,夢を諦めないこそ人生
0.6992993021901432,食いたくなってきた
0.7175312856823687,これこそホントのyoutuberだと思います誰かのことを取り上げるわけでもなく自分の夢をちゃんと実行して視聴者にお届けする素晴らしいですhikakin
0.712119917670707,凄く思いの詰まったラーメンに仕上がったと思いますセブンが無くて買いに行けないのが残念ですが出かけた際に買いたいと思います
0.7198589681733626,さっきコンビニ行ったら発売前なのに売ってたから四個ずつ買ってきた食べるの楽しみ
0.6992993021901432,食べたすぎる待ちきれない
0.6992993021901432,夢を叶えるために頑張ってきたことが本当に素晴らしいです
0.7038205475021736,これあれだねスーパーでも発売して欲しいくらい食べたいです僕も小さい時から0年生まれなんですけど味噌ラーメンが大好きで近くに札幌ラーメンがあって毎日のように言っていますそれぐらい味噌ラーメンが大好きです
0.7151174420069828,本当の予想外すぎて困惑しながら普通に嬉しい俺がいる
0.6992993021901432,本当に心からおめでとうと伝えたいヒカキンはほんと凄い
0.7100672605320179,これはこれは努力の結晶でしかないですねぜひ見かけた際は食べて見ます
0.7077413939475011,やりたいことをなんでもできちゃうそれがヒカキンの力短いお休みで休めたかなもうちょっと休みたいよね
0.7151174420069828,セブンで出してくれるの嬉しい田舎者でも手が出せる笑
0.6992993021901432,美味しそう
0.7281059483215496,この努力は絶対報われるファイト
0.7162416353784469,スーパー兄弟地元の人も嬉しいし誉ほまれだよね
0.7066768052061043,0品目はノリが完全に某j熱大陸みたいで面白い脳内で葉加瀬太郎のバイオリンが聞こえてくる笑これで0分やって欲しかった
0.6992993021901432,これにファイヤー流してほしい
0.7132560305053598,おいしいかどうこうじゃなくてhikakinのラーメンってだけでたべてみたいよな
0.7132560305053598,視聴者が体感しやすい食品への事業展開してくれてほんと嬉しい
0.7053417309028698,ラーメンしかたべてなかったけどホントにおいしかった0円で他より高めだけどリピありと思いましたまた食べてくなる味明日はカップ飯たべるの楽しみです
0.6992993021901432,前回より明らかに彩度上がってる
0.6992993021901432,早く食べたいです
0.7156608214579264,ほんとにみんなに喜んでもらえるように作ってくれてるのがほんとに伝わるhikakinさんの夢が叶って良かったです
0.6992993021901432,おいしそうすぎる
0.7124778356755356,夢を叶える人って裏で相当苦労してるのが垣間見える本当にすごい
0.6992993021901432,ヒカキンさんみたいな人も最初は苦労してたマジ尊敬
0.7100672605320179,僕らに出来る最大の応援は買って美味しく食べるこれに尽きると思ってます絶対食べます
0.7314340077352529,そのラーメン買いたくなります
0.7132560305053598,めちゃくちゃこだわり抜いて作られたのがすごく伝わりました絶対買います
0.6992993021901432,美味しそう食べたい
0.7228116945464426,商品紹介系youtuberがついに自分の商品を紹介する日が来たのか
0.6992993021901432,絶対にどっちも買います休んだ理由がこんなことでよかったですこれからも頑張ってください大好きです
0.6992993021901432,こんなに本気で食べたいと思うプロモーション初めて
0.6992993021901432,めっちゃうまそう食べてみたい0個以上買おっかな
0.6992993021901432,めちゃくちゃ楽しみワクワクだねー絶対食べたい買いに走るよー
0.6992993021901432,感動t
0.7154757107529641,好きなことで生きていく報告前は視聴者の心を昂らせ報告後は自分の夢を叶えることで視聴者を喜ばせるやっぱhikakinさんは本物のyoutuberだ
0.7297176956138196,こんな休みのない多忙の中でラーメンの商品作りも進めてたの凄すぎでしょ絶対食べます
0.7069170664348203,hikakinさんのお陰で夢って叶うんだなーって本気で思った何かが好きなだけでこんなに頑張れるんだねまじで勇気というか希望というか貰った気がするやっぱりyoutuberの中で0番尊敬してるし0番大好きだなー‪•
0.6992993021901432,食べてみたいー
0.7314340077352529,ヒカキンのラーメンを食べれるのは嬉しすぎる泣
0.6992993021901432,めちゃめちゃ食べたいです
0.7162416353784469,なんか感動するなぁこまで来たのかって感じるわ
0.7304634471580721,白味噌も入ったベースのニンニクのパンチあるラーメンの味の意味がわかりましたニューミサ僕も大ファンですコレは試してみたい
0.7132560305053598,本当に努力の塊でしかないhikakinさんが頂点で本当によかったぁ
0.6992993021901432,hikakinさんが作ったラーメンなんだから絶対美味いに決まってる絶対に買います
0.6992993021901432,youtubeでもラーメンでも成功するってヒカキンさん凄すぎ
0.6992993021901432,手に取りやすいなぁそうに決まっている
0.7217451922030086,自分の夢を叶えるために0年間頑張ってそしてその準備のためにたった一週間視聴者を待たせないようにすることができるyoutuberの鑑
0.6992993021901432,これは売れる未来しか見えませんね絶対買います
0.6992993021901432,めちゃくちゃ美味しそうに食べるからお腹すいてきました絶対どっちも買います
0.6992993021901432,絶対食べる
0.7274940712597997,半年後とかにスプラトゥーンのフェスで味噌ラーメン派対味噌メシ派の戦いあると思ってだけど今のスプラトゥーンフェスの選択肢三択なの萎える
0.6992993021901432,今日食べましたいやぁもう食レポなんて出来ないから一言で言うとめっちゃ美味しかったです食べてよかったもっと食べたいぃけど売ってねぇ
0.6992993021901432,買います
0.6992993021901432,夢が叶ってすごく良かったですね私たちも夢を諦めずに頑張りたいと思います
0.6992993021901432,youareamazingcan'taitotryouramenintheus
0.7151174420069828,どんな味がするのか一度買ってみようかな
0.7128559662253222,尊敬でしかないめちゃくちゃ努力を感じるし普通にめっちゃ美味しそう私もラーメンものすごく好きなので嬉しすぎます絶対買いに行きますおめでとうございます
0.6992993021901432,食べてみたいです
0.6992993021901432,なんか0年くらい見てるけど感動するわ
0.6992993021901432,最近味噌ラーメンハマってるからマジで嬉しい
0.7105842029824186,こんなに楽しみな発表なかなかないから嬉しい絶対食べますこの勢いでラーメン屋さんも作ってください
0.6992993021901432,あんなしっかりもやし入ってることあるんや
0.6992993021901432,何度も繰り返し観ています観ているだけで気持ちが幸せになるhikakinさんありがとう
0.6992993021901432,これほんとに美味かった
0.7207637651567061,本当にこの人youtubeで自分の夢全部叶えるんじゃないかなずっと応援するけども
0.7166515025976521,自分の商品作ってたの凄てか休みじゃないじゃんまぁ自分のしたいこと実現できることってやっぱすっごくカッコイこれからも頑張って下さい応援してます
0.7077413939475011,私もバイトしてた頃社会人になってからもお世話になってますカップ飯もあるの有難い贔屓します
0.7100672605320179,メシにきくらげ入ってるの私きくらげ嫌いだけどメシで食べたら食べれるかも早く食べたい
0.7338057819178875,コンビニで買えるのは嬉しいヒカキンさんの本気のラーメン絶対食べる
0.7228116945464426,味噌ラーメン好きなので見かけたら絶対買います
0.7349549711580174,この人のこだわりましたほど説得力のあるものは無いよねめちゃくちゃ楽しみ
0.7234627850633039,お疲れさまですヒカ様の努力と笑顔が多くの人の心に自然と入って来るのがヒカ様おめでとう御座います喜んで買わせて頂き応援していきたいと思いますヒカ様の声が笑顔が私達の元気の素です本当にありがとう
0.6992993021901432,えスゴすぎるほんとに尊敬しますこれからも頑張ってくださいでも体調には気おつけてください何時でも応援してます
0.7141298435350044,初めて発売される商品って言い方だと次もあるのかな
0.6992993021901432,ラーメン大好きだから必ず食べます
0.6992993021901432,うっわめっちゃ美味しそ絶対ラーメンとカップ飯買うわ
0.7162416353784469,実質全く休みではないの草純粋に尊敬できるわ
0.6992993021901432,味噌ラーメンが一番好きだから嬉しい
0.718249266757077,私もラーメン大好きなので絶対買いますおめでとうございますこまで努力できるのが本当に尊敬します
0.6992993021901432,ファミマ派だからファミマまで置いて欲しかった感ある
0.6992993021901432,発売が楽しみすぎて毎日見てます見れば見るほど美味しそう
0.7228116945464426,沖縄では発売されないのね
0.7162416353784469,ヒカキンの努力って半端ないこまで努力出来る事がすごい事
0.6992993021901432,急上昇0位おめでとうございます0年かけてできたラーメンが買える日が待ち遠しいです
0.6992993021901432,みそラーメン大好きだから嬉しいしかもセブイレならみんな買いやすいし絶対絶対買いますね今から楽しみすぎる
0.6992993021901432,店やって欲しい
0.6992993021901432,ラーメン大好きなhikakinさんが作ったラーメンとか絶対に美味いやんあと手軽に買えるとか最高買うしかないわ
0.6992993021901432,らーめんもいがもうそれ以上太るではないぞ
0.7266121327521569,大好きなラーメン旅企画が商品開発の伏線だったの嬉しすぎ
0.7190061716902032,ヒカキンの熱意というか思いが分かるまず真っ先に自分で思う通りにするヒカキンが凄くて羨ましい
0.6992993021901432,ガツッとくるカップ飯楽しみ
0.6992993021901432,新幹線代往復0万チョイ払ってでもみそる食べに行きたい
0.6992993021901432,めちゃ美味しかった
0.6992993021901432,なかったからすみれ食べた美味かった
0.7123323333732597,ほんとに自分のことみたいにうれしいそしてヒカキンさんが忙しいなかでいろんな人にハート押してるのがほんとに感動するやっぱり皆のこと第一に考えて行動していけるからみんながついてきて超人気のyoutuberになれたと思うしこうやって夢を叶えられたんだと思うこれからもこの人についていこうと改めて思ったほんとにすごい
0.6992993021901432,これは絶対買って食べますラーメンは本当に食べると幸せになりますよね
0.6992993021901432,口角が上がるラーメンってすっごくい
0.6992993021901432,ラーメン専門店より美味かった
0.7266121327521569,世の中の色んなものを見たり食べたりしてきた人がこれは良いと思って作ったものたち興味あるわ
0.6992993021901432,今食ってるんだけどバカみたいにうまい
0.7228116945464426,元スーパー店員の経験とか活かして商品開発してるのすごいそのまスーパー続けてもその内商品開発部とかに異動してたかもしれないね
0.7037346173160417,大好きなラーメンが作れるくらいビッグな男になったヒカキンさんマジですごい他の商品も当たり前だけどこうやって試作を重ねて作られてるんだなぁと思うとなんだか感動しました絶対食べたい絶対見つけ出して食べます
0.6992993021901432,自分も夢に向かって突き進んでさらに実現させるような人になりたいな
0.6992993021901432,早く食べたい
0.6992993021901432,ラーメンに目をつけるとはセンスというかなにもかもスゴすぎてさすが神と呼ばれるだけある全youtuberびっくりしてんだろうなぁ
0.7228116945464426,この量で0円オーバーは高すぎだろ
0.6992993021901432,自分が叶えたい夢を叶えられて本当にすごいと思う自分も見習っていきますそしてどんな報告でも受け入れていきます
0.6992993021901432,最高だよこれからも一生ついて行きます
0.6992993021901432,戻って来てくれてありがとう
0.6992993021901432,絶対食べるそうに決まってる
0.6992993021901432,めちゃくちゃ楽しみ美味しそうだから早く食べてみたい
0.6992993021901432,早く食べたい
0.6992993021901432,言うこと忘れましたとか言っても全然許せる
0.6992993021901432,カップ飯も出してくれるところが最高
0.7314340077352529,ほかのyoutuberとは違ってラーメンなのい
0.6992993021901432,はやく食べたいわо
0.6992993021901432,食べましためっちゃ美味しかったですしかも当たりが出たヤッター゚
0.6992993021901432,今後色んな味出して欲しい
0.6992993021901432,本当に努力してみんなを明るく元気にさせるラーメンにしたいっていう気持ちがすごい伝わった
0.7132560305053598,やっぱりhikakinは人間性もパーフェクトだし表の人間としてもパーフェクトだと思う
0.6992993021901432,夢を本気で叶えた姿めっちゃかっこい
0.6992993021901432,買えない人おいからもっと売って欲しいです
0.7151174420069828,hikakinさんの真剣さがこっちにまで伝わってきて感動しました元スーパー店員で僕の人生の諦めない部分をhikakinさんが救ってくれましたありがとうございます
0.6992993021901432,ラーメンを食べるがわから食べられるがわになった男
0.7228116945464426,ラーメン店にするの飲食だからインスタントより異物混入系の事件が起こりやすくなるから絶対こっちの方がいよね
0.7151174420069828,夢をちゃんといつも叶えていくのがかっこいおめでとうございます
0.7185007173307572,正直かなり楽しみ自分の口に合うかはもちろんわからないけどhikakinさんが思う至高の一杯がどんな味なのかは食べてみたい
0.6992993021901432,みそる美味しそう
0.7252362753645842,やっぱhikakinさんは努力のが凄い
0.7252362753645842,全年齢対象にしてるの流石やな
0.6992993021901432,セブンだけじゃなくてスーパーとかにもあったらすごい売れそう
0.6992993021901432,本当におめでとう夢を叶えられて本当に良かったね楽しみにしてます
0.6992993021901432,一年間夢を叶えるために頑張ってたヒカキンさん凄いし尊敬した
0.6992993021901432,絶対食べる
0.7228116945464426,サッポロ一番の旨さが再認識できた
0.6992993021901432,台湾でもでも買いたい
0.7259097497603891,体を休めるための休みも必要だけどだの休みじゃなくて自分のやりたいことに集中するための休みってかっこいな
0.7217451922030086,招き猫キンのとこ満面の笑みともに特に何もありません声出して笑いました
0.6992993021901432,好きなことにほんと全力一生懸命な方観て面白いし楽しい尊敬沖縄でも販売あるかな
0.6992993021901432,美味しそう
0.7138269107783574,私も以前落ち込んでいた時ラーメンを食べてこの一杯でこんな幸せな気分になれるって本当すごいなぁって思ったの思い出しましたhikakinさんおめでとう早く食べれるの楽しみにしてます
0.7111526769325702,しょうゆラーメンが美味しすぎて味噌ラーメン食べたことないのに凄く美味しそうこれは買いだな
0.7111526769325702,ずっと夢を持ち続けるって事がすごい普通は一つの事で満足しちゃいそう
0.6992993021901432,夢が叶って嬉しそうなヒカキンを見てるだけでこっちは嬉しいよかったねーラーメンもご飯も絶対買う
0.6992993021901432,嬉しいおめでとうございます食べたいすごい気になる
0.7132560305053598,くそー食べたいのに近くにセブンがないあったとしても二時間かる
0.6992993021901432,夢を叶えられた事おめでとうございます素晴らしい発売したら絶対買いに行っちゃいますスバラシイ
0.7314340077352529,カップの中に箸差しっぱなしなの嫌だ
0.7045297363416405,この人がちでまじもんなんて言うんだろうこまで誠実で真実で素直な人見たことないんだよねヒカキンさんを見てると大人って素敵だよな捨てたもんじゃないって思える
0.718249266757077,パッケージのデザインもセンスあって素敵ですね下積み時代も人生が変わるその日もラーメンと共に感動的です
0.6992993021901432,味噌ラーメン大好きだから嬉しいー
0.6992993021901432,人工甘味料に驚き
0.6992993021901432,言いたいこと沢山あるけどとにかくおめでとうございます
0.7156608214579264,絶対買うこんなの買わないわけ無いじゃないですかまずヒカキンさんの作ったラーメンってとこで買わないわけ無い
0.7175312856823687,服とか鞄とかじゃなくてラーメンってのが個人的に最高
0.7190231065259892,再販の時に食べましたとても美味しかったです
0.6992993021901432,hikakinさん忙しい中でも本当に好きなことして生きてる感じがしてすごくい
0.6992993021901432,美味そう
0.6992993021901432,向上心あって素晴らしいラーメン旅もしてるくらいだから好きなんやね
0.6992993021901432,今日食べてみたけどめっちゃおいしいよ
0.6992993021901432,こうやってがんばってるヒカキン見てると自分も諦めないでがんばるぞって思う
0.6992993021901432,味噌ラーメン自体が好きすぎるし絶対買うめっちゃ楽しみ
0.7146081174991301,感動だなぁラーメンの色んな袋付いてないの楽すぎて神すぎるめっちゃ良い急いでる時に0袋とか面倒だから
0.6992993021901432,人気すぎてすぐ完売なるゆですよね買えたら買って食べてみます
0.7111526769325702,ラーメン苦手だけどその中で0番好きな味がミソだから嬉しい絶対食べる
0.6992993021901432,美味しそう絶対食べます
0.7105842029824186,ちゃんと全国のラーメンを回るという伏線をはっていたと思うと鳥肌もんだわ
0.7207637651567061,故郷のラーメン屋さんのくだりは涙出るね具材や調味料だけじゃない背景や思い出が何よりの美味しさに繋がる隠し味
0.6992993021901432,普通に美味しそうだし一般市民に気軽に手に入りやすくて凄くありがたいです買いますね
0.6992993021901432,絶対食べるよ楽しみにしてます
0.7190231065259892,ヒカキンさんのガチファンだから泣くらい嬉しい一生買う
0.7217451922030086,活動のおやすみ期間も動いてるのはもうよー分からんくらい動くやんたくさん寝て
0.7151174420069828,youtubeやりながら0年これを作れたのはすごいと思う
0.7228116945464426,休止といえど結構働いてたのねいやすごいな食べるの楽しみすぎる
0.6992993021901432,食べてみたいです楽しみ
0.6992993021901432,なんとなくヒカキンラーメン好きだなって思ってたけどまさか作ってみたいと思ってたとは食いて楽しみだな
0.6992993021901432,美味しそう
0.6992993021901432,どんな報告でも応援することに変わりはないんだけど全国ツアーだといなぁー
0.6992993021901432,発売待ち遠しい
0.7080570736242944,泣けましたおめでとうございます0日セブン出勤なので必ず買わせていただきます出勤前に売り切れちゃいそう楽しみです
0.6992993021901432,みそるから来ました寄せすぎて笑いました
0.7302794491193507,大好きなものを磨いていくその姿大人の私も勇気づけられるかっこい
0.6992993021901432,美味しそうだねえ食うまでもない
0.6992993021901432,なんなら店舗出してくれてもえんやで
0.7228116945464426,これだけの熱量で作ったラーメン絶対おいしい
0.7159463218272688,hikakinさんは神なんなら仏の域にまで達してるただ普通に頑張っただけじゃあんまり夢って叶えられる物じゃないと思うからhikakinさんはものすごい努力の上にこの夢を実現してるんだと思う
0.7281059483215496,ニューミサのラーメンはほんとおいしい
0.6992993021901432,0年間かけたラーメン絶対買いに行きます楽しみです
0.6992993021901432,コレは一度は食べたくなる
0.7297176956138196,ラーメン製作の関係者から情報もれなかったの凄いな
0.6992993021901432,ヒカキンはまさにお金努力を証明した男
0.7077413939475011,ヒカキンは今回夢を叶えたけどヒカキン自身もまた色んな人の夢になってるんだよね素敵な世界だ
0.6992993021901432,絶対手に入れる
0.7175312856823687,服とかじゃ無くてラーメンなのほんとに好き流石hikakin
0.6992993021901432,売り切れちゃったからまた買いたいなー
0.7190231065259892,勝手に報告だとばかり思ってたから予想外すぎたけどヒカキンさんのyoutuberとしての夢とは別の夢が叶って本当に嬉しい
0.7162416353784469,夢叶ったというより叶えたの凄い買います楽しみ
0.6992993021901432,絶対うまいやん買うか本当におめでとうございます
0.6992993021901432,0個ずつ買いたいなぁー
0.6992993021901432,本当におめでとうございます元気出したい時にたべよっと
0.7207637651567061,新手の情熱大陸みたいなバラエティかと思った
0.718249266757077,だからラーメンダーツとかやってたんだね好きなものを本気にできるのって本当に尊敬できる
0.7100672605320179,おめでとうございます海外にいるので今直ぐ食べれませんが帰国したら食べたいですどんな味か楽しみ
0.7281059483215496,この人はマジで凄すぎるよ
0.7175312856823687,これ作る為に0年の新曲出さなかった説
0.6992993021901432,美味しそう発売日楽しみです
0.6992993021901432,食べたいー
0.7161714108059016,しょうもないとか言ってる奴ら人の夢を0文字で片付けるなよhikakin本当におめでとうこれからも一生ついていくわ
0.6992993021901432,わかりみが強いですラーメンは人生です必ず買います
0.6992993021901432,本当に楽しみです絶対食べます
0.6992993021901432,セブンイレブン無いから食べれないつかセブンイレブン見つけたら入って絶対買う
0.7239723116702679,美味しそう自分の作品にこんなに自信もてるのかっこい早く食べたいなあ
0.6992993021901432,絶対買ってやる
0.7151174420069828,まずyoutubeを0年間休まずにやってるのだけでも凄いのにyoutubeをやりながら他の夢を実現させるためにも全力を注いで頑張るヒカキンさん本当に尊敬します
0.7091625182771348,僕の夢は記憶がある時に東京に行く事でしたヒカキンと共に夢を叶えられて嬉しいです
0.6992993021901432,おめでとうございますとても美味しそうでアメリカでも買えたら嬉しい大ヒット商品になって海外進出もできますように
0.6992993021901432,絶対食べる
0.6992993021901432,体質がらラーメン小麦粉が食べられませんがメシも出してくれたなんて心から応援いたします
0.7314340077352529,そのうち袋麺も出してくれ
0.6992993021901432,夢を叶えようと努力して叶えるってすごいことだと思う
0.7095952169555984,両方買いましたカップ飯美味しすぎてリピート確定です明日はラーメンの方も食べてみます
0.7162416353784469,hikakinまじでかっこいよ夢を叶えていくその姿尊敬
0.6992993021901432,うわ美味しそうすぎる絶対買う
0.7252362753645842,もう一つの夢だったかっこよすぎ
0.6992993021901432,つよぽん絶対に0月0日買ってみようかな超美味しそうだね
0.7105842029824186,夢を叶えられるって凄い事だな自分の好きな食べ物を商品として出せるなんて凄い
0.6992993021901432,めっちゃ美味しそう•0つとも買います
0.7091625182771348,ヒカキンさんは下積みがすごいからこまで有名になって夢が叶ってくれるのはこっちも嬉しい
0.7239723116702679,ラーメン美味しそうですけどめそらーめん食べれないのでしょうゆとかでもいので食べたいです
0.7141298435350044,カッコよすぎる絶対に買います味噌ラーメン好きなので早く食べたいです
0.6992993021901432,食べたーい
0.6992993021901432,上手くいくか失敗するか分からんが絶対食べるわ
0.7168636915630502,誰でも手に取れる価格帯ってのもありがたい必ず買って食べますそしてみんなのコンビニ紹介気になりますね
0.6992993021901432,もー映画にしていぐらいすごい
0.6992993021901432,食べたーい
0.7053417309028698,これだけ魂込めて完成させたラーメン本当に凄いです発売日に近所のセブンイレブンにも並ぶかな田舎だから地域差ありそうですよね見付けたら絶対食べます楽しみです
0.6992993021901432,セブンないんよなー生協かイオン系列で売ってたら買う
0.7190061716902032,勝手に期待しといていざ発表した時文句言うのは違うだろ素直におめでとうでいでしょ
0.6992993021901432,号泣してしまいました本当におめでとうございますかっこいです発売されたらセブンにいきますね
0.6992993021901432,本当にヒカキンさんはthe努力って感じがする
0.7151174420069828,カップ飯大好きなので凄く楽しみです発売日にセブン直行します
0.7228116945464426,これもいわゆるyoutube界の既得権益だな
0.7141298435350044,自分の夢を追うという事は凄く良い事とだと思う
0.6992993021901432,すごく食べてみたくなりました見かけたら絶対に買って食べます
0.6992993021901432,両方とも必ず購入しますっ発売日が楽しみ
0.6992993021901432,絶対買う
0.6992993021901432,ずっと夢を追い続ける姿痺れます
0.7141298435350044,カップメシの方0食目からはチーズ入れて食べてみたい
0.7052645798117438,この機会で思ったけどヒカキンさんが存在してないどyoutubeがつまらなくなったヒカキンさんが活動休止してから少し寂しく感じた事があった私はヒカキンさんを0年前くらいからしか見てないけど本当にい人なのは分かる誰よりも長生きして欲しいヒカキンさんにどれだけ救われたか本当にありがとうございます
0.6992993021901432,えすごい買いに行くーおめでとうございます
0.6992993021901432,うわぁあすごいよかったね絶対食べる夢に向かって全力で頑張る姿心から尊敬します
0.7111526769325702,ヒカキン完全こだわりのラーメンならいけど味的に元のラーメンをちょっと変えただけならわかんないなーラーメンに関しては厳しい世界だからヒカキンってだけで売れると思うけど美味しくなかったら売れなくなると思うけど人それぞれの好みだからわかんないけど
0.7252362753645842,今までの様挑戦を経てたどり着いたラーメン食べるの楽しみです
0.7190231065259892,味もこだわってそうちゃんと美味しそうなので期待
0.7141298435350044,発表するまで0分もからないの流石ヒカキンって感じして好き
0.6992993021901432,深夜に見なきゃよかった美味しそうすぎる味もそうだけどhikakinがラーメンと一緒に色乗り越えてきた想いを聴くと自分もそういう日に食べたいと思った楽しみ初日買います
0.7228116945464426,夢を叶えるその力凄すぎです尊敬
0.6992993021901432,食べたーい
0.6992993021901432,私もラーメンが大好きでとても共感できました
0.7281059483215496,他のあじもつくってほしい
0.6992993021901432,シンプルに凄い本当に頑張ったんだなって尊敬できますね
0.7132560305053598,味噌ラーメン味のカップ飯は売ってないからめちゃくちゃ嬉しいです絶対買います
0.6992993021901432,hikakinさんにほんとに元気貰ってますし尊敬してます0ヶ月入院して大変ですが退院したら絶対食べますψ
0.6992993021901432,めちゃ早く食べたい
0.6992993021901432,同い年で一番尊敬と安心感がある人柄ですラーメン発売おめでとうございます当日買いに行きます
0.6992993021901432,すてき食べたい
0.7151174420069828,ただ発売するのでなくラーメンに助けられた感動的なエピソードがあるのがやっぱりヒカキンさん神だなって思う
0.7201525438365869,凄くこだわって作ったのもあってめっちゃ美味しそうちなみに白味噌派なので尚更食べたーい開発中大変そうだったけどもヒカキンさんがとてもキラキラして少年のようでした長年の夢のひとつの実現おめでとうございます発売を楽しみに待ちたいと思います
0.6992993021901432,嬉しいそうに紹介してるhikakinさん見てるとこっちまで嬉しくなります発売日絶対買います
0.6992993021901432,再販楽しみ
0.7349549711580174,夢って叶うのね
0.7032137509891178,発売日から毎日セブンを巡っていますがまだ買えていません勇気を振り絞って店員さんに次いつ入荷するか聞いてみたら今後入荷予定はありませんと言われてしまいました再販されないのでしょうか食べたかったです泣
0.7332133692524772,この人はたった一週間の休みのために盛大にみんなのことを考えてるんだなこの人こそ本物の聖人だ
0.7069170664348203,ラーメンメシめちゃくちゃ美味しそうなので買って食べて見たいと思います夢を現実に叶えられて良かったですねおめでとうございます
0.6992993021901432,めっちゃ美味しそう絶対買う
0.6992993021901432,たべたーい
0.6992993021901432,すごい興味あるラーメン0年間とは凄いですねでもほんとに何もしない期間を作って欲しいです
0.6992993021901432,努力が凄すぎて俺も頑張ろう
0.7151174420069828,まじでこの人超えるユーチューバーというか人としても中いない笑
0.7215423810795977,学生だからyoutuberとかが出すものって高いけどhikakinさんは学生の気持ちも考えてくれたのか0円という化学でこだわりのラーメンが食べれるのは楽しみです友達と買いに行きます
0.6992993021901432,これは売れる口角が上がる感覚わかりますさっそく0日からセブン見てきます
0.7117806622135299,無事に買えた結構残ってたので友達と買った0人で喜んだ
0.7228116945464426,最初のオープニングをhikakintveveryekでも許される
0.6992993021901432,これは絶対美味い
0.7083971310975832,0時間で0万再生超とはどれだけヒカ様の復活を心待ちにしてる人が多いか分かる
0.7051893697108341,おめでとうございます0年間も私達の事も考え食べやすく美味しそうなラーメンを作って頂きこちらも凄く嬉しいです0月0日が凄く待ちどうしいです‪̖́
0.6992993021901432,マジで楽しみ
0.6992993021901432,応援しとるで絶対買うわ
0.6992993021901432,いつでも好きな事に全力なヒカキンさんやっぱり好きだなぁ
0.6992993021901432,姉も食べたいて言ってた絶対買います
0.6992993021901432,どんな報告でも応援してます
0.7228116945464426,とても美味しかったですもやしの食感すごかった
0.7228116945464426,映像ヒカキンが作ってるの何気に凄い0
0.6992993021901432,ファミマローソンでも販売して欲しい
0.7141298435350044,hikakinさんのラーメンに対する本気が伝わりました発売が本当に楽しみです
0.6992993021901432,スープと麺が美味しかった今からまた買いにいきます
0.6992993021901432,感動をありがとう久ぶりに涙したよこういうことなんですよ
0.6992993021901432,すごいおめでとうございますセブン行けた時にあるといな
0.6992993021901432,これは売り切れなるだろうなー買いたい名言食べ終わったら容器は綺麗に保存だほんと美味しそうで
0.6992993021901432,報告長すぎて校長先生かと思っちゃった
0.7050444873369387,完成おめでとうございます発売楽しみですラーメンは豚骨とかが人気が多いですがそこを味噌でくるところがたまらないしかもニンニクいり最高楽しみにしてますあちこちのセブン巡りしよ
0.6992993021901432,普通に美味かった
0.7083971310975832,夢を叶えることも凄いけど夢が叶う方の瞬間を共にできることは一視聴者としてとても喜ばしいです
0.6992993021901432,おめでとうございますたくさんたくさん売れますように
0.6992993021901432,hikakinさんみたいな色んなことに夢を見てチャレンジできる人になりたいと思った
0.6992993021901432,うぅえーんアタチも食べたい
0.7141298435350044,hikakinの凄い所はラーメンとカップ飯を両方しっかり食べてるところ
0.6992993021901432,美味しそう食いてぇー
0.6992993021901432,0年前からbgmも変わってない純粋にビロガーで商品紹介をしてたヒカキンと何も変わってない最高なyoutuberだわ
0.7228116945464426,hikakinの夢が叶って本当に良かった
0.7207637651567061,0年かん両立しとるのすごすぎます
0.6992993021901432,ちょっと高いけど絶対買う
0.7111526769325702,めっちゃうまいですラーメンとカップメシどっちもちょうどいニンニクの感じでこだわりが伝わりました
0.7124778356755356,hikakinさんの作られたラーメン美味しそうで食べたいなと思いました
0.6992993021901432,あまりにも本気すぎて勝手に感動した
0.6992993021901432,めちゃくちゃ美味しかったです
0.7105842029824186,hikakinさんが美味しく食べてるのを見ると発売が待ち遠しいし早く食べてみたいー
0.6992993021901432,見てるだけで腹減ってくるわ
0.6992993021901432,hikakinさんは安心して一生推せる発売が楽しみ
0.6992993021901432,俺も初めて食べた食べ物ラーメンだから思い出があるぜ
0.707896352354659,正直こが僕一番見ていただきたいんですけどっておっしゃってますが自分の好きな人の夢が叶う過程を見せていただけるなんて光栄でしかないから見るに決まってますラーメン見かけたら絶対買います楽しみにしてますね
0.6992993021901432,是非食べてみたいヒカキンさんをずっと支えていたラーメンこだわり抜いた一杯を食べて元気を貰えるといなぁ
0.7141298435350044,おめでとうございますまさかの誕生日に発売絶対買います早く食べたいです
0.6992993021901432,インスタで見ましたラーメンとカップ飯絶対食べますψ
0.6992993021901432,同じラーメン好きとしてこまでやるhikakinさんを尊敬するラーメンうまいよね
0.7252362753645842,麺の硬さが気になって
0.7190231065259892,終始テンションが高くてどれだけ嬉しいのか分かる
0.7124778356755356,コンビニで売ってくれるのはありがたい味噌ラーメン普段食べんけどhikakinさんのラーメン食べてみたいと思いましたこれからもずっと応援しますがんばってください
0.6992993021901432,夢を叶えられて良かったですねおめでとうございます諦めなければ夢は叶うセブンで出会ったら買います
0.6992993021901432,絶対買う
0.7175312856823687,おめでとうございます私もラーメン大好きなので楽しみ過ぎます
0.6992993021901432,待って今食べてたら蓋当たりあった
0.6992993021901432,頼む復活にしてくれ皆あなたを待ってるんだよ
0.7297176956138196,0分ぐらいのい感じの曲は心響shionです
0.7228116945464426,自分の夢を叶えられる人がいてその瞬間を沢山の人と共有出来るのはhikakinだからですねおめでとうございます自分のやりたい事を本当に達成出来るのを証明してくれた貴重な人です
0.6992993021901432,誠実で好き
0.6992993021901432,朝一買ってセットで食べましたどちらもすごく美味しかったです味噌ラーメン好きな方には本当におすめです
0.7190231065259892,食べたいのに何処も完売で売ってないよー
0.7105842029824186,なんかヒカキンさんって自分の節目とかにいつも誰かの為にやる事ばかりでyoutubeを始めた頃から芯とか根本が全く変わらないんだろうなと泣きたくなる
0.7314340077352529,味噌ラーメン大好きなので楽しみです
0.7207637651567061,ヒカキンさんの人生って夢あって好きすぎる
0.7190231065259892,hikakinさんの一生懸命作ったラーメン食べてみたい
0.6992993021901432,復活おめでとうございます最高
0.7151174420069828,他のラーメン作ればいと思うな例えばしょうゆきんしおきんとんこつきんとか作ればいじゃない
0.7132560305053598,自分が好きなものを自分が満足するまでつきつめて作れるって素敵
0.7190231065259892,これが自分の誕生日に発表されて嬉しい
0.6992993021901432,色考えていることが好感持てるまだまだたくさん好奇心いっぱいワクワクしかない
0.6992993021901432,絶対食べなきゃ
0.6992993021901432,おめでとうございますとても美味しそうなラーメンですね早く食べてみたいです
0.6992993021901432,絶対買う
0.6992993021901432,मुझेनहींपताआपक्याकहरहेहोपरआपजापानकेसबसेबड़ेyoutubecreaterहोबधाईहोआपको।नमस्तेजापानnamastejapan
0.7100672605320179,字も綺麗なところまで本当にヒカキンさんの才能にびっくりですこれからもずっと応援してます
0.7141298435350044,味噌ラーメン大好きだし大好きなhikakinが作ったラーメンなのが最高
0.7233796590998479,私も同郷なのであのミサのガツンと感のある味噌ラーメンは脳に刻まれてます笑おめでとうございます楽しみにしています
0.7175312856823687,ヒカキンさんの努力は本当にすごいこれからも頑張ってください
0.7190231065259892,味噌ラーメン苦手なので醤油か塩も作って下さい
0.6992993021901432,夢を叶えられるってこんなに幸せなんやなー
0.6992993021901432,本当に楽しみにしてますカートンで買いたいです
0.7252362753645842,夢を現実にするのカッコい
0.6992993021901432,ラーメンご馳走さまです美味しかったですyoutube活動もやりつ色な準備ができる体力とか努力とか尊敬します
0.6992993021901432,おめでとうございます楽しみです絶対に食べます
0.7095952169555984,売り切れてました店員さんに聞いたら製造はもうないって言ってたので食べられないかも
0.7071734341404673,もうすまんけどhikakinさん超えるyoutuberはほんとにいないもう俺が決めたこの人は人としてもyoutuberとしても最高って感じで大好き
0.6992993021901432,感動しました
0.6992993021901432,ほんとにうれしそうつたわってきます東京に行ったりせずセブンで買えるなんてヒカキンさん本当にありがとうございます
0.6992993021901432,なんか感動する
0.7175312856823687,まっすぐで真剣で真摯でやっぱりヒカキン大好きヒカキンの夢が叶って嬉しいラーメンもカップメシも食べるの楽しみ
0.6992993021901432,絶対食べますね
0.7190231065259892,別にヒカキンさんファンではないけどこの人の努力凄いと思うあと普通にラーメンうまそう
0.7168636915630502,まってまさかのみそめし美味しそうすぎるヒカキンのことだから本当にこだわって作ってくれてるはず絶対食べまーす
0.7192945102537496,このラーメンを同じように元気が無い時腹ペコの時ヒカキンさんの話を思い出しながら食べたいと思いますインフルエンサーの方で夢を叶えたと聞いてこんなに本当に良かったこまで長い道のり努力と信念つらぬいたんだなって感動したのは初めてかもです
0.6992993021901432,習字普通に上手い
0.6992993021901432,好きだったラーメンを作るなんてすごいな
0.7162416353784469,おこぷれで知りました美味しそうなので絶対食べます
0.7151174420069828,世界の紛争を全て根絶しましたとかでもhikakinなら許せる
0.7095952169555984,絶対買いますhikakinさん素敵です休んでないですよそれみんなのために頑張ってるとか尊敬です
0.7162416353784469,今までと全く違うトーンのヒカキンさん感動しました
0.7314340077352529,いっそのことラーメン店作りそう
0.7100672605320179,おめでとうございますセブンでかえるの有り難い元気がない時に私もヒカキンラーメンでパワーもらいます✾
0.7066768052061043,息子達と食べましたスープめちゃくちゃうまい酒粕の香りがします息子は今まで食べたラーメンで一番うまいと言っていました
0.7162416353784469,ポイントつける側からつけられる側になったの凄すぎ
0.6992993021901432,感動しました
0.7111526769325702,味噌ってのがいですね食べてみます次あれば豚骨も期待してます
0.6992993021901432,楽しみにしてる笑すぐ売り切れそうだね
0.7190231065259892,やはりラーメンは僕たちにとって最高なものですよね
0.7162416353784469,セブンに行けばあるのよね売り切れるかな買いに行こ
0.7302794491193507,夢を叶えるために発表の映像も本気で作るの流石youtubeの神
0.6992993021901432,hikakinから溢れ出る優しさに泪がでる
0.7297176956138196,ケースで予約しました来るの楽しみ食べるの楽しみ
0.6992993021901432,美味そうー絶対買います
0.7281059483215496,ストーリーマーケの事例として勉強になる
0.6992993021901432,改めてすごい人だなと思った
0.7190231065259892,グッズ系じゃなくてラーメンメインなのが個人的に嬉しい
0.7141298435350044,わーいぇーいおめでとうございますコンビニで買えるの嬉しいです楽しみー
0.7100672605320179,買いましたすごく美味しかったですラーメン屋のラーメンより美味しかったです≧≦ありがとうございますたくさん食べます
0.6992993021901432,手に入れ増したマジで嬉しいです
0.7228116945464426,hikakinさんの元気が出て嬉しく思います
0.6992993021901432,早速それぞれ0つずつ買いました人気すぎて売り切ればかりで何店舗も周りました笑
0.7175312856823687,0時間で0万再生に迫るのはさすがすぎる
0.7083971310975832,発売決定おめでとうございます0月0の発売日に0つとも買いますこれからも応援してます頑張ってください
0.6992993021901432,めっちゃ美味しかったです
0.6992993021901432,地元に味噌吟とゆうラーメン屋がある
0.7077413939475011,初コメどのyoutuberが食レポしてくれるんだろう忖度なしで私的にはサッポロ0番味噌ラーメンを越えるかどうか
0.7228116945464426,ヒカキンが青色の服着てると嬉しい
0.6992993021901432,しょうもないって言われても夢を叶えられることはすげーよ
0.6992993021901432,hikakinさんって本当にかっこい一生尊敬できる
0.6992993021901432,0日まで待ちきれない私もラーメン大好きです本当にすごい行動力だよhikakinさんおめでとう
0.7228116945464426,0発売なのに0製造終了完売とセブンの店員に言われました
0.6992993021901432,とっても美味しかったです
0.6992993021901432,探してるけどマジで無い人気ありすぎ
0.7168636915630502,本当に今までずっとみていたのできっとhikakinさんならみんなをワクワクさせるご報告なのかな
0.712119917670707,ヒルクライムのライブで初めてヒカキンさんを見て知ってあれからもう何年も経ってるけど今では今でもヒカキンさんtocさんの大ファンです
0.6992993021901432,バイト終わりに速攻買って食べました凄く美味かった
0.6992993021901432,早く食べたい早く発売しないかな
0.7162416353784469,また新しい夢の実現を期待してます頑張ってください
0.6992993021901432,食べたくてウズウズ
0.6992993021901432,予想外だったけどこれは絶対買う
0.6992993021901432,すごいおめでとうございます絶対買って食べる美味しそうかっこい大好き
0.7074475753771785,いつもはhikakin面白いなぁって感じで見てたけど今回のhikakinはカッコイやっぱり夢を実現できる人はカッコイです
0.6992993021901432,美味そう
0.7091625182771348,ラーメンの味で味噌が0番好きだからめっちゃ嬉しいしかも安い買うしかないなヒカキンさんありがとうそしておめでとう
0.6992993021901432,美味そうだなぁそうに決まってる
0.7168636915630502,濃厚味噌ラーメンが税込で0円なのなぜかひかきんの優しさ詰まってるような感じがしてすき
0.6992993021901432,早速食べました絶妙なバランス美味しかったです0年間試行錯誤された甲斐があったと思いますごちそうさまでした
0.6992993021901432,父に0年育てたアロエ捨てられてショックだったけどなんか元気出た
0.7297176956138197,食べるの楽しみ
0.7095952169555984,0月0日なのに店に並んでて買って食べてみましたとてもおいしかったです
0.7141298435350044,普通にい話なんだけど恩師を紹介するかのようなテンションでラーメンについて語ってるのなかなかにシュールで笑った
0.6992993021901432,本当におめでとうございます本当においしそうにすりますねごはんもとっても美味しそうです
0.7162416353784469,コンビニで買えるのが嬉しいです夢を叶えるってすごいです
0.6992993021901432,一キロ近く探し続けてるけどまだ全部売り切れだよ
0.6992993021901432,控えめに言っても神
0.6992993021901432,醤油キンも欲しい
0.7217451922030086,0番びっくりしたのがhikakin様の書道が想像以上に上手かったこと
0.7074475753771785,夢を叶えたいことを叶えるhikakinさん本当に凄い息子もラーメン大好きなので発売されたら即購入して食べますね
0.7252362753645842,hikakinさんの血のにじむような努力が伝わってきますわ
0.6992993021901432,中野来たら札幌ラーメン味七上手いから食べてみて味噌ラーメン
0.7073081700930486,キン兄弟がラーメン大好きなのをずっと見てきたからこれほど信頼における商品はないと思ってます絶対食べたい争奪戦になりそうなのでゆっくり手に入れますね笑一つ夢を叶えること本当に素晴らしいし勇気をもらえますおめでとうございます
0.6992993021901432,プルが過去一気合い入ってる
0.6992993021901432,ヒカキンは本当に充実してるなぁそうに決まってる
0.7195730455005198,サムネ変えるところとかさすがだなと思う常youtubeのご報告サムネには嫌気がしているので発売まであと0日たのしみー
0.6992993021901432,あと少しで再発売されるから見に来た人
0.7105842029824186,小麦アレルギーだからご飯あるの嬉しいお母さんにラーメン食べてもらおうヒカチャンよかったね
0.7252362753645842,コンビニで買えるのはいですね
0.6992993021901432,ラーメンでまさかこんなに感動させられるとは思わなかった
0.7117806622135299,これは招き猫キンがでるまで食べたいと思います自分もラーメン大好きなので
0.6992993021901432,ミサは小さい頃行ってたな玉ねぎ甘めで味噌と合う懐かしい
0.6992993021901432,おいしそう
0.7207637651567061,美味しかったです次の新商品待ってます
0.7147743010882273,何かヒカキンクラスが初の商品開発って凄いな普通もっと格下のインフルエンサーでも出してるのにそれだけ慎重に製作してたって事かなこれはさすがに食べてみたい
0.6992993021901432,hikakinってほんとすげーわまじで尊敬
0.6992993021901432,わぁー夜中に再生してラーメンクッソ食べたくなったー発売したら買います0月0日楽しみ
0.7131719204340693,一週間お休みしてまあ当たり前だなと思ったら頑張るためのお休みだとはさすがすごすぎるちょっとはお休みしてくださいね長文失礼しました
0.7066768052061043,hikakinさん0週間を準備に費やしたならあともう一週間休んでから再開すればよかったのにマメな人だなぁ買ってみたい
0.6992993021901432,めちゃ美味しそう
0.7087644812616245,お休み頂いてありがとうございますって上の立場になったにも関わらずほんと謙虚だよね尊敬する
0.7151174420069828,食べるのが楽しみです娘にも食べさせてあげたいです
0.6992993021901432,夢を実現することはとても難しい事を叶えるってすごいと思いました0月0日コンビニで探します
0.6992993021901432,美味しそう
0.6992993021901432,様なバラエティーヌードルも期待してます
0.6992993021901432,絶対売り切れなってるやろな
0.7098259960981063,hikakinさんってなんでこんなに私利私欲みたいなのを感じないんだろうみんなを笑顔にしたいっていう思いですごくすごくこだわって作ったのが伝わってきてなんか泣きそうになっちゃった
0.6992993021901432,おめでとうございます絶対に買って食べたいと思います本当に美味しそう急上昇ランキング0位素晴らしいです
0.6992993021901432,今日誕生日だったからなんか嬉しいです❁hikakinさんおめでとうございますそしていつもお疲れ様です❁最初は売れすぎて中買えないと思いますが買える機会があれば買わせていただきますこれからもご無理なさらずに頑張ってください
0.7349549711580174,心の中という感じ
0.7252362753645842,発売おめでとうございます食べるの楽しみです
0.7228116945464426,俺も自分の商品出せるまで頑張るわ
0.7217451922030086,youtube活動だけでも忙しいのに他の夢も叶える事が出来るヒカキンさん凄いです
0.6992993021901432,是非食べてみたいですhikakinさんがラーメン好きとは嬉しい
0.6992993021901432,夢実現おめでとうございます味噌ラーメン大好きなんです絶対食べます
0.6992993021901432,いろんなセブン行ったけど全部売り切れだった
0.726140626544829,ありがとう感動をラーメンをhikakinさんが創るラーメンやその他の料理はどのインスタントよりも美味しそう
0.6992993021901432,食べてみましたスープがマジで美味え
0.7132560305053598,0年間やって初めての休みきっといご報告だと思うまじ楽しみ
0.7098259960981063,本気で何かに取り組み頑張っている方のその夢が叶った瞬間っていなあ前向きな気持ちをありがとうございますまだ出会えていない早く食べたいあわよくば招き猫キンにも会いたい
0.7207637651567061,味噌メシの方が圧倒的に美味しかったなー
0.7252362753645842,ヒカキンさんホントにラーメン好きですね自分の好きなもので夢が叶えれるのすばらしいと思う
0.6992993021901432,くっそ美味そう
0.7151174420069828,0時間以内で急上昇ランク0位になったのがやばい
0.7089594304474,自分の好きな事ラーメンで視聴者をも一緒に喜ばせれるのってhikakinさん位だと思う幸せを独り占めせず皆んなで分かち合える形に出来るhikakinさんはやっぱり凄い絶対買います頂きます
0.6992993021901432,メンマ好きにはたまらない
0.6992993021901432,普通に美味かった
0.6992993021901432,えぐぅやっぱりヒカキンってすごい権力持ってるよねー絶対買うわ神ー
0.7228116945464426,youtuberのプレゼント企画は税金対策だよな
0.7058499452787758,このラーメン食べるために一日頑張れる日が自分にもあるんだろうなと思うと嬉しいどうにか生きてる自分でもギリカップ麺に出せる値段で嬉しい
0.6992993021901432,はよ食べたいおめでとうございます夢を叶えていく瞬間をこうやって見ることが出来て同じ時代生きれて幸せです刺激もらいました
0.7066768052061043,味噌ラーメン好きとしてとても気になる絶対買う味噌派閥にも嗜好が違う事があるからhikakinさんがどんな味が好きなのか楽しみ
0.6992993021901432,美味しすぎた
0.6992993021901432,hikakinさんは本当に凄い人なんよ
0.6992993021901432,食べなきゃ
0.7182124485251913,プレミア公開の時コメントで文句奴多すぎて悲しくなったわ素直に祝ってやればえやんけ
0.6992993021901432,美味しそうですね発売が楽しみです
0.6992993021901432,コンビニ行ったら0日早く売ってました美味かった
0.6992993021901432,どんな小さな事でも夢を叶えられるって素敵な事だよね
0.6992993021901432,みそキン必ず買いに行きます行く時間であればいけど
0.6992993021901432,必ず買います美味しそう
0.7095952169555984,初めどれだけすごいか分からんかったけど冷静になって考えたらとんでも無いことしてるの草
0.6992993021901432,絶対明日食べる
0.6992993021901432,買ってくる
0.6992993021901432,普通に食おう
0.6992993021901432,めっちゃ美味かった
0.7239723116702679,味噌ラーメンで良かった他の味だと食べないので食べてみます
0.6992993021901432,めっちゃ食べたい食べてみる
0.7314340077352529,youtuberの師匠って感じです
0.7128559662253222,まあ味の好みとかって人それぞれだけどさこれを食べてあおるやつの気持ちがわからないんよねただただ妬みでしょって思ってしまう
0.6992993021901432,カップ飯派でしたどっちも美味しかったです勺
0.6992993021901432,ほんとにすごい
0.7228116945464426,小麦アレルギーあるからご飯あるのはありがたい
0.6992993021901432,そんなことだろうと思ったコンビニ行って買いますねー
0.6992993021901432,絶対買いにいくー
0.6992993021901432,ラーメンとメシ両方食べました確かに元気を貰いました
0.6992993021901432,絶対買う
0.6992993021901432,応援したいから買う売り切れちゃうかなあ
0.6992993021901432,ガチこれ美味すぎ
0.6992993021901432,買えたぁ
0.6992993021901432,なんか福くんが仮面ライダーになるって夢を叶えた時くらい勝手に感動した
0.713535862600929,増産お願いしますまだ食べられてないです味の好みは人によって違うのでネットでまずいとか言ってるのは気にしないでいろいろ作ってほしい食べられる日を楽しみにしています
0.6992993021901432,なんかhikakinさんはyoutuberで成功してるからとかそういう妬み全くない努力が実った人だなぁって見れる
0.6992993021901432,食べたい
0.6992993021901432,絶対買いに行きます
0.7117806622135299,やたぁみそめしはあったので買いましたラーメンは売れ切れて無かった
0.6992993021901432,シンプルにバカ美味そう
0.6992993021901432,絶対買う
0.6992993021901432,セブン少し離れてるけどhikakin大好きだからセブン行こ
0.6992993021901432,これに救われ励まされた人間がまた新たな物語を紡ぎ出す
0.6992993021901432,それでも人工甘味料入ってる
0.7124778356755356,矛盾がいま話題になってますねyoutuberやってなかった時の件
0.7239723116702679,これがヒカキンがの視聴者側へのドッキリだとしたらマジで笑える
0.6992993021901432,本当に美味しかったです
0.6992993021901432,美味しそう食べたい
0.7162416353784469,0時間で0万再生やはりyoutubeの王だったか
0.6992993021901432,食べたい
0.7077413939475011,僕もラーメン大好きです僕もラーメン作ってみたいなあ田舎なので買えないですけど旅行った時買いますね
0.6992993021901432,なんかもう嬉しい泣ける矢部
0.6992993021901432,夢かなえる凄い
0.6992993021901432,めっちゃ美味かったです
0.6992993021901432,緊張するなでも最大限応援します
0.6992993021901432,みそるから来た人
0.7141298435350044,はじめてヒカキンさんのラーメンを買いに0店舗行きましたけどご飯の方がなくてラーメンを食べたらくやしいけどおいしかったです
0.7105842029824186,おかんがラーメン出すかなんかの商品ちゃうん言うてたんマジで当たってんやけど笑
0.6992993021901432,防災用で0年くらい持つ長期保存版も欲しいです災害時に食べれたら心が和むでしょう
0.6992993021901432,信頼がやばすぎて買おうって自然と思った
0.6992993021901432,めっちゃ美味しかったです
0.7190231065259892,くるりのラーメン好きってずっと言ってたもんね
0.6992993021901432,い報告であってほしい
0.6992993021901432,高い甘い買えないそんな印象だったなぁ
0.6992993021901432,普通に習字上手い笑
0.6992993021901432,なんな涙出てきた夢って叶ったら凄いよなぁ
0.7364304566361813,嬉しいけどこの人の休み少なすぎ
0.6992993021901432,あそひかりラーメン作りたいです
0.6992993021901432,0日か0日にって言っていてしっかり0日にあげてくれるところが本当流石すぎる
0.6992993021901432,食べたい
0.6992993021901432,美味しかった
0.7207637651567061,一週間休むのが夢でしたとかでも納得
0.6992993021901432,頑張ったね購入してみますね
0.6992993021901432,ほんとおもろいな
0.6992993021901432,なんかhikakinが幸せそうで私もうれしい
0.6992993021901432,後半ドキュメンタリーみたい素敵
0.6992993021901432,買うことができるとは言ってない
0.6992993021901432,ラーメン美味しかったです
0.6992993021901432,サムネめっちゃい
0.6992993021901432,塩ラーメンだとしおきん豚骨ラーメンだとんきんじゃあ正油ラーメンだとせいきんになる
0.6992993021901432,絶対買いに行きます楽しみにしています
0.6992993021901432,蒙古タンメンがライバルかな辛いバージョンも出して下さい
0.6992993021901432,hikakinが生きてる時代に生まれてこれて良かった
0.6992993021901432,どっちも美味しかったです個人的には飯派でした
0.6992993021901432,じゃあ次は卵とネギを使ったラーメンを作ってください
0.7162416353784469,久に見たらソファの人形がヒカキンだらけになってる
0.6992993021901432,両方とも食べました美味しかったです
0.7162416353784469,当たりでたらせめてtシャツとかあげたら良いのに笑
0.6992993021901432,遂に報告来ましたか何かワクワクしちゃう⁠≧⁠≦⁠
0.6992993021901432,絶対に買う
0.6992993021901432,うまそー
0.7281059483215496,セブン店員のわい納品まで待ちきれない
0.6992993021901432,ついに今日発売か
0.6992993021901432,セブン店員だから買おー
0.7207637651567061,ずっと商品紹介してとうとう自分の商品ができたんですねおめでとうございますセブンのオーナーなのでたくさん発注しますね
0.6992993021901432,久しぶりにhikakinpoint聞けて良かった
0.6992993021901432,めっちゃ美味しかったです息子も喜んで食べてましたありがとう
0.6992993021901432,こんな素敵な人本当に居ないしもうほんと大好き頑張ってほしい
0.6992993021901432,両方食べました最高に美味い箱買いしました
0.6992993021901432,色んな人が先走った噂を流して嫌だったけど0月0日が楽しみでも抗がん剤治療中で退院まだから退院したらすぐ買いに行く
0.6992993021901432,聞く前から嬉しくてドキドキする
0.6992993021901432,どんな報告かめっちゃ楽しみ
0.6992993021901432,美味しかったです
0.7228116945464426,一時期すごい太ってた時あったけどラーメンの味作ってたのか
0.7332133692524772,ファミマの札幌味噌の方が美味かったわ
0.7190231065259892,ラーメン好きならなんでアセスルファムカリウム入れたのかが疑問
0.6992993021901432,突然国家転覆やぁりましょうとか言われてもヒカキンさんなら株上がりそう
0.7124778356755356,思ったんだけどヒカキンボックスってヒカキンプレミアムの商品じゃないんかな
0.7095952169555984,しょーもなとか言ってる人の夢をそう思うことがしょーもないと思うよ
0.6992993021901432,なんか当たった
0.6992993021901432,食べました美味しかったですまた食べれることを楽しみにしてます
0.6992993021901432,まじで気になるどんな結果でも応援してます
0.6992993021901432,味噌ラーメンは普段あまり食べませんが流石に買わずにはいられません0日セブンに走ります
0.6992993021901432,どんな報告かなどんな報告でも神回だ
0.6992993021901432,食べたい
0.6992993021901432,絶対買う
0.6992993021901432,普通に買うわ
0.6992993021901432,買いました美味しかったです
0.7162416353784469,これは売り切れで買えなくなるないつ食べれんのか
0.6992993021901432,次は濃厚豚骨でお願いします
0.6992993021901432,えーすご自作やば
0.6992993021901432,品切れしまくってる未来が容易に想像できる笑
0.6992993021901432,普通に美味しそう
0.6992993021901432,あたしもラーメンは大好きです楽しみにしてます
0.7314340077352529,ヒカキンの元気な姿が見られるのは嬉しい
0.7207637651567061,この人ほど純粋な人おらんと思う
0.6992993021901432,もやしが入ってるって珍しくね
0.6992993021901432,第二弾は天かす入り担麺でたんたんたぬきんなんてどうでしょう笑
0.7141298435350044,ドラゴンボールの一番くじ買いに行ったらたまたま売って食べたらめっちゃ美味かった
0.6992993021901432,マジで気になって夜しか寝れなかったから楽しみだわ
0.6992993021901432,絶対買います
0.6992993021901432,これは絶対買う
0.6992993021901432,人気出過ぎて売れ切れなってそうだから早めに買いに行こ
0.7228116945464426,感動するなぁヒカキンさんの夢が叶ったの本当に嬉しいなおめでとうございます
0.6992993021901432,買いたいけど売り切れてそう
0.7281059483215496,ヒカキンのラーメンめっちゃおいしかったです
0.7207637651567061,セブンイレブンの社員誰も情報漏らさなくて草
0.7228116945464426,今回のやり方は常識的にグレー過ぎるぞ
0.6992993021901432,絶対に買います
0.718249266757077,しょうもなってコメントちょくちょくあるけどこれのどこがしょうもないのか説明して欲しい笑
0.6992993021901432,買えたぜ
0.7228116945464426,今日の朝買ったスープが美味しかった
0.7151174420069828,何かとドキドキするけどヒカキンさんの夢が叶うんだったら嬉しい
0.6992993021901432,現在イギリスに住んでいますが両親に頼んで送って貰います改めておめでとうございます
0.7314340077352529,ちょっとうまそうなの草
0.6992993021901432,どんな結果でも大好きだよ
0.6992993021901432,美味しそう
0.7252362753645842,生姜感が強いと感じたのは気のせいですか•
0.6992993021901432,ヒカキンは期待を裏切らない
0.6992993021901432,早く食べたい売り切れで姿形すらない
0.7146081174991301,0万個は売れるだろうねってなるといくらの儲けなんだろヒカキンに0億くらいは入ってくるのか
0.7091625182771348,セブンイレブンのオーナーやってますおそらく特発で発注上限かると思いますが上限いっぱい発注させてもらいます
0.7175312856823687,ちょっと高いなその値段ならおにぎりと揚げ物買うってなる
0.6992993021901432,もう絶対買うんだけど
0.7175312856823687,これからこちらの新商品のpop作りをさせていただきますセブンイレブン社員です売り切れそうわたしも食べます
0.7190231065259892,友達と今度買いに行くらしいので俺も買う
0.6992993021901432,やっぱり一周間はえーな楽しみ
0.6992993021901432,なかなかいないと思いますが私ラーメンが苦手なんですよそれでも全然食べることができましたhikakinさんありがとう
0.6992993021901432,絶対誰も予想しない結果で草
0.6992993021901432,こだわるなら人工甘味料とか使わないで欲しかった
0.6992993021901432,やばいクレーマーみたいなポーズ
0.7127275743869325,復帰は0日か0日って言ってたけど早い方にしてくれたのはありがたすぎますご報告楽しみです追記報告見ました発売日gじゃないのと平日ってのがまたいですね欲しすぎる
0.6992993021901432,絶対買います
0.6992993021901432,今日から発売じゃないか買えたら買うzoy
0.6992993021901432,hikakinさんが幸せなことならこっちも嬉しい気分になれる
0.7314340077352529,メシの方が美味かった
0.6992993021901432,まだなんかわからんけどおめでとう
0.7185007173307572,0年0月0年0月0日ぐらいに0年後経ってヒカキンさんの味の確認してスープの味に決まりました
0.6992993021901432,みそキン早く食べたい
0.7281059483215496,いねの数だけそれぞれ買います
0.7297176956138197,意外と字綺麗
0.6992993021901432,めちゃくちゃ美味しそう食べます
0.6992993021901432,一度は食べてみたい
0.0,面白い
0.6992993021901432,完売で買えませんでした孫が楽しみにしてました再発売お願いします
0.6992993021901432,しょうもなって言ってる奴お前らが高く見すぎただけやろ本当にhikakinさんおめでとう
0.6992993021901432,美味しそう
0.6992993021901432,ちゃんと美味かった
0.7100672605320179,hikakinの夢って俺らに想像できんよなどんな凄い事なんやろ本当に楽しみすぎる
0.6992993021901432,絶対買います夢がかなって良かったですね僕までもうれしくなりました
0.6992993021901432,明日から発売ですけどちゃんと手に入るかなーすぐ売り切れてたりして
0.6992993021901432,休むどころか働いて草
0.6992993021901432,次はおにぎりか飲み物作りそう
0.7252362753645842,ラーメンの方が私は好みです
0.7111526769325702,キター゚ーやっぱりヒカキンさんが0番だよねどんなご報告なのか気になるけどファンの皆さんには喜んでいただけるって言ってたから楽しみだなぁ
0.7358541823073252,pvのあとの真顔おもろ
0.6992993021901432,楽しみすぎて昨日から寝れんかったわ
0.6992993021901432,美味しそうですね
0.6992993021901432,本日頂きましたとても美味しかったです
0.7037346173160417,0年ほど見続けていたのですが初めてコメントしますヒカキンさんがラーメンを作ったという報告が何故かめちゃくちゃ嬉しくて幸せで発売日に絶対食べたいです幸せそうに食べるヒカキンさんを見て笑いながら泣きそうでした
0.6992993021901432,hikakinが0年かけて編み出したラーメンが上手くないわけがない絶対に速攻出たら買いに行く
0.7297176956138196,みんな触れてないけどロゴの字書くの美味すぎん
0.6992993021901432,おいしかった
0.6992993021901432,ヒカキンってすげーなー
0.6992993021901432,僕買いました
0.6992993021901432,みんなあんま触れてないけど習字上手ない
0.6992993021901432,0円くらいなら買ってた
0.6992993021901432,ラーメン最高
0.7349549711580176,ヒカキンのいつもの癖ならみそおって名付けそうなのに
0.6992993021901432,誕生日に発売嬉しいですˎˊ-絶対買うしかない
0.6992993021901432,発売おめでとうございます早速購入させていただきましたところ息子が当たりマークを出しました大きなご利益がありそうです
0.6992993021901432,バカ売れしてソッコーで品薄になりそう
0.6992993021901432,0えっ凄っ絶対に買う
0.6992993021901432,蒙古タンメン買おう
0.6992993021901432,seikinと仲良い兄弟って感じがほっこりする素敵
0.6992993021901432,当たりがでたらもう一個もらえるという機能はどうですか
0.6992993021901432,さっき買ってきたよー
0.6992993021901432,多分思ったより大したことじゃないと予想
0.6992993021901432,しおきんもほしいなんにせよおめでとうございます
0.6992993021901432,買わない訳が無い
0.6992993021901432,みそるから来ましたありがとうございます
0.7349549711580176,hikakinの夢が叶うのならいくらでも休んでいのよ
0.6992993021901432,美味しかったですー
0.6992993021901432,ポプラに買いに行っても全然売ってないんだけど
0.6992993021901432,絶対に行く待ってろよヒカキン
0.6992993021901432,めちゃくちゃ上からになるけどhikakinさんって凄いですね
0.6992993021901432,hikakinずっと大好きだから絶対食べます
0.6992993021901432,美味かったです
0.7266121327521569,ミソキンラーメンの残り汁にご飯いれたらミソキンメシにならんの笑
0.6992993021901432,絶対買う人
0.7314340077352529,おいしかったけど味噌の甘みに人工甘味料使うのはマイナス
0.7175312856823687,一年賭けたラーメン食べますね近くで買えるの嬉しい
0.6992993021901432,すげぇよヒカキンさんそしておめでとうこれからも応援しています
0.7190231065259892,甘めって事はミサに近いのかな
0.7162416353784469,ジキンは天国で笑ってるヒカキンのゆめが叶ったから
0.7141298435350044,いねの数×0個買うわ絶対いね来ないだろうし笑
0.6992993021901432,夢がついにだなおめでとうヒカキン
0.6992993021901432,0万食は確定してるな
0.7190231065259892,ずっとドキドキして待ってましたヒカキンさんの夢が叶うのなら心から応援したいです
0.6992993021901432,ヒカキンさんって本当にい人だなぁ
0.6992993021901432,めちゃくちゃ美味かったですこれからも頑張ってください
0.6992993021901432,コメ欄に既に食べた未来人いて草
0.6992993021901432,絶対買います
0.7175312856823687,ツールドフランスの奴も好きなラーメンラーメンは世界を救う
0.6992993021901432,うまそうだけど糖尿だからしばらく食えんごめんなヒカキン
0.6992993021901432,絶対買います
0.6992993021901432,こんばんは今セブンイレブン行ったら店員さんが並べてさっそく買って食べましためっちゃ美味しかったです
0.7141298435350044,おめでとうございますヒカキンさんの熱い想いがめちゃくちゃ伝わってきて感動しましたセブンさんに並ぶのを楽しみにしています
0.6992993021901432,美味しかったです
0.6992993021901432,ヒカキン習字上手い
0.6992993021901432,こんな期待したラーメンねえよ
0.6992993021901432,絶対買います
0.6992993021901432,尊敬する人物hikakinレーニンゴルバチョフ
0.6992993021901432,絶対買うしかないだろー
0.7080570736242944,ヒカキーンおめでとうこれからも応援してるラーメン買えなかったけど次hikakinプレミアムの商品は絶対買ってやるー頑張ってください
0.6992993021901432,おいしかったよ
0.7151174420069828,0日前で0万回再生えぐすぎだろ世界のhikakin
0.6992993021901432,これを見ながらカレーメシを食う
0.7049065474874845,最近買って食べてみました味噌もしょっぱ過ぎず麺はソフト具もシャキシャキして文句なかったです一応言っておきます食ってみな飛ぶぞ長州力風失礼しました
0.6992993021901432,hikakinが休んでい日にち
0.6992993021901432,そんなんたべるしかないでしょ
0.6992993021901432,美味かったです
0.6992993021901432,購入させて頂きましたとても美味しかったです
0.6992993021901432,買うね
0.6992993021901432,おい休めよラーメンは食っとくから
0.6992993021901432,0月0日絶対見つけたら絶対買いに行く
0.7371261870290756,この調子でしょゆきんとしおきんとんこつきんもだしてくれ
0.7049065474874845,ラーメン本当に大好きですhikakinさんをずっと前から見てきました小学生だったけれど今はもう高校生で大学受験に向けて勉強しいます勉強のお供として食べていきたいです
0.7132560305053598,母親が買ってくれたので夕飯にお惣菜と一緒にいただきます
0.6992993021901432,ヒカキン開発とか向いてそう
0.6992993021901432,視聴後いや休んで無いやん
0.6992993021901432,買いました
0.6992993021901432,ねつ伝わってきましたおめでとうございますぜったい食べます
0.7117806622135299,ヒカキンさんおめでとうございますラーメンへの熱い想いが伝わってきました本当に美味しそうで今すぐ食べたいです追記沢山のグッドボタンや返信本当にありがとうございます
0.7207637651567061,セブンイレブン以外のお店でも売れますか
0.7051893697108341,近所のセブンイレブン0店舗回りましたけど売り切れでした店員さんに確認したら問い合わせもたくさんきていて入荷するとすぐ売り切れるそうです自分も見かけたら購入します
0.6992993021901432,ヒカキンあんたやっぱすげぇよ
0.6992993021901432,素敵すぎる
0.7132560305053598,hikakinさん売り切れてました食べてみたいので再販お願いたします笑
0.7217451922030086,hikakinpremium立ち上げおめでとうございますヒカキンさんの夢が叶ったこだわりのラーメン楽しみです
0.6992993021901432,まじうまかった
0.6992993021901432,売り切れだったべてぇ
0.6992993021901432,しおきんとしょうゆきんも食べたい
0.7190231065259892,一店舗0食しかないのって本当ですか
0.6992993021901432,これは食いたい
0.6992993021901432,結局休んでなかったことが判明
0.6992993021901432,めっちゃうまかったよ
0.6992993021901432,やっぱ普通なんやろ
0.6992993021901432,みそる
0.6992993021901432,おー買います
0.7252362753645842,新潟のニューミサが混むぞー
0.7207637651567061,この度わたくしヒカキン眼鏡を新調しました
0.7141298435350044,待ってこれにこの感想は失礼だと思うけど字うますぎる
0.6992993021901432,何だ神か
0.6992993021901432,ひかちゃんおめでとうございます
0.6992993021901432,体調崩して買いに行けない明後日でも残ってるかな
0.6992993021901432,これって期間限定
0.6992993021901432,それ休みじゃねぇだろちゃんと休めよ
0.6992993021901432,楽しみです
0.6992993021901432,ひかさんがふくよかになった理由
0.6992993021901432,報告が楽しみな人
0.6992993021901432,普通に美味そう
0.6992993021901432,ラーメン好きアピール多すぎて嫌味が差してくるけどめちゃくちゃうまそう
0.7175312856823687,どうせhikakin印のラーメンでも作ったんでしょ鼻ホジ
0.6992993021901432,買いに行きます
0.6992993021901432,買いますおいしそう
0.7270967919830366,ヒカキン俺このラーメン買うよサイコーじゃんyoutubeドリーム見せてきた男の夢の結晶でしょ
0.6992993021901432,hikakinさんが嬉しそうに楽しそうにして元気でるなーアレルギークリアしてたら買って食べます無理だったら誰かにプレゼントします
0.7168636915630502,oロo0わぉ0月0日の発売日私の誕生日だわセブンに買いに行きますね
0.6992993021901432,0万円てぼったくられてるよ
0.6992993021901432,ホリエモンも褒めてましたねコンビニで探しに行ってみます
0.6992993021901432,とりあえず食べまーす
0.6992993021901432,おめでとうございますかならず買いに行きま
0.6992993021901432,誕生日だ絶対買う
0.6992993021901432,みそきんくんぬいぐるみ欲しいノホスィ再販記念にもう0回プレゼント企画お願いします
0.6992993021901432,ラーメン屋に勝てるわけなくて草
0.6992993021901432,ヒカキンさんは生きる伝説
0.0,上手い
0.7349549711580174,夢の味買います
0.6992993021901432,セブンイレブンに0月0日に出るんですか買って食べて見ますね東京にラーメンやさんでやるかと思いましたヒカキンさん人気あるからめちゃくちゃ混むよねセブンイレブンに出るんだら良かったです
0.6992993021901432,食べたいけど売ってないです
0.6992993021901432,絶対買います
0.6992993021901432,ちぢれ麺がいね
0.7371261870290756,この人はすごい
0.6992993021901432,こんなん買うしか無いやん
0.6992993021901432,次はラーメンチェーンですね
0.6992993021901432,美味しかったです
0.6992993021901432,あしたからだ楽しみ
0.6992993021901432,うん神だね
0.6992993021901432,ヒカキンさん新しいラーメンを発売されるということでおめでとうござまいす発売を楽しみに過ごさせていただきます
0.6992993021901432,ラーメンゲシュタルト崩壊した
0.6992993021901432,そうなんですね僕もラーメンが好きです
0.6992993021901432,感動しました絶対買います
0.7175312856823687,youtube黎明期から変わらない安心感のあるコンテンツを続けているhikakinさんに拍手を送ります夢の取っ掛かりがかなったのでこの夢を更に大きくしていってくださいつまでも応援してます
0.6992993021901432,両方とも買えました
0.6992993021901432,ラーメンか
0.6992993021901432,hikakin味噌ラーメン作ってくれてありがと
0.0,爆笑
0.6992993021901432,うまそうだけどちょっと高そう
0.6992993021901432,売ってないし買えないし食べれないし0月まで楽しみに待ちます今度は絶対食べれますように
0.6992993021901432,むしろしょーもなでバズる目的だった説
0.6992993021901432,かっこい
0.6992993021901432,ラーメンゲシュタルト崩壊したわ
0.6992993021901432,夢を叶えるって素晴らしいおめでとうヒカキン
0.7190231065259892,美味しそうやばあ夜の0時食テロすぎぜったいたべる
0.6992993021901432,あとコーラも大好きだね
0.6992993021901432,容器だけで0円しそう
0.6992993021901432,マジでうまそう
0.6992993021901432,わたしもらーめんすきだよ
0.6992993021901432,絶対買いますhikakinさんこれからも頑張ってください
0.7111526769325702,ヒカキンさん早く食べたいヒカキンさんの人柄が皆さんが携わってれるんでしょうね
0.6992993021901432,ぼくもラーメンだいすきです
0.6992993021901432,休むとこが動いて草
0.7252362753645842,今日比較的のどかな地元のセブンで買おうと思ったら残念両方売り切れてました美味しそうなのでそのうち是非購入したいです
0.6992993021901432,楽しみ☻
0.6992993021901432,ヒカキンさんおめでとう
0.6992993021901432,美味しかったですありがとうございます
0.7108615349987952,自分の好きなラーメンをいつも見てるhikakinさんが作ってくれるとは思ってもいなかった勉強の夜食に食べます0日は朝イチでセブンに直行だ
0.6992993021901432,hikakinさんおめでとうラーメン絶対買うわ
0.6992993021901432,食べたーいヒカキンありがとー
0.6992993021901432,これくらいやろ笑
0.6992993021901432,食べたけぞどすくうはうますぎる
0.6992993021901432,下積み時代ラーメンに救われた少年ナルトやんけ
0.6992993021901432,ファン視聴者を大事にするヒカキンさんプレゼントだとかばら撒きすぎないで欲しいな
0.6992993021901432,面白いですね
0.6992993021901432,半額なら買います
0.0,だいすき
0.6992993021901432,うまかったぁ
0.7252362753645842,徳島のセブンイレブンは仕入れられてないのかな陳列場所も無い
0.6992993021901432,hikakinさん醤油味も作ってくださいお願いします
0.6992993021901432,絶対食べます
0.6992993021901432,今日0日ですがセブンで購入しましたお店でも派手なディスプレイでしたよいただきますいただきますっ
0.6992993021901432,おめでとうございます
0.6992993021901432,素敵ですね食べてみますね
0.6992993021901432,かっこよすぎる
0.6992993021901432,美味しかったヒカキンさん最高
0.7146081174991301,最近のヒカキンあるあるかもしれないけど後付けの夢っぽくてなんかねって感じこまでやる熱量とかは尊敬してます
0.6992993021901432,食べてみた人
0.7281059483215496,jalの機内食にしておいしい
0.7314340077352529,セブンにしかないのか
0.6992993021901432,ひかきんさんすごい字が綺麗
0.7190231065259892,自分の夢を叶えれて良かったですね
0.7207637651567061,荒尾のセブンイレブンでは売り切れでした残念です
0.6992993021901432,速報田舎売ってない
0.6992993021901432,売り切れで買えなかったよー
0.7105842029824186,hikakinさんの投稿全然見ないんだけどヨダレ出そうになっためっちゃ美味しそう遅
0.7124778356755356,ヒカキンさんヒカキンさんめちゃくちゃ美味かったですほんとに努力したのが伝わりました
0.6992993021901432,好きです
0.6992993021901432,醤油ラーメンも作ってくれませんか作ってもらえたらうれしくていっぱい買います
0.7162416353784469,hikakinさんの作るご飯食べてみたかったんですめちゃくちゃ嬉しいですhikakinさんの夢が叶って良かったです
0.6992993021901432,頑張ってください
0.6992993021901432,セイキンさんおすめシールを貼って発売してほしい
0.6992993021901432,はやく買いにいこ
0.6992993021901432,ヒカキン字上手いね
0.6992993021901432,アレルギーがあるから食べられない
0.7046495943398011,スープばり美味かったし麺もボリューム感じれてすりやすいしバカ美味かったよ他にどれだけ批評されても俺のコメントが全てやから大丈夫やぞhikakinさんバカ美味かったよ
0.6992993021901432,美味しそう
0.6992993021901432,買いにいったけど売り切れだった
0.6992993021901432,絶対食べる
0.6992993021901432,高くね
0.7162416353784469,hikakinさんが監修したやつなのかなすげぇ
0.6992993021901432,hikakin自分で自分を超えちゃったかな
0.7252362753645842,果たしてサッポロ一番みそラーメンとどっちが美味いのか
0.7132560305053598,ぼくはずっとラーメンを食べたかったヒカキンのラーメンができましたブタメン
0.6992993021901432,ラーメン食べてみたよ
0.6992993021901432,涙出そうになりました
0.7062389108522564,おめでとうございます全然関係ないけどサービス終了が決まったアプリゲームをサ終取り消させてみたみたいなの出来たら見てみたいですガンダムブレイカーモバイルとか
0.7136799440618676,実は広島市中区に私の父親のお姉さん夫婦が第0店舗寿女すずめを広島市中区舟入へ開店してます良ければ食べに行って下さい
0.6992993021901432,hikakinさんすごいこれからも頑張ってください
0.6992993021901432,スープうまかったで
0.0,おめでとう
0.6992993021901432,水筒にお湯いれて学校に持っていって食べようとしたやついたで
0.6992993021901432,食いてー
0.7103197329473067,今日香川県観音寺市のセブンイレブンに買いに行ったら入荷待ちと言われました何時入荷するか分からないと言われました楽しみにしてたのにまた買いに行きますね
0.7281059483215496,見付からないそれほど売れてるのか
0.6992993021901432,めっちゃ美味しかったです
0.7252362753645842,貴族の拍手だけが気になる
0.6992993021901432,ありがとうございます
0.7228116945464426,コンビニでかえるのうれしいよありがとうヒカキンカッコイだいすきたべたらいれものかざっとくよ
0.6992993021901432,どうぞって言った瞬間ウマ娘ながれた
0.6992993021901432,みそるから入りました
0.6992993021901432,ヒカキンさん塩分0はやべえって
0.7314340077352529,店舗じゃないのかよ
0.6992993021901432,めっちゃ探したけど買えなかった人
0.6992993021901432,夢を叶えたhikakinさん素敵です
0.6992993021901432,ヒカキンは何回ラーメンと言ったでしょう
0.6992993021901432,ヒカキン習字うまい
0.6992993021901432,全然売ってないんだけど
0.6992993021901432,おめでとうございます
0.6992993021901432,通年販売して欲しいです
0.7228116945464426,賞味期限が自分の誕生日で運命感じた
0.6992993021901432,売ってない
0.6992993021901432,マジでうまそう食べてー
0.7314340077352529,夢ビートボクサーじゃないのか
0.6992993021901432,近所にコンビニがコンビニがねぇ
0.6992993021901432,成分公表してほい
0.7252362753645842,偏見だけどさこういう体型の人が作ったものって美味くない
0.6992993021901432,再販でやはり闇を感じた
0.6992993021901432,売ってないんだわ
0.0,すき
0.6992993021901432,あいたいな
0.6992993021901432,ヒカキンさんかっこい絶対食べます
0.6992993021901432,買った
0.6992993021901432,おめでとうミソきん
0.6992993021901432,ちょっとたべてみたいです
0.6992993021901432,hikakinさん頑張ったな
0.6992993021901432,絶対買うは
0.6992993021901432,サムネ変わってる
0.7151174420069828,食べたかったけどたまごアレルギーだつらいたまごなしのもだしてヒカキン
0.7100672605320179,俺の誕生日0月0日や発売日と同じ日なんてこれ以上に最高なことは無い
0.7239723116702679,これ辛いの麻婆豆腐しか食ったことのない中学生でもくえますか
0.6992993021901432,おいしそう
0.6992993021901432,いただきやす◎
0.6992993021901432,休んでなくて草
0.7252362753645842,試食の時口ピチャピチャさせない
0.7207637651567061,売ってないやんけ0店舗まわったのに
0.6992993021901432,ニューミサとどっちが美味いですか
0.6992993021901432,まだ食べれてないです
0.6992993021901432,みそるからきました
0.6992993021901432,みそると対抗して欲しい
0.6992993021901432,これが洗脳か
0.7207637651567061,ラーメンの方をさっき喰ったけどイマイチだねごつ盛り味噌の方が好みだわ
0.6992993021901432,うまそう
0.7151174420069828,翌日にはもう売り切れってこの企画は大失敗だと思う
0.6992993021901432,trendhikakinpoint久しぶりに聞いた
0.6992993021901432,みそる
0.6992993021901432,セブンイレブンに行ってもなかった
0.7281059483215496,くるりインスパイア系なのかな
0.6992993021901432,招き猫キンに出会えたよー
0.6992993021901432,うまそ
0.6992993021901432,習字が上手
0.6992993021901432,発売日0日から0日に変わってるんだけど
0.0,ください
0.6992993021901432,鹿児島はいつぐらいになりますか
0.6992993021901432,ヒカキンさん大好きです
0.6992993021901432,0再販
0.6992993021901432,もうhikakinさん休みって言ってたけど休んで無いやん
0.6992993021901432,おめでとうございます
0.0,やったー
0.6992993021901432,食いたいけどたけぇよ
0.6992993021901432,いですね
0.6992993021901432,スーパー美味いって
0.6992993021901432,送金美味しそう
0.0,おめでとう
0.6992993021901432,セブンイレブンにありませんでした
0.6992993021901432,味噌キンぬいぐるみはどこでgetできますか
0.6992993021901432,美味しそー
0.6992993021901432,サムネ変えたか笑
0.7281059483215496,どこに売ってるのヒカキンちょうだい
0.6992993021901432,戻ってきた
0.7151174420069828,開発チームに作ってもらってよく自分のラーメンだって豪語できるね
0.6992993021901432,休んでないやん笑
0.7175312856823687,ひねくれコメ多すぎやろ笑夢を叶えただけなのに
0.7162416353784469,ヒカキンさん今年セイキンさんとの曲作らないんですか
0.6992993021901432,うんoemかまぁたべてみるよ
0.0,神
0.6992993021901432,サムネが変わっておる
0.6992993021901432,一つ言いたい味噌食えねーよー
0.6992993021901432,ヒカキンー今日買って食べたよメシすごく美味しかったまた買います
0.6992993021901432,明日発売
0.6992993021901432,よかったね
0.6992993021901432,うまそう
0.7106751728781058,hikakinさんありがとうごさいますみんなのために頑張って作ってくれてありがとうごさいますもう美味しく食べました普通のみそラーメンとは違ってすごく美味しかったですさすがhikakinさん私がコンビニに行ったらアイス売り場からトイレの所まで行列がありましたこの前は一瞬で売れて0個も買えなかったですでもこの前はしんせきが0つ譲ってくれました譲ってもらいましたそれで嬉しくてうちの犬を抱っこして踊りましたこれからも応援しています頑張ってください⌒0⌒
0.7252362753645842,私が人生で救われたのはポケットモンスターhikakinの気持ちよく分かります
0.7124778356755356,0万なんて売上だけですぐ回収できるのよhikakinはだから大したことない
0.6992993021901432,僕にも下さい
0.7141298435350044,ヒカキンさん何処の店も完売ですお願いします再販して下さい
0.7349549711580174,ナレーションのトーンがほん怖
0.6992993021901432,た高い
0.6992993021901432,買いに行くね美味しそうもし叶うならヒカキンさんが着ているtシャツプレゼントキャンペーンしてくれますか
0.6992993021901432,バンカラジオさんもコントでやってましたよ
0.6992993021901432,宇宙じゃないんかーいっ笑
0.7207637651567061,0月0日の日セブンイレブン行かねば
0.7111526769325702,今日招き猫キン当たったのでhikakinさんが言ったみたいに大事に取っています
0.6992993021901432,hikakin様最高
0.6992993021901432,ありがとうございます
0.7228116945464426,塩分多すぎ一日の目安思いっきり超えてる
0.7281059483215496,ラーメンの方が美味しかったです
0.6992993021901432,どこにも売っとらん
0.6992993021901432,おっきくなったね
0.7281059483215496,あらたなレさキャラの誕生
0.6992993021901432,簡潔にはなさんかい
0.6992993021901432,高すぎやな
0.6992993021901432,在庫がない
0.7252362753645842,休むほどのことかよく解らない
0.6992993021901432,買えなかった
0.7252362753645842,あれこれご報告のサムネがちがうは
0.6992993021901432,みそるからきましたー
0.7281059483215496,岐阜県のみんなにとどけておねがい
0.6992993021901432,また味噌キン再販しますか
0.6992993021901432,売り切れ続出しそうだな
0.6992993021901432,hikakinさん私に希望を与えてくれてありがとうございます私も頑張ります
0.6992993021901432,休んでないやん笑
0.6992993021901432,売ってないぞー
0.6992993021901432,幼なじみyoutuberhikakinさんマスオさん
0.6992993021901432,みそるから入りました
0.7252362753645842,ヒカキンさんのぬいぐるみがほしいですまい
0.6992993021901432,実質休んでない
0.6992993021901432,ヒカルマネして草
0.7314340077352529,ビックダディって言ったの誰
0.7169286778725071,まだ食ってないからなんとも言えないけど自分の知名度を利用してなんとなくな気持ちでラーメン作りに手出したとしか思えないしほんとにラーメン作るのが夢だったんなら自分の名前を公表せずにこっそり作って周りからの意見を忖度なしでもらって初めて嬉しいって思うんじゃないのかな知らんけど
0.6992993021901432,題名変わって草
0.7168636915630502,あのラーメン作るのはいんですけどちゃんと休んでくれませんか応援してます早くラーメン食べたいです
0.7252362753645842,税金対策も兼ねてるのかな
0.6992993021901432,ヒカキンおもれー
0.7228116945464426,ラーメン好きにデブが多いことの証明
0.6992993021901432,売ってねぇ売り切れてら
0.6992993021901432,ミソきんさんだ
0.6992993021901432,サムネ変わった
0.6992993021901432,しおきんお願いします
0.7190231065259892,ヒカキンのバ力舌具合が露呈するい機会
0.6992993021901432,うまそ
0.7252362753645842,好きだけどなんかお金配るのは
0.6992993021901432,言ってること矛盾してますね0
0.7190231065259892,発売日へずまの誕生日なんだが
0.7314340077352529,でも結局お金入るのは自分のところだろ笑
0.6992993021901432,下積みって何回言ったか数えてる人います
0.7297176956138197,0秒のヒカキン
0.6992993021901432,0回食ってみよ
0.6992993021901432,もっと休んでくれ
0.6992993021901432,映像比べに来ました
0.6992993021901432,明日やー
0.7349549711580174,コメントの数だけ買う
0.6992993021901432,値段はいくら
0.6992993021901432,ヒカキン頑張れ
0.6992993021901432,ぜったい買う人
0.6992993021901432,おいしくなかったくない
0.7314340077352529,今夜の夜食にします
0.6992993021901432,無いからまた売れや
0.6992993021901432,ヒカキンさんテアロシップウダンがゲロキンといっました
0.6992993021901432,うまちょ
0.7371261870290756,買うの恥ずい
0.7124778356755356,お金持ち始める献呈的な人調子にのりすぎだわでも売れるといですね
0.6992993021901432,hikakinさん花月嵐ラーメン屋に行ってくださいお願いします
0.7207637651567061,何かご報告から長い文になった
0.7132560305053598,ヒカキンの特性ラーメンたべないやついねーよなぁラーメン屋いくぞぉォ
0.7214090285535245,初コメです八甲田山かよ今日乾き物の味付けがどうかしたのかよ古い映画でもみたのかヒカキン
0.6992993021901432,0点じゃないんかい
0.6992993021901432,買えない
0.6992993021901432,絶対かぃますoどっちとも
0.6992993021901432,アンタ味見してるだけやん
0.6992993021901432,ヒカキンさんはじめまして
0.6992993021901432,何月にみずきできたんですか
0.6992993021901432,食べるね
0.7371261870290756,何時発売なの
0.6992993021901432,もっとゆーちゅーばーになってくださいゆうと0さい
0.6992993021901432,ヒカきんさんこーださんしってます
0.6992993021901432,テュデイズヒカキンズポーイント0兆万点
0.6992993021901432,0年になっても見てるやついる
0.6992993021901432,hikakinさんセブンイレブンなかった
0.7228116945464426,今日徳島のセブンで0個買った
0.6992993021901432,どうせしおきんとか増やすんでしょ商標取っとこ
0.6992993021901432,蒙古タンメン買おっと
0.7281059483215496,ヒカキンゲームズのホームから来た人
0.6992993021901432,私まねきねこきん出ました
0.0,高いッ
0.6992993021901432,招き猫あたった
0.6992993021901432,しおきんきそう
0.6992993021901432,明日買いに行く人
0.6992993021901432,ヒカキンさん0年前ゲーマーと言いましたよね
0.6992993021901432,自分用0
0.6992993021901432,お母さんがかってくれました
0.6992993021901432,ヒカキンいつもみてるよあいと0さいより
0.7314340077352529,私ヒカキンの誕生日のまえがたんじようびです
0.6992993021901432,うへ0円拾いやしたラーメン三杯いただきやす◎
0.6992993021901432,フラゲして食べてみたくどかった水必須
0.6992993021901432,ぜったいうまい
0.7175312856823687,ヒカキンの癖に廃課金だな毎回散財しすぎ
0.6992993021901432,しょうもなって言ってるやついるけどこが
0.7228116945464426,普通の味高い買わない方が良い
0.7122370768025358,0月0日孫とパは0の店を探し回りましたしかしみそキンラーメンはありませんでした販売は終了したんと違うかなとパの言葉ラーメンはもう食べれないのでしょうか
0.6992993021901432,再販まだかなーまだかなー
0.6992993021901432,絶対買う人
0.6992993021901432,かうと思った人
0.7207637651567061,バズり目的の為に使われて可哀想
0.6992993021901432,セブンイレブンって時点で買う気せん
0.6992993021901432,んーこんな感じか
0.6992993021901432,いねしてくれたぶん買います
0.6992993021901432,うへ0円広いやしたラーメン0杯いただきやす◎
0.6992993021901432,さきないとさんコメントきましたありがとうございますきました
0.6992993021901432,みそすけ
0.6992993021901432,再生数が0万人いって欲しい人
0.7314340077352529,みそふの方がい
0.7198589681733626,このラーメン好きアピールがしたいから何ヵ月前からラーメン旅とか始めたのかな
0.6992993021901432,ぼくはごさいですたべたいです
0.6992993021901432,マスオtvありますか
0.7117806622135299,ヒカキンさんわたしもたべました0さいのはるとよりヒカキンさんだいすきですよ
0.7281059483215496,いねの数だけそれ買います
0.6992993021901432,とりあえずスル君に土下座しな
0.7314340077352529,いつまで活動休止するの
0.6992993021901432,一十二度見ても
0.6992993021901432,ヒカキンさん
0.7228116945464426,いねの数だけ0万スパチャ送ります
0.6992993021901432,生半可な気持ちでやらないで
0.6992993021901432,セイキンヒヤシチュウカ
0.7190231065259892,まずいもういらんせっかく0店舗探し回ったのにショック
0.6992993021901432,結局金儲けかい無料で配るくらいせんかいそれだけ恩があるなら
0.7175312856823687,ヒカキンのバ力舌具合が露呈しちゃったね
0.6992993021901432,なんやねん
0.7220908035272465,0番奥村康平ヒカキンさんどうも康平ちゃんねるの奥村康平ですで休日の土日のお昼にスガキヤに外食して下さい
0.6992993021901432,よっかたですねゆめがかなってぼくもたべたいですどうがんばってぐださいぼくもおうえんしてます
0.6992993021901432,超普通
0.6992993021901432,麺は普通スープはまあ頑張ってるけど返金してほしい
0.6992993021901432,するやん
0.6992993021901432,高い普通
0.7198589681733626,普通の味でした不味く無いけど美味しくもなかった0円じゃ無く0円の味だろコレガッカリ
0.6992993021901432,普通でした
0.6992993021901432,税金対策
0.6992993021901432,正直値段ほど美味しくはなかったです
0.6992993021901432,さんびゃくえんたかすぎだろ
0.6992993021901432,しょうゆきん作れ
0.6992993021901432,おうちない
0.0,おーい
0.6992993021901432,くるりと蒙古タンメンに謝った方がいよ
0.7228116945464426,ヒカキンの本体はメガネだと思う人
0.6992993021901432,あさってやん
0.7314340077352529,いねの数だけ買います
0.6992993021901432,ラーメン作り報告とか言うから期待したけど舐めたこと言うなよ‪‬
0.6992993021901432,今から間に合いますか
0.6992993021901432,正直に言います失望しました
0.6992993021901432,い歳したおっさんがこれレジ持ってきたら笑うわ
0.7185007173307572,このコメント残念だわまずそうとか言ってる奴は絶対買うなよヒカキンさんの努力の何も知らない奴が語ってんじゃねーよ
0.6992993021901432,ヒカキんさんだいすきですゆうと0さい
0.7175312856823687,ヒカキンの癖に廃課金な行動するな散財しすぎ
0.6992993021901432,みそかみそきらいなんよ
0.6992993021901432,みそる
0.6992993021901432,0円に値下げしろ
0.6992993021901432,かいました
0.6992993021901432,けんからか
0.6992993021901432,かいました
0.7141298435350044,まじでヒカキンやること面白くなくてなんで人気あるのか分からん
0.6992993021901432,めしキン
0.7314340077352529,いねの数だけ買います
0.0,へー
0.6992993021901432,美味しくなさそう買うけど
0.6992993021901432,百万円くださいちなみに場所はまるまたしょうてす
0.6992993021901432,結構期待はずれ
0.6992993021901432,しおキン
0.6992993021901432,結局金儲け
0.6992993021901432,ミソキソ
0.0,ぼったくり
0.6992993021901432,で一週間休んで何をしていたん笑要は期待商法やんな一週間身を隠して遊んで期待値を上げたかったん
0.7371261870290756,また小銭稼ぐの
0.6992993021901432,誰が買うか
0.0,あ
0.0,は
0.6992993021901432,普通でした
0.6992993021901432,禊ん
0.7207637651567061,味普通やんサッポロラーメンのほうがうまいわ
0.0,な
0.0,りゅうせい
0.6992993021901432,まじでどうでもい
0.6992993021901432,グットボタンおしてね
0.6992993021901432,添加物ばかり子どもにあくえいきょうだろ
0.6992993021901432,塩分0とか正気か返金しろ
0.7242211692597929,努力アピールのゴリ押しで購買意欲を搾取するな結局は味に帰結するだろ
0.0,あ
0.0,まず
0.6992993021901432,不味すぎ返金しろ
0.6992993021901432,味噌菌食べたけどまずいまずいまずいまずいまずいまずいまずいまずいまずいまずいまずいまずいまずいまずいまずいまずいまずいまずいまずいまずいまずいまずいまずいまずいまずいまずいまずいまずいまずいまずいまずいまずいまずいまずいまずいまずいまずいまずいまずいまずいまずいまずいまずいまずいまずいまずいまずいまずいまずいまずいまずいまずいまずいまずいまずいまずいまずいまずいまずいまずいまずいまずいまずいまずいまずいまずいまずいまずいまずいまずいまずいまずいまずいまずいまずいまずいまずいまずいまずいまずいまずいまずいまずいまずいまずいまずいまずいまずいまずいまずいまずいまずいまずいまずいまずいまずいまずいまずいまずいまずいまずいまずいまずいまずいまずいまずいまずいまずいまずいまずいまずいまずいまずいまずいまずいまずいまずいまずいまずいまずいまずいまずいまずいまずいまずいまずいまずいまずいまずいまずいまずいまずいまずいまずいまずいまずいまずいまずいまずいまずいまずいまずいまずいまずいまずいまずいまずいまずいまずいまずいまずいまずいまずいまずいまずいまずいまずいまずいまずいまずいまずいまずいまずいまずいまずいまずいまずいまずいまずいまずいまずいまずいまずいまずいまずいまずいまずいまずいまずいまずいまずいまずいまずいまずいまずいまずいまずいまずいまずいまずいまずいまずいまずいまずいまずいまずいまずいまずいまずいまずいまずいまずいまずいまずいまずいまずいまずいまずいまずいまずいまずいまずいまずいまずいまずいまずいまずいまずいまずいまずいまずいまずいまずいまずいまずいまずいまずいまずいまずいまずいまずいまずいまずいまずいまずいまずいまずいまずいまずいまずいまずいまずいまずいまずいまずい
0.0,いらん
0.6992993021901432,そんな美味くない
0.6992993021901432,買えなかった負け組に手を差し伸べる必要なんか無いよ
0.6992993021901432,スター気取り
0.6992993021901432,失望したもう二度と買わない
0.6992993021901432,いらねぇー
0.6992993021901432,誰がやっても同じだろヒカキンである必要性がない
0.6992993021901432,不味すぎ0からやり直せ
0.6992993021901432,しょーもな
0.6992993021901432,興味ない
