0.955639966,この機会で思ったけどヒカキンさんが存在してないどyoutubeがつまらなくなったヒカキンさんが活動休止してから少し寂しく感じた事があった私はヒカキンさんを0年前くらいからしか見てないけど本当にいい人なのは分かる誰よりも長生きして欲しいヒカキンさんにどれだけ救われたか本当にありがとうございます
0.954366508,勝手に報告だとばかり思ってたから予想外すぎたけどヒカキンさんのyoutuberとしての夢とは別の夢が叶って本当に嬉しい
0.95056839,学生だからyoutuberとかが出すものって高いけどhikakinさんは学生の気持ちも考えてくれたのか0円という化学でこだわりのラーメンが食べれるのは楽しみです友達と買いに行きます
0.949714205,夢を叶えたいことを叶えるhikakinさん本当に凄い息子もラーメン大好きなので発売されたら即購入して食べますね
0.94896984,復帰は0日か0日って言ってたけど早い方にしてくれたのはありがたすぎますご報告楽しみです追記報告見ました発売日gじゃないのと平日ってのがまたいいですね欲しすぎる
0.948688236,自分の夢の中にみんなを笑顔にしたいという想いが込められてるのって本当に素敵優しさが味にも出てそう
0.947709851,ラーメンなら手軽に買えて嬉しい一つ一つのことに真剣に向き合う姿は尊敬しかありません他のyoutuberを非難するわけではないのですがいつも全力で取り組んでいて結果がでているのも納得です
0.946770284,このラーメンを同じように元気が無い時腹ペコの時ヒカキンさんの話を思い出しながら食べたいと思いますインフルエンサーの方で夢を叶えたと聞いてこんなに本当に良かったここまで長い道のり努力と信念つらぬいたんだなって感動したのは初めてかもです
0.94661016,自分の好きな事ラーメンで視聴者をも一緒に喜ばせれるのってhikakinさん位だと思う幸せを独り占めせず皆んなで分かち合える形に出来るhikakinさんはやっぱり凄い絶対買います頂きます
0.945366044,自分の夢を叶えられる人がいてその瞬間を沢山の人と共有出来るのはhikakinだからですねおめでとうございます自分のやりたい事を本当に達成出来るのを証明してくれた貴重な人です
0.945037569,hikakinさんは神なんなら仏の域にまで達してるただ普通に頑張っただけじゃあんまり夢って叶えられる物じゃないと思うからhikakinさんはものすごい努力の上にこの夢を実現してるんだと思う
0.944914928,発売日から毎日セブンを巡っていますがまだ買えていません勇気を振り絞って店員さんに次いつ入荷するか聞いてみたら今後入荷予定はありませんと言われてしまいました再販されないのでしょうか食べたかったです泣
0.944801838,実は広島市中区に私の父親のお姉さん夫婦が第0店舗寿女すずめを広島市中区舟入へ開店してます良ければ食べに行って下さい
0.944736037,hikakinさんありがとうごさいますみんなのために頑張って作ってくれてありがとうごさいますもう美味しく食べました普通のみそラーメンとは違ってすごく美味しかったですさすがhikakinさん私がコンビニに行ったらアイス売り場からトイレの所まで行列がありましたこの前は一瞬で売れて0個も買えなかったですでもこの前はしんせきが0つ譲ってくれました譲ってもらいましたそれで嬉しくてうちの犬を抱っこして踊りましたこれからも応援しています頑張ってください⌒0⌒
0.944686311,おめでとうございますヒカキンさんの熱い想いがめちゃくちゃ伝わってきて感動しましたセブンさんに並ぶのを楽しみにしています
0.943579407,本当にhikakinさんは聖人だなたとえ0週間休んだとしても視聴者の事を考えていて本当に尊敬するわ
0.943063039,今日香川県観音寺市のセブンイレブンに買いに行ったら入荷待ちと言われました何時入荷するか分からないと言われました楽しみにしてたのにまた買いに行きますね
0.942887097,色んな人が先走った噂を流してて嫌だったけど0月0日が楽しみでも抗がん剤治療中で退院まだだから退院したらすぐ買いに行く
0.942477321,youtuberが知名度を使ってアパレルとかは聞くけどラーメンとかまじで角度違ってまじで逸材なのを知らせてくれるわほんとすげえ尊敬しかねえ
0.942354435,これこそホントのyoutuberだと思います誰かのことを取り上げるわけでもなく自分の夢をちゃんと実行して視聴者にお届けする素晴らしいですhikakin
0.942078553,両方買いましたカップ飯美味しすぎてリピート確定です明日はラーメンの方も食べてみます
0.942042113,サムネ変えるところとかさすがだなと思う常youtubeのご報告サムネには嫌気がしているので発売まであと0日たのしみー
0.94203347,ほんとまだ全然人気出ない頃にヒカキンを友達から勧められて観てたけどそのヒカキンがいまこうしてhikakinpremiumのラーメンが出るそして今となってはyoutube界を代表するくらいの人となってるほんとにすげーこれからも応援してます
0.94202945,私も以前落ち込んでいた時ラーメンを食べてこの一杯でこんな幸せな気分になれるって本当すごいなぁって思ったの思い出しましたhikakinさんおめでとう早く食べれるの楽しみにしてます
0.941841531,はじめてヒカキンさんのラーメンを買いに0店舗行きましたけどご飯の方がなくてラーメンを食べたらくやしいけどおいしかったです
0.941723032,きっと想像を絶する苦労をたくさんしてきている中で本当にラーメンに救われて心からラーメンが好きなんだろうなとひしひし伝わるその思いは決して軽いものではないのにみんなが元気になれるようにって誰でも手に取れるような値段と店舗展開でみんなに共有してくれて聖人すぎる
0.941540495,0年ほど見続けていたのですが初めてコメントしますヒカキンさんがラーメンを作ったという報告が何故かめちゃくちゃ嬉しくて幸せで発売日に絶対食べたいです幸せそうに食べるヒカキンさんを見て笑いながら泣きそうでした
0.941341535,0番奥村康平ヒカキンさんどうも康平ちゃんねるの奥村康平ですで休日の土日のお昼にスガキヤに外食して下さい
0.94112843,息子達と食べましたスープめちゃくちゃうまい酒粕の香りがします息子は今まで食べたラーメンで一番うまいと言っていました
0.940840698,youtubeもやってて忙しいはずなのに0年くらい努力してんのはすごいなと思った必ず食べます
0.940830201,若い頃に死ぬ程努力して今夢を叶えたり今の成果があるそう思うとやっぱりhikakinさんには憧れる僕もサボってばかりいないでひと踏ん張りしてみようかな
0.940735415,自分の好きなラーメンをいつも見てるhikakinさんが作ってくれるとは思ってもいなかった勉強の夜食に食べます0日は朝イチでセブンに直行だ
0.94042334,キン兄弟がラーメン大好きなのをずっと見てきたからこれほど信頼における商品はないと思ってます絶対食べたい争奪戦になりそうなのでゆっくり手に入れますね笑一つ夢を叶えること本当に素晴らしいし勇気をもらえますおめでとうございます
0.94042005,0月0日孫とパパは0の店を探し回りましたしかしみそキンラーメンはありませんでした販売は終了したんと違うかなとパパの言葉ラーメンはもう食べれないのでしょうか
0.940371408,まずyoutubeを0年間休まずにやってるのだけでも凄いのにyoutubeをやりながら他の夢を実現させるためにも全力を注いで頑張るヒカキンさん本当に尊敬します
0.940051334,食べてみましたすごい好きな味でしたー個人的にはお湯入れてから0分くらい待つのが麺がちょうどいい感じの太さになって好きでした
0.939511241,ラーメン本当に大好きですhikakinさんをずっと前から見てきました小学生だったけれど今はもう高校生で大学受験に向けて勉強しいます勉強のお供として食べていきたいです
0.939510379,先日本当に生きているのが辛くなったんですが今日hikakinさんの夢が叶った姿を拝見して凄く元気をもらいましたいつも視聴者を気づかってくださる姿努力し続ける姿尊敬していますどうぞこれからも無理はなさらず楽しさを追い求めて活動してくださいいつもありがとうございます
0.939490814,hikakinさんの真剣さがこっちにまで伝わってきて感動しました元スーパー店員で僕の人生の諦めない部分をhikakinさんが救ってくれましたありがとうございます
0.93938271,ラーメンメシめちゃくちゃ美味しそうなので買って食べて見たいと思います夢を現実に叶えられて良かったですねおめでとうございます
0.939114821,えスゴすぎるほんとに尊敬しますこれからも頑張ってくださいでも体調には気おつけてください何時でも応援してます
0.938846937,私も同郷なのであのミサのガツンと感のある味噌ラーメンは脳に刻まれてます笑おめでとうございます楽しみにしています
0.938729862,僕の夢は記憶がある時に東京に行く事でしたヒカキンと共に夢を叶えられて嬉しいです
0.938088188,ヒカキンさんおめでとうございますラーメンへの熱い想いが伝わってきました本当に美味しそうで今すぐ食べたいです追記沢山のグッドボタンや返信本当にありがとうございます
0.937934485,凄くこだわって作ったのもあってめっちゃ美味しそうちなみに白味噌派なので尚更食べたーい開発中大変そうだったけどもヒカキンさんがとてもキラキラしてて少年のようでした長年の夢のひとつの実現おめでとうございます発売を楽しみに待ちたいと思います
0.93781642,hikakinさんの血のにじむような努力が伝わってきますわ
0.937515024,はよ食べたいおめでとうございます夢を叶えていく瞬間をこうやって見ることが出来て同じ時代生きれて幸せです刺激もらいました
0.937269635,嬉しいよ嬉しい前年は抜かされたけどそれまでは新潟がラーメン支出額0位だったんだラーメン王国新潟の誇りだよ
0.937154736,ほんとに自分のことみたいにうれしいそしてヒカキンさんが忙しいなかでいろんな人にハート押してるのがほんとに感動するやっぱり皆のこと第一に考えて行動していけるからみんながついてきて超人気のyoutuberになれたと思うしこうやって夢を叶えられたんだと思うこれからもこの人についていこうと改めて思ったほんとにすごい
0.936919504,防災用で0年くらい持つ長期保存版も欲しいです災害時に食べれたら心が和むでしょう
0.93637982,内容ちゃんと見る前はラーメンとカップめしならラーメンがいいかなって思ってたけどこのカップめしめちゃくちゃ美味しそうやな発売日に買いに行こう笑
0.936299427,ラーメンご馳走さまです美味しかったですyoutube活動もやりつつ色な準備ができる体力とか努力とか尊敬します
0.935919832,早速食べました絶妙なバランス美味しかったです0年間試行錯誤された甲斐があったと思いますごちそうさまでした
0.935595188,ラーメンしかたべてなかったけどホントにおいしかった0円で他より高めだけどリピありと思いましたまた食べてくなる味明日はカップ飯たべるの楽しみです
0.935497055,youtube黎明期から変わらない安心感のあるコンテンツを続けているhikakinさんに拍手を送ります夢の取っ掛かりがかなったのでこの夢を更に大きくしていってくださいいつまでも応援してます
0.935178034,これだけ魂込めて完成させたラーメン本当に凄いです発売日に近所のセブンイレブンにも並ぶかな田舎だから地域差ありそうですよね見付けたら絶対食べます楽しみです
0.935098119,今日誕生日だったからなんか嬉しいです??hikakinさんおめでとうございますそしていつもお疲れ様です??最初は売れすぎて中買えないと思いますが買える機会があれば買わせていただきますこれからもご無理なさらずに頑張ってください
0.934884177,深夜に見なきゃよかった美味しそうすぎる味もそうだけどhikakinがラーメンと一緒に色乗り越えてきた想いを聴くと自分もそういう日に食べたいと思った楽しみ初日買います
0.934854969,叶えたかった夢を実現するためにyoutube活動で忙しい中でもこだわりながら商品開発してきたって本当にすごい
0.934838399,ヒカキンにも苦しくて辛い時代があったんですね第0部がすごくよかったですラーメンに助けられたっていう思いとみんなにも元気になってほしいっていう思いが本当に伝わってきて涙が止まりませんでした0の発売を心待ちにしてます
0.934722938,hikakinさんが嬉しそうに楽しそうにしてて元気でるなーアレルギークリアしてたら買って食べます無理だったら誰かにプレゼントします
0.934633064,パッケージのデザインもセンスあって素敵ですね下積み時代も人生が変わるその日もラーメンと共に感動的です
0.934560809,好きなことで生きていく報告前は視聴者の心を昂らせ報告後は自分の夢を叶えることで視聴者を喜ばせるやっぱhikakinさんは本物のyoutuberだ
0.934301875,招き猫キンのとこ満面の笑みとともに特に何もありません声出して笑いました
0.934070689,プレミア公開の時コメントで文句奴多すぎて悲しくなったわ素直に祝ってやればええやんけ
0.934044873,お疲れさまですヒカ様の努力と笑顔が多くの人の心に自然と入って来るのがヒカ様おめでとう御座います喜んで買わせて頂き応援していきたいと思いますヒカ様の声が笑顔が私達の元気の素です本当にありがとう
0.933596212,東京の店舗だと地方民は食べに行くの大変だけどセブンだったら全国のみんなが気軽に食べられるし0時間いつでも買いに行けるからすごくありがたいですあー早く食べたい
0.933301744,大好きなラーメンが作れるくらいビッグな男になったヒカキンさんマジですごい他の商品も当たり前だけどこうやって試作を重ねて作られてるんだなぁと思うとなんだか感動しました絶対食べたい絶対見つけ出して食べます
0.932997688,hikakinさん0週間を準備に費やしたならあともう一週間休んでから再開すればよかったのにマメな人だなぁ買ってみたい
0.932946603,完成おめでとうございます発売楽しみですラーメンは豚骨とかが人気が多いですがそこを味噌でくるところがたまらないしかもニンニクいり最高楽しみにしてますあちこちのセブン巡りしよ
0.932842522,夢が埋まってる鉱山をみんな掘っててでもいつ発掘できるかわかんないから途中で諦めたり投げ出したりするけど踏ん張った先には自分自身を支えてくれた夢に辿り着けるって思えましたhikakinさん夢実現おめでとうございます
0.932627754,何かヒカキンクラスが初の商品開発って凄いな普通もっと格下のインフルエンサーでも出してるのにそれだけ慎重に製作してたって事かなこれはさすがに食べてみたい
0.932056307,お店を出すのではなく全国民が気軽に手に出来るようにセブンで販売するところがヒカキンらしくて心暖まるね夢に向かって努力して実現したヒカキンを誇らしく尊敬する
0.931979427,とてつもないプレッシャーの中で時間と労力を割いて商品開発している姿が容易に想像出来ます一週間休むのも納得です応援してます
0.931611098,0品目はノリが完全に某j熱大陸みたいで面白い脳内で葉加瀬太郎のバイオリンが聞こえてくる笑これで0分やって欲しかった
0.931240479,味噌ラーメン好きとしてとても気になる絶対買う味噌派閥にも嗜好が違う事があるからhikakinさんがどんな味が好きなのか楽しみ
0.931167958,これがヒカキンがの視聴者側へのドッキリだとしたらマジで笑える
0.931020342,夢を叶えるためにyoutube活動で忙しい中でもこだわり抜いて商品開発をしてたというヒカキンさんの裏側を見てると本当に勇気を貰える
0.930973831,あのラーメン作るのはいいんですけどちゃんと休んでくれませんか応援してます早くラーメン食べたいです
0.930910488,この人は周りからすると小さな事に見えることも好きな事に諦めず取り組み続けてこうした結果を残せているから尊敬します希望の星です
0.93090083,故郷のラーメン屋さんのくだりは涙出るね具材や調味料だけじゃない背景や思い出が何よりの美味しさに繋がる隠し味
0.93077932,本当にどこまで人を笑顔にすれば気が済むんだかヒカキンさんは
0.930774497,ラーメン大好きなhikakinさんが作ったラーメンとか絶対に美味いやんあと手軽に買えるとか最高買うしかないわ
0.930716739,体質がらラーメン小麦粉が食べられませんがメシも出してくれたなんて心から応援いたします
0.93057258,このコメント残念だわまずそうとか言ってる奴は絶対買うなよヒカキンさんの努力の何も知らない奴が語ってんじゃねーよ
0.930539515,これあれだねスーパーでも発売して欲しいくらい食べたいです僕も小さい時から0年生まれなんですけど味噌ラーメンが大好きで近くに札幌ラーメンがあって毎日のように言っていますそれぐらい味噌ラーメンが大好きです
0.930297482,hikakinさんにほんとに元気貰ってますし尊敬してます0ヶ月入院してて大変ですが退院したら絶対食べますψ
0.930261513,白味噌も入ったベースのニンニクのパンチあるラーメンの味の意味がわかりましたニューミサ僕も大ファンですコレは試してみたい
0.930216452,初コメどのyoutuberが食レポしてくれるんだろう忖度なしで私的にはサッポロ0番味噌ラーメンを越えるかどうか
0.930092541,増産お願いしますまだ食べられてないです味の好みは人によって違うのでネットでまずいとか言ってるのは気にしないでいろいろ作ってほしい食べられる日を楽しみにしています
0.929803074,お店に行かなきゃネットで会員にならなきゃとかではなくて普通にコンビニで帰るのが本当に素晴らしい何より本人が楽しんでるのが最高必ず買いに行きまーす発売日に行くつもりだけど買えるかなーすっごく楽しみですヒカキンおめでとう
0.929595873,本当の予想外すぎて困惑しながら普通に嬉しい俺がいる
0.929447538,字も綺麗なところまで本当にヒカキンさんの才能にびっくりですこれからもずっと応援してます
0.929326285,ヒカキンの癖に廃課金だな毎回散財しすぎ
0.929265488,ずっとドキドキして待ってましたヒカキンさんの夢が叶うのなら心から応援したいです
0.929238665,ここまで人が良いと過去にどんな重罪を犯していたとしてももうなんでも良い許される
0.929230768,ラーメンに対する想いだったり幼少期からの思い出の味噌ラーメンのことも知れて感動で涙が出ました絶対買います
0.929216721,焼肉とか寿司って金持ちになったら良い店ばっかり行くだろうけどラーメンだけはどの店もほとんど同価格帯だし金持ちになっても食べたいと思うものだよね
0.929193622,hikakinさんのお陰で夢って叶うんだなーって本気で思った何かが好きなだけでこんなに頑張れるんだねまじで勇気というか希望というか貰った気がするやっぱりyoutuberの中で0番尊敬してるし0番大好きだなー???
0.929121865,0年前からbgmも変わってない純粋にビロガーで商品紹介をしてたヒカキンと何も変わってない最高なyoutuberだわ
0.929076686,小麦アレルギーだからご飯あるの嬉しいお母さんにラーメン食べてもらおうヒカチャンよかったね
0.929049337,夢を持つ事楽しさも夢を叶える楽しさも自ら体験して映像化してくれるhikakinさんは本当に尊敬しますこれからも応援してます
0.928766821,hikakinさんが休止したと聞いてどうしたのだろうかと見に来たけどいつ見ても安心するすごいhikakinさんで安心した
0.92847116,最近買って食べてみました味噌もしょっぱ過ぎず麺はソフト具もシャキシャキしてて文句なかったです一応言っておきます食ってみな飛ぶぞ長州力風失礼しました
0.92842492,勝手に期待しといていざ発表した時文句言うのは違うだろ素直におめでとうでいいでしょ
0.928109023,ラーメンに目をつけるとはセンスというかなにもかもスゴすぎてさすが神と呼ばれるだけある全youtuberびっくりしてんだろうなぁ
0.927732192,私もバイトしてた頃社会人になってからもお世話になってますカップ飯もあるの有難い贔屓します
0.927658997,hikakinの夢って俺らに想像できんよなどんな凄い事なんやろ本当に楽しみすぎる
0.927589006,しょうもないとか言ってる奴ら人の夢を0文字で片付けるなよhikakin本当におめでとうこれからも一生ついていくわ
0.927578976,好きなことで生きているを体現したまさに偉人私たちに夢を与えてくれて本当にありがとう
0.927564966,味噌だからって安直にコーン放り込んでないヒカキン信用できる食べたい
0.927494475,ミサは小さい頃行ってたな玉ねぎ甘めで味噌と合う懐かしい
0.92745797,一週間お休みしてまあ当たり前だなと思ったら頑張るためのお休みだとはさすがすごすぎるちょっとはお休みしてくださいね長文失礼しました
0.927431409,超普通
0.927363292,ヒカキンさんホントにラーメン好きですね自分の好きなもので夢が叶えれるのすばらしいと思う
0.927164578,スープばり美味かったし麺もボリューム感じれてすすりやすいしバカ美味かったよ他にどれだけ批評されてても俺のコメントが全てやから大丈夫やぞhikakinさんバカ美味かったよ
0.926991993,0発売なのに0製造終了完売とセブンの店員に言われました
0.926753428,ラーメンなら豚骨以外断固拒否の自分だけどなぜかこれは食べてみたいと思った
0.926642261,変なアパレル系に走る奴も多い中ラーメンで勝負を仕掛けるってのは素晴らしい
0.926497047,母親が買ってくれたので夕飯にお惣菜と一緒にいただきます
0.926392189,自分の夢を叶えるために0年間頑張ってそしてその準備のためにたった一週間視聴者を待たせないようにすることができるyoutuberの鑑
0.926256265,0年がかりでの商品化は気合いが入ってますね食堂ミサの味噌ラーメンが原点の味ということで私もミサの味噌ラーメンは大好きなので味には期待できます早く食べてみたい
0.926137953,ヒカキンさん何処の店も完売ですお願いします再販して下さい
0.926103031,次は濃厚豚骨でお願いします
0.926038752,何事にも本気でどんな時も頑張ってきたからできたことだと思う本当に心から尊敬します
0.925832181,好きなことをして人生を楽しんでいる姿に私も頑張りたくなる気持ちが出たよyoutuberの鏡だよ
0.925798954,おめでとうございます0年間も私達の事も考え食べやすく美味しそうなラーメンを作って頂きこちらも凄く嬉しいです0月0日が凄く待ちどうしいです???
0.925795134,いやー他のユーチューバーと違って金持ちしか手が出せない高い洋服とか出すよりこーやって誰もが買えて一回は食べてみたいと思うラーメンとか出すの良いね
0.925559319,で一週間休んで何をしていたん笑要は期待商法やんな一週間身を隠して遊んで期待値を上げたかったん
0.925510869,何度も繰り返し観ています観ているだけで気持ちが幸せになるhikakinさんありがとう
0.925467411,0時間で0万再生超とはどれだけヒカ様の復活を心待ちにしてる人が多いか分かる
0.925448713,0年0月0年0月0日ぐらいに0年後経ってヒカキンさんの味の確認してスープの味に決まりました
0.925374538,コンビニで売ってくれるのはありがたい味噌ラーメン普段食べんけどhikakinさんのラーメン食べてみたいと思いましたこれからもずっと応援しますがんばってください
0.925263291,そんなにラーメン好きで救われる人がいるんですね私もラーメン屋さんで働いてるけどもっとラーメン屋さんで働いてる事に自信をもって働こうと思います
0.925120227,凄く思いの詰まったラーメンに仕上がったと思いますセブンが無くて買いに行けないのが残念ですが出かけた際に買いたいと思います
0.924995785,個人の感想なんですがめっちゃ美味しかったですメシの方はまだ食べれてないので再販したら絶対食べますこれからも頑張ってください
0.924871739,このラーメン食べるために一日頑張れる日が自分にもあるんだろうなと思うと嬉しいどうにか生きてる自分でもギリカップ麺に出せる値段で嬉しい
0.924676331,人生も時間もお金も一切ムダにしない生き方に惚れてしまいます心底ステキですっ
0.924657764,密着映像見てすごくこだわったのが伝わってきてラーメンの中で味噌ラーメンはあまり食べないけど食べてみたいと思った
0.924627233,朝一買ってセットで食べましたどちらもすごく美味しかったです味噌ラーメン好きな方には本当におすすめです
0.924601558,自分の好きな料理を自分が手を加えて商品として出せるのって本当に凄いことだよなぁ
0.924321556,自分が叶えたい夢を叶えられて本当にすごいと思う自分も見習っていきますそしてどんな報告でも受け入れていきます
0.924274854,泣けましたおめでとうございます0日セブン出勤なので必ず買わせていただきます出勤前に売り切れちゃいそう楽しみです
0.923915579,ヒルクライムのライブで初めてヒカキンさんを見て知ってあれからもう何年も経ってるけど今では今でもヒカキンさんtocさんの大ファンです
0.923912647,夢が叶ってすごく良かったですね私たちも夢を諦めずに頑張りたいと思います
0.923898106,夢を実現することはとても難しい事を叶えるってすごいと思いました0月0日コンビニで探します
0.92385712,近所のセブンイレブン0店舗回りましたけど売り切れでした店員さんに確認したら問い合わせもたくさんきていて入荷するとすぐ売り切れるそうです自分も見かけたら購入します
0.923383161,ラーメン作るためにダーツの旅やってたとしてもあれは辞めないで続けて欲しい
0.923126305,みんなと苦しい気持ちとか頑張ろうという気持ちとかを共有したいっていうのが凄く伝わる商品ですね早速発売日に買って食べたいですそして夢を叶えられたこと本当におめでとうございます
0.922674156,ありがとう感動をラーメンをhikakinさんが創るラーメンやその他の料理はどのインスタントよりも美味しそう
0.922543807,店舗じゃなくてカップにした事で気軽にみんな食べられるのがなんかhikakinさんの人柄が表れてるなぁって思いました地方民なので東京でお店構えられても食べられないので食べるのとっても楽しみです
0.922352197,活動休止中も休まずに夢を叶えるために行動してたと思うと本当に尊敬する
0.922251149,夢を見るのは簡単だけど夢を叶えるのは難しいでもそれを叶えたhikakinさんは凄すぎる
0.922210176,半年後とかにスプラトゥーンのフェスで味噌ラーメン派対味噌メシ派の戦いあると思ってだけど今のスプラトゥーンフェスの選択肢三択なの萎える
0.922079772,心からおめでとうを言いたいですほんとに自分の夢を次から次へと叶えていて憧れでしかないです僕も頑張ります
0.921861309,hikakinさんのラーメンに対する本気が伝わりました発売が本当に楽しみです
0.921471638,oロo0わぉ0月0日の発売日私の誕生日だわセブンに買いに行きますね
0.921367539,わぁー夜中に再生してラーメンクッソ食べたくなったー発売したら買います0月0日楽しみ
0.921350473,ラーメンの中では味噌が0番好きだから地元でも売られるようになったら絶対買う
0.921227052,自身のメンタルの支えになってたラーメンに対してyoutubeで結果を出して恩返しするのカッコ良すぎて
0.921080081,ずっと夢を持ち続けるって事がすごい普通は一つの事で満足しちゃいそう
0.921029724,豚骨派だけどヒカキンが作ったなら味噌ラーメンも食べたいと思う味噌ラーメンも好きになりそうてかそう思わせてくれるヒカキンのこれまでの努力がすごい
0.920968922,感動だなぁラーメンの色んな袋付いてないの楽すぎて神すぎるめっちゃ良い急いでる時に0袋とか面倒だから
0.920895521,ヒカキンさんは下積みがすごいからここまで有名になって夢が叶ってくれるのはこっちも嬉しい
0.920812654,これ辛いの麻婆豆腐しか食ったことのない中学生でもくえますか
0.920555787,初コメです八甲田山かよ今日日乾き物の味付けがどうかしたのかよ古い映画でもみたのかヒカキン
0.920158435,夢を叶えられた事おめでとうございます素晴らしい発売したら絶対買いに行っちゃいますスバラシイ
0.920047974,胸が熱くなりました泣きそうです泣いてるけど感動の涙おめでとう御座いますこれからもお身体にお気をつけてください
0.919718919,自分のやりたいことをずっと貫いてんのすごすぎるこれが本物のyoutuberか
0.919630232,個人的に何より嬉しいのはヒカクラ0が再開することなんです
0.919380167,夢を叶えるって本当にすごいことだよね自分がずっとやりたかったことをできたヒカキンを心から尊敬するわ
0.91923329,他のyoutuberがやるぼったくりアパレルとかじゃなくて本当に自分がやりたいことを実現できるのは尊敬です??
0.91919705,今日比較的のどかな地元のセブンで買おうと思ったら残念両方売り切れてました美味しそうなのでそのうち是非購入したいです
0.919161952,正直ここが僕一番見ていただきたいんですけどっておっしゃってますが自分の好きな人の夢が叶う過程を見せていただけるなんて光栄でしかないから見るに決まってますラーメン見かけたら絶対買います楽しみにしてますね
0.919042892,本気で何かに取り組み頑張っている方のその夢が叶った瞬間っていいなあ前向きな気持ちをありがとうございますまだ出会えていない早く食べたいあわよくば招き猫キンにも会いたい
0.918880715,0月0日なのに店に並んでて買って食べてみましたとてもおいしかったです
0.918727248,夢を叶えることも凄いけど夢が叶う方の瞬間を共にできることは一視聴者としてとても喜ばしいです
0.918589838,自分の予想のお店出すんじゃないかなと思ってたちょっと異なってましたただ是非とも食べたいです
0.918426765,0年もかけて研究されたラーメンを0円で味わえるってめっちゃお得だなぁ
0.918309283,俺の誕生日0月0日や発売日と同じ日なんてこれ以上に最高なことは無い
0.918285096,もう涙が止まりませんヒカキンさんの一生懸命努力出来るところとか本当に尊敬します絶対に買います
0.918141903,0人の人間がこうやって死ぬ気で頑張っているのを見てるともはや伝記に見えてくるこの方は本当に澄んだ晴れた心を持っていると思う
0.918070321,hikakinが0年かけて編み出したラーメンが上手くないわけがない絶対に速攻出たら買いに行く
0.918066053,まだ食ってないからなんとも言えないけど自分の知名度を利用してなんとなくな気持ちでラーメン作りに手出したとしか思えないしほんとにラーメン作るのが夢だったんなら自分の名前を公表せずにこっそり作って周りからの意見を忖度なしでもらって初めて嬉しいって思うんじゃないのかな知らんけど
0.917928365,ラーメン店にするの飲食だからインスタントより異物混入系の事件が起こりやすくなるから絶対こっちの方がいいよね
0.917854041,すごい興味あるラーメン0年間とは凄いですねでもほんとに何もしない期間を作って欲しいです
0.917721829,こんな休みのない多忙の中でラーメンの商品作りも進めてたの凄すぎでしょ絶対食べます
0.917577899,ラーメンとメシ両方食べました確かに元気を貰いました
0.917541635,まあ味の好みとかって人それぞれだけどさこれを食べてあおるやつの気持ちがわからないんよねただただ妬みでしょって思ってしまう
0.917499327,友達と今度買いに行くらしいので俺も買う
0.917413934,ヒカキンは今回夢を叶えたけどヒカキン自身もまた色んな人の夢になってるんだよね素敵な世界だ
0.917351155,夢を叶えられて良かったですねおめでとうございます諦めなければ夢は叶うセブンで出会ったら買います
0.91720774,急上昇0位おめでとうございます0年かけてできたラーメンが買える日が待ち遠しいです
0.917173901,世界の紛争を全て根絶しましたとかでもhikakinなら許せる
0.917023517,尊敬でしかないめちゃくちゃ努力を感じるし普通にめっちゃ美味しそう私もラーメンものすごく好きなので嬉しすぎます絶対買いに行きますおめでとうございます
0.917007817,お休み頂いてありがとうございますって上の立場になったにも関わらずほんと謙虚だよね尊敬する
0.916893157,おめでとうございます全然関係ないけどサービス終了が決まったアプリゲームをサ終取り消させてみたみたいなの出来たら見てみたいですガンダムブレイカーモバイルとか
0.916873712,なんかヒカキンさんって自分の節目とかにいつも誰かの為にやる事ばかりでyoutubeを始めた頃から芯とか根本が全く変わらないんだろうなと泣きたくなる
0.916723797,私が人生で救われたのはポケットモンスターhikakinの気持ちよく分かります
0.916708118,0時間以内で急上昇ランク0位になったのがやばい
0.916594458,おめでとうございます海外にいるので今直ぐ食べれませんが帰国したら食べたいですどんな味か楽しみ
0.916554633,再販の時に食べましたとても美味しかったです
0.916501056,今日食べましたいやぁもう食レポなんて出来ないから一言で言うとめっちゃ美味しかったです食べてよかったもっと食べたいぃけど売ってねぇ
0.916355976,ラーメンを初めて作った人ラーメンを広めた人ラーメン屋の人みんなヒカキンさんを支えてヒカキンさんをこんな大物にまでさせてくれてありがとう
0.916321331,ラーメンって安いのに幸せにする度合いは最高だよね
0.916312578,売ってないし買えないし食べれないし0月まで楽しみに待ちます今度は絶対食べれますように
0.916281066,お金を考えないで自分がしたいことできるのは努力の賜物だな
0.916276288,セブンイレブンに0月0日に出るんですか買って食べて見ますね東京にラーメンやさんでやるかと思いましたヒカキンさん人気あるからめちゃくちゃ混むよねセブンイレブンに出るんだら良かったです
0.916018409,別にヒカキンさんファンではないけどこの人の努力凄いと思うあと普通にラーメンうまそう
0.915850115,好きなことにほんと全力一生懸命な方観てて面白いし楽しい尊敬沖縄でも販売あるかな
0.915731316,自分のやりたいことにここまで真剣に向き合って努力してしっかり結果残すことってできるようで中できないことだから本当に尊敬する
0.915527752,向上心あって素晴らしいラーメン旅もしてるくらいだから好きなんやね
0.915470832,キター??ーやっぱりヒカキンさんが0番だよねどんなご報告なのか気になるけどファンの皆さんには喜んでいただけるって言ってたから楽しみだなぁ
0.915423137,夢を叶えるために頑張ってきたことが本当に素晴らしいです
0.915276919,ヒカキンのやっていくことが凄すぎて距離を感じるはずなのにすぐそばにいる感じがめっちゃ好き
0.915179139,努力アピールのゴリ押しで購買意欲を搾取するな結局は味に帰結するだろ
0.915117191,普通に習字上手い笑
0.915106092,ヒカキンのバ力舌具合が露呈しちゃったね
0.915047644,0万なんて売上だけですぐ回収できるのよhikakinはだから大したことない
0.914911276,みんな恋人作ればリア充とか金持ちが自由とか言ってるけどヒカキンみたいな好きなことを本当に頑張れて嬉しさに溢れてる人が真のリア充だと思う
0.914797145,0日前で0万回再生えぐすぎだろ世界のhikakin
0.914767629,一年間夢を叶えるために頑張ってたヒカキンさん凄いし尊敬した
0.914603643,お金持ち始める献呈的な人調子にのりすぎだわでも売れるといいですね
0.914487849,いくら企画とはいえしっかり色と研究して自分なりのラーメン作ってるのがすごい尊敬するわ
0.914434221,頂点がこの人で良かったと何度思えばいいんだろうか
0.914395664,無事に買えた結構残ってたので友達と買った0人で喜んだ
0.913941682,また新しい夢の実現を期待してます頑張ってください
0.913768503,ただ発売するのでなくラーメンに助けられた感動的なエピソードがあるのがやっぱりヒカキンさん神だなって思う
0.913745568,マジですげぇわ休んでも休まなくて準備して一刻でも早くみんなに知らせれるよう努力してるとことか本当に美味しそうなのが伝わってるくる
0.91369402,ファン視聴者を大事にするヒカキンさんプレゼントだとかばら撒きすぎないで欲しいな
0.91368817,両方とも買えました
0.913602508,再生回数見て思ったけど今でもみんなの関心を惹き付けてる事が凄いちゃんとみんなhikakinの事気になってるんだね
0.913585618,夢の実現おめでとうございます伝えたいことが箇条書きなのがわかりやすく誠実でラーメン屋っぽくもある
0.913559758,元スーパー店員が好きな商品を作れるまで有名になったのが本当に凄い
0.91342581,味噌ってのがいいですね食べてみます次あれば豚骨も期待してます
0.913387476,そういう事だったんですね夢を持って努力して叶えるなんて凄いです本当におめでとうございますこれからも応援してます
0.913315668,これ見たらヒカキンがどれだけラーメンを愛し夢に本気だったか分かる素直におめでとう
0.913289115,他のラーメンより美味いとかそういう言葉使わないのがやっぱりhikakinって感じがして大好き
0.91326421,努力が報われる瞬間はまさにこの事なんだろうなヒカキンさんおめでとうございます
0.913141505,単純に小麦アレルギーで麺が食べられないからカップ飯あるの嬉しい
0.913099277,今日0日ですがセブンで購入しましたお店でも派手なディスプレイでしたよいただきますいただきますっ
0.91303871,塩や醤油豚骨のバージョンのラーメンも出してほしいなー
0.912983301,発売おめでとうございます早速購入させていただきましたところ息子が当たりマークを出しました大きなご利益がありそうです
0.912964617,ラーメン苦手だけどその中で0番好きな味がミソだから嬉しい絶対食べる
0.91279879,味噌ラーメンで良かった他の味だと食べないので食べてみます
0.912779989,自分の商品作ってたの凄てか休みじゃないじゃんまぁ自分のしたいこと実現できることってやっぱすっごくカッコイイこれからも頑張って下さい応援してます
0.912772588,下積み時代も諦めず努力した結果これなの最高すぎて大尊敬
0.912688462,youtube続けながらもこれを着と進めていたと考えると本当にすごい
0.912593273,正直かなり楽しみ自分の口に合うかはもちろんわからないけどhikakinさんが思う至高の一杯がどんな味なのかは食べてみたい
0.912394081,疲れてるからとかじゃなくて報告準備に集中するために休むといういつも視聴者思いのヒカキンさんならどんな報告でも応援できます
0.912363915,本当におめでとう夢を叶えられて本当に良かったね楽しみにしてます
0.912309406,完売で買えませんでした孫が楽しみにしてました再発売お願いします
0.912272361,ホリエモンも褒めてましたねコンビニで探しに行ってみます
0.912214339,ヒカキンのバ力舌具合が露呈するいい機会
0.912188831,ヒカキンはまさにお金努力を証明した男
0.912168406,東京にラーメン店を開くとかじゃなくて手頃な価格で全国で買えるカップ?にしたところがヒカキンって感じして好き
0.912118876,嬉しいそうに紹介してるhikakinさん見てるとこっちまで嬉しくなります発売日絶対買います
0.911998487,バンカラジオさんもコントでやってましたよ
0.911960287,是非食べてみたいヒカキンさんをずっと支えていたラーメンこだわり抜いた一杯を食べて元気を貰えるといいなぁ
0.911875827,自分的にはラーメンの方がそのときに食べたかったからおいしかった長文すいません
0.911820798,味噌ラーメン苦手なので醤油か塩も作って下さい
0.911698498,最近のヒカキンあるあるかもしれないけど後付けの夢っぽくてなんかねって感じここまでやる熱量とかは尊敬してます
0.911425203,ラーメンとかだけじゃなくてhikakinプレミアムの最初の商品なの夢があって嬉しい
0.911246812,カップ飯派でしたどっちも美味しかったです?
0.910970926,hikakinさん忙しい中でも本当に好きなことして生きてる感じがしてすごくいい
0.910916891,今日初めて食べたなんかカップでいける味噌ラーメンの限界に挑戦してるといえる味だったこれはリピーターいるワケだ
0.910893881,おめでとうございます絶対に買って食べたいと思います本当に美味しそう急上昇ランキング0位素晴らしいです
0.910821384,夢があってもなかなか叶えられないことが多い中それが叶うだけでも凄いですそれだけでも感動です本当に夢を叶えることが出来て良かったですねおめでとうございます
0.910787981,0番びっくりしたのがhikakin様の書道が想像以上に上手かったこと
0.910633412,めっちゃ美味しかったです息子も喜んで食べてましたありがとう
0.910541564,濃厚味噌ラーメンが税込で0円なのなぜかひかきんの優しさ詰まってるような感じがしてすき
0.910507088,しょうもなって言ってる奴お前らが高く見すぎただけやろ本当にhikakinさんおめでとう
0.910396078,好きなものを自分の商品にしちゃうっていう偉業ほんとにすごい0年かかったり活動休止になるのも頷ける
0.91031472,一週間休むのが夢でしたとかでも納得
0.910198768,これはこれは努力の結晶でしかないですねぜひ見かけた際は食べて見ます
0.910096947,youtube活動だけでも忙しいのに他の夢も叶える事が出来るヒカキンさん凄いです
0.910052553,夢はいくらでもあるけどそれを叶えれたっていうのが本当に凄いことだと心から思う
0.909952644,夢が叶って嬉しそうなヒカキンを見てるだけでこっちは嬉しいよよかったねーラーメンもご飯も絶対買う
0.90990736,おめでとうございますセブンでかえるの有り難い元気がない時に私もヒカキンラーメンでパワーもらいます?
0.909681977,僕もラーメン大好きです僕もラーメン作ってみたいなあ田舎なので買えないですけど旅行行った時買いますね
0.909616953,バズり目的の為に使われてて可哀想
0.909581648,hikakinさんが作ったラーメンなんだから絶対美味いに決まってる絶対に買います
0.909568883,特別hikakinがすきってわけじゃないわたしでもめちゃくちゃ凄いなって思うしやりたいこと叶えてること尊敬するしもうなんか凄いなって思います語彙
0.909535847,自分の夢を叶えれて良かったですね
0.909432834,おめでとうございますとても美味しそうでアメリカでも買えたら嬉しい大ヒット商品になって海外進出もできますように
0.909388726,hikakinさんの作られたラーメン美味しそうで食べたいなと思いました
0.909372596,でも結局お金入るのは自分のところだろ笑
0.909326128,スーパー兄弟地元の人も嬉しいし誉ほまれだよね
0.90930376,現在イギリスに住んでいますが両親に頼んで送って貰います改めておめでとうございます
0.90902235,活動の休み時間が夢を追い続けていた時間とかカッコよスギル
0.908797562,世の中の色んなものを見たり食べたりしてきた人がこれは良いと思って作ったものたち興味あるわ
0.908760933,今までと全く違うトーンのヒカキンさん感動しました
0.908695826,うへへ0円拾いやしたラーメン三杯いただきやす◎
0.908626783,ヒカキンー今日買って食べたよメシすごく美味しかったまた買います
0.908532102,hikakinpremium立ち上げおめでとうございますヒカキンさんの夢が叶ったこだわりのラーメン楽しみです
0.908523703,辛い事を乗り越えた人だけに娯楽が待ち構えてるんだな
0.908430067,初めどれだけすごいか分からんかったけど冷静になって考えたらとんでも無いことしてるの草
0.908315622,見たら食べてみたいと思いました次の給料日に買って食べたいと思います
0.908280806,実際口に合う合わないは絶対あると思うけどここまで頑張った過程を考えるとそんなの関係なく食べたいって思う
0.908262643,0年間大好きなものに熱中して本気でできるの本当に尊敬
0.908262639,普通にいい話なんだけど恩師を紹介するかのようなテンションでラーメンについて語ってるのなかなかにシュールで笑った
0.908154591,やりたいことをなんでもできちゃうそれがヒカキンの力短いお休みで休めたかなもうちょっと休みたいよね
0.908149096,東京に住んでいなくても食べることが出来る名義だけ貸してるとかでもない本気の一品絶対食べます
0.907560532,購入させて頂きましたとても美味しかったです
0.907528492,ヒカキン俺このラーメン買うよサイコーじゃんyoutubeドリーム見せてきた男の夢の結晶でしょ
0.907430083,ヒカキンさん0年前ゲーマーと言いましたよね
0.90738016,ヒカキーンおめでとうこれからも応援してるラーメン買えなかったけど次hikakinプレミアムの商品は絶対買ってやるー頑張ってください
0.907320207,ヒカキンの熱意というか思いが分かるまず真っ先に自分で思う通りにするヒカキンが凄くて羨ましい
0.907287129,初期の頃から忘れられないものってめちゃくちゃいいよねぇしかもそれが実現出来るなんてロマンあるわ本当におめでとうございます
0.907227192,本当に努力の塊でしかないhikakinさんが頂点で本当によかったぁ
0.906986417,何にでも真摯な姿勢を崩さないんですよねそういう所が大好きです家族の分も買ってみんなで食べたいです
0.906669061,自分のやりたかった事が出来てよかった何事にも頑張って欲しいな
0.906622767,絶対にどっちも買います休んだ理由がこんなことでよかったですこれからも頑張ってください大好きです
0.906303894,買いに行くね美味しそうもし叶うならヒカキンさんが着ているtシャツプレゼントキャンペーンしてくれますか
0.906113993,水筒にお湯いれて学校に持っていって食べようとしたやついたで
0.906013363,これは売り切れなるだろうなー買いたい名言食べ終わったら容器は綺麗に保存だほんと美味しそうで
0.906011169,発売決定おめでとうございます0月0の発売日に0つとも買いますこれからも応援してます頑張ってください
0.905999209,味噌ラーメンは普段あまり食べませんが流石に買わずにはいられません0日セブンに走ります
0.905875564,めちゃくちゃ美味しそうに食べるからお腹すいてきました絶対どっちも買います
0.905846939,hikakinさんみたいな色んなことに夢を見てチャレンジできる人になりたいと思った
0.905837881,好きなことにここまで全力を注げるのも聖人と呼ばれる0つの理由なのかもな
0.905647546,ヒカキンさんみたいな人も最初は苦労してたマジ尊敬
0.905643265,ジジキンは天国で笑ってるヒカキンのゆめが叶ったから
0.905549507,スープと麺が美味しかった今からまた買いにいきます
0.905090174,つよぽん絶対に0月0日買ってみようかな超美味しそうだね
0.905079634,私ヒカキンの誕生日のまえがたんじようびです
0.904619944,これだけの成功を収めているのにまだ夢を追う姿勢が好きです
0.904439823,売り切れてました店員さんに聞いたら製造はもうないって言ってたので食べられないかも
0.904427271,まっすぐで真剣で真摯でやっぱりヒカキン大好きヒカキンの夢が叶って嬉しいラーメンもカップメシも食べるの楽しみ
0.904296884,体を休めるための休みも必要だけどだだの休みじゃなくて自分のやりたいことに集中するための休みってかっこいいな
0.904256218,ヒカキンさんヒカキンさんめちゃくちゃ美味かったですほんとに努力したのが伝わりました
0.90425531,長年の努力が色んなところで反映されてるところが本当にすごいと思う
0.904149436,店をひらくなら遠すぎてヤバい青森だからだけどコンビニなのがいいしお手頃価格なのがいい
0.904119542,ちゃんと全国のラーメンを回るという伏線をはっていたと思うと鳥肌もんだわ
0.904090705,もう美味すぎて鳥肌たったわラーメンも美味いけどメシがやばいくらい美味しかった
0.903969788,ミソキンラーメンの残り汁にご飯いれたらミソキンメシにならんの笑
0.903807253,スーパーで商品を並ばせる側だったのが並ぶ側になったのが凄すぎる
0.903685276,両方食べました最高に美味い箱買いしました
0.903679677,甘めって事はミサに近いのかな
0.903483925,頼む復活にしてくれ皆あなたを待ってるんだよ
0.903455758,好きなことを極められる人は本当に努力をしてきた人だと思います尊敬
0.903391443,感動するなぁヒカキンさんの夢が叶ったの本当に嬉しいなおめでとうございます
0.90323593,今回のやり方は常識的にグレー過ぎるぞ
0.902997582,新幹線代往復0万チョイ払ってでもみそる食べに行きたい
0.902978148,この量で0円オーバーは高すぎだろ
0.90279766,号泣してしまいました本当におめでとうございますかっこいいです発売されたらセブンにいきますね
0.902759782,食べましためっちゃ美味しかったですしかも当たりが出たヤッター??
0.90263102,全年齢対象にしてるの流石やな
0.902563423,両方とも食べました美味しかったです
0.90248997,同じラーメン好きとしてここまでやるhikakinさんを尊敬するラーメンうまいよね
0.902321377,誰でも手に取れる価格帯ってのもありがたい必ず買って食べますそしてみんなのコンビニ紹介気になりますね
0.902226359,これは招き猫キンがでるまで食べたいと思います自分もラーメン大好きなので
0.902166383,まずいだのおいしくないだのケチつけてる人見かけるけど何かと叩かないと気が済まない層に少なからず興味持たせて買わせてる時点でヒカキンの勝ちだよ
0.902008457,これが全国のセブンイレブンに並ぶのはこちらとしてもすごく嬉しい
0.901986256,今までの様挑戦を経てたどり着いたラーメン食べるの楽しみです
0.901953195,ラーメンの味で味噌が0番好きだからめっちゃ嬉しいしかも安い買うしかないなヒカキンさんありがとうそしておめでとう
0.901806193,0年振りくらいにhikakintv開いたけどオープニングが全く変わってなくてなんか安心したいつでも帰ってきていいっていう安心感ある
0.901805031,純粋で真面目な人だなぁと改めて感心させられました
0.901782187,私もラーメン大好きなので絶対買いますおめでとうございますここまで努力できるのが本当に尊敬します
0.90170665,監修って名前だけ貸して開発とかはほぼ任せっきりな人もいる中こんな0から0まで全部本気で本人が携わってるのすごいな
0.901680154,hikakinの凄い所はラーメンとカップ飯を両方しっかり食べてるところ
0.901443381,ヒカキンが青色の服着てると嬉しい
0.901311953,これだけ影響力ある人は何を発売してもすぐ大好評になりそう
0.901213272,ヒカキン完全こだわりのラーメンならいいけど味的に元のラーメンをちょっと変えただけならわかんないなーラーメンに関しては厳しい世界だからヒカキンってだけで売れると思うけど美味しくなかったら売れなくなると思うけど人それぞれの好みだからわかんないけど
0.900924254,ヒカキンさん新しいラーメンを発売されるということでおめでとうござまいす発売を楽しみに過ごさせていただきます
0.900504505,ほんとにみんなに喜んでもらえるように作ってくれてるのがほんとに伝わるhikakinさんの夢が叶って良かったです
0.900165775,ラーメンに凄くこだわって作られたのが伝わってきます発売日楽しみです
0.90005523,一時期すごい太ってた時あったけどラーメンの味作ってたのか
0.900022001,なんか福くんが仮面ライダーになるって夢を叶えた時くらい勝手に感動した
0.900013298,サッポロ一番の旨さが再認識できた
0.899979285,本当に努力してみんなを明るく元気にさせるラーメンにしたいっていう気持ちがすごい伝わった
0.899960007,hikakinさんが美味しく食べてるのを見ると発売が待ち遠しいし早く食べてみたいー
0.899867657,ヒカキンさんわたしもたべました0さいのはるとよりヒカキンさんだいすきですよ
0.899565749,ヒカキンさん早く食べたいヒカキンさんの人柄が皆さんが携わってれるんでしょうね
0.899528024,一年賭けたラーメン食べますね近くで買えるの嬉しい
0.899509081,いろんな意見があると思うけど自分はヒカキンさんが心を込めて作ったんだって信じてる
0.899412609,今日発売なのか売り切れてそうだけど絶対食べたいなこれを食べるために頑張って生きますっっ?-?
0.899362461,本当に今までずっとみていたのできっとhikakinさんならみんなをワクワクさせるご報告なのかな
0.899206159,どっちも美味しかったです個人的には飯派でした
0.899110725,報告長すぎて校長先生かと思っちゃった
0.899073867,絶対買いますhikakinさん素敵です休んでないですよそれみんなのために頑張ってるとか尊敬です
0.898623784,遂に報告来ましたか何かワクワクしちゃう?≧??≦?
0.898573534,当たりでたらせめてtシャツとかあげたら良いのに笑
0.898527801,すごすぎる夢を叶えていくのすごいよo??o?発売されたら絶対食べる人気すぎてすぐ無くなりそうで怖い
0.898507655,いい歳したおっさんがこれレジ持ってきたら笑うわ
0.898486712,いやすごすぎるわyoutube活動だけでも忙しすぎるのにその合間を縫って自分の夢を叶える活動をするなんて
0.898202288,本当に尊敬する自分もヒカキンさんみたいな素晴らしい人間になるために色んなこと一生懸命頑張りたいです
0.898174929,ラーメンの方をさっき喰ったけどイマイチだねごつ盛り味噌の方が好みだわ
0.898162058,この人がちでまじもんなんて言うんだろうここまで誠実で真実で素直な人見たことないんだよねヒカキンさんを見てると大人って素敵だよな捨てたもんじゃないって思える
0.898108606,ヒカキンの元気な姿が見られるのは嬉しい
0.898058312,いつもはhikakin面白いなぁって感じで見てたけど今回のhikakinはカッコイイやっぱり夢を実現できる人はカッコイイです
0.897968655,hikakinさんが監修したやつなのかなすげぇ
0.897961996,やっぱりhikakinは人間性もパーフェクトだし表の人間としてもパーフェクトだと思う
0.897939484,味噌ラーメン味のカップ飯は売ってないからめちゃくちゃ嬉しいです絶対買います
0.897646499,じゃあ次は卵とネギを使ったラーメンを作ってください
0.897622533,インスタで見ましたラーメンとカップ飯絶対食べますψ
0.897590457,いつでも視聴者のこと考えていて本当にすごいと思う
0.897561586,まじでかっこいいどんなに苦しくても辛くても頑張った先にこんな未来が来ると信じてがんばります
0.897465678,夢を叶える人って裏で相当苦労してるのが垣間見える本当にすごい
0.897446389,ラーメンばばあのときを思い出す本当にラーメンが好きというのが伝わります
0.897350745,0日まで待ちきれない私もラーメン大好きです本当にすごい行動力だよhikakinさんおめでとう
0.897292962,元スーパー店員の経験とか活かして商品開発してるのすごいそのままスーパー続けててもその内商品開発部とかに異動してたかもしれないね
0.897273278,本当にこの人youtubeで自分の夢全部叶えるんじゃないかなずっと応援するけども
0.897271868,一店舗0食しかないのって本当ですか
0.897252741,ほんとにうれしそうつたわってきます東京に行ったりせずセブンで買えるなんてヒカキンさん本当にありがとうございます
0.897223299,この人はたった一週間の休みのために盛大にみんなのことを考えてるんだなこの人こそ本物の聖人だ
0.897219984,もうすまんけどhikakinさん超えるyoutuberはほんとにいないもう俺が決めたこの人は人としてもyoutuberとしても最高って感じで大好き
0.897213856,ラーメン好きにデブが多いことの証明
0.897199588,正直に言います失望しました
0.897135853,これだけ夢を叶えた人なのにまだ叶えたい夢があったなんて凄すぎる
0.897110637,ラーメン作り報告とか言うから期待したけど舐めたこと言うなよ??
0.897007353,生姜感が強いと感じたのは気のせいですか??
0.896956403,カップメシの方0食目からはチーズ入れて食べてみたい
0.896931254,同い年で一番尊敬と安心感がある人柄ですラーメン発売おめでとうございます当日買いに行きます
0.896782841,誰がやっても同じだろヒカキンである必要性がない
0.896751463,ラーメンの方が美味しかったです
0.896705658,うへへ0円広いやしたラーメン0杯いただきやす◎
0.896641455,食べたい他の味は作る予定あるのかな食べてみたい豚骨とか醤油も
0.896549865,hikakinさん私に希望を与えてくれてありがとうございます私も頑張ります
0.896266731,父に0年育ててたアロエ捨てられてショックだったけどなんか元気出た
0.896244671,下積み時代ほんとうにしんどそうなのにここまで頑張って夢叶えてて尊敬します
0.896224879,むしろしょーもなでバズる目的だった説
0.896151378,カップ飯大好きなので凄く楽しみです発売日にセブン直行します
0.896115991,やたぁみそめしはあったので買いましたラーメンは売れ切れて無かった
0.896081856,具材がくるりのラーメンぽいのも感動でしかない笑
0.89599595,視聴者が体感しやすい食品への事業展開してくれてほんと嬉しい
0.895823685,好きな事を趣味として生きていくの本当に尊敬してる
0.895782344,言うこと忘れましたとか言っても全然許せる
0.895232426,しょうもなってコメントちょくちょくあるけどこれのどこがしょうもないのか説明して欲しい笑笑
0.895166235,みそきんくんぬいぐるみ欲しいノホスィ再販記念にもう0回プレゼント企画お願いします
0.89515733,しょうもないって言われても夢を叶えられることはすげーよ
0.895090623,0万個は売れるだろうねってなるといくらの儲けなんだろヒカキンに0億くらいは入ってくるのか
0.895047528,大好きなラーメン旅企画が商品開発の伏線だったの嬉しすぎ
0.894595282,これ作る為に0年の新曲出さなかった説
0.894574537,エビとかカニを入れずにアレルギーの人でもなるべく楽しめるように作ってるの好き
0.894552927,セブンで出してくれるの嬉しい田舎者でも手が出せる笑
0.894513023,なかなかいないと思いますが私ラーメンが苦手なんですよそれでも全然食べることができましたhikakinさんありがとう
0.894423548,これからこちらの新商品のpop作りをさせていただきますセブンイレブン社員です売り切れそうわたしも食べます
0.894334157,早速それぞれ0つずつ買いました人気すぎて売り切ればかりで何店舗も周りました笑
0.894288491,アレルギーの関係で小麦がたくさん食べれないのでメシ版が凄く嬉しい味噌大好きです絶対食べます
0.89420369,結局休んでなかったことが判明
0.894183467,今日招き猫キン当たったのでhikakinさんが言ったみたいに大事に取っています
0.894123398,すげぇよヒカキンさんそしておめでとうこれからも応援しています
0.894101937,再販決定と聞いてまた見に来てしまった
0.894021097,hikakinさんの投稿全然見ないんだけどヨダレ出そうになっためっちゃ美味しそう遅
0.893982374,ずっと商品紹介してとうとう自分の商品ができたんですねおめでとうございますセブンのオーナーなのでたくさん発注しますね
0.893927653,みそるから来ました寄せすぎてて笑いました
0.893906356,お身体に気をつけてくださいね次はほんとに0ヶ月くらいお休み取ってくださっていいんですよー
0.893553046,蒙古タンメンがライバルかな辛いバージョンも出して下さい
0.893536106,まってまさかのみそめし美味しそうすぎるヒカキンのことだから本当にこだわって作ってくれてるはず絶対食べまーす
0.893350349,ヒカキンの癖に廃課金な行動するな散財しすぎ
0.893312118,食べてみましたスープがマジで美味え
0.893224275,失望したもう二度と買わない
0.8931764,麺は普通スープはまあ頑張ってるけど返金してほしい
0.893071066,中野来たら札幌ラーメン味七上手いから食べてみて味噌ラーメン
0.893004932,この人のこだわりましたほど説得力のあるものは無いよねめちゃくちゃ楽しみ
0.892992503,ぼくはずっとラーメンを食べたかったヒカキンのラーメンができましたブタメン
0.892805591,だからラーメンダーツとかやってたんだね好きなものを本気にできるのって本当に尊敬できる
0.892558922,人生で受けた恩を自分の人生をかけてまた人に与えていくスタイルが本当に素敵
0.892502953,絶対買うこんなの買わないわけ無いじゃないですかまずヒカキンさんの作ったラーメンってとこで買わないわけ無い
0.892490957,買いましたすごく美味しかったですラーメン屋のラーメンより美味しかったです≧≦ありがとうございますたくさん食べます
0.892445717,hikakinさん売り切れてました食べてみたいので再販お願いいたします笑
0.89241822,夢が叶えられて凄いこの努力は見習わねば
0.892259764,0から0にするのってホント大変自分の夢を実現させる努力すごい
0.892185027,普通に美味しそうだし一般市民に気軽に手に入りやすくて凄くありがたいです買いますね
0.892160794,沖縄のセブンにもあるのかな買いたいな
0.892061856,どうせhikakin印のラーメンでも作ったんでしょ鼻ホジ
0.891694157,待ってこれにこの感想は失礼だと思うけど字うますぎる
0.891454602,内容がなんであれ夢を叶えるってのは普通の人ではなかなか成し遂げれないことだからほんとに凄いと思う
0.89142196,コンビニでかえるのうれしいよありがとうヒカキンカッコイイだいすきたべたらいれものかざっとくよ
0.891376374,様なバラエティーヌードルも期待してます
0.891263017,休止といえど結構働いてたのねいやすごいな食べるの楽しみすぎる
0.891212938,ファミマ派だからファミマまで置いて欲しかった感ある
0.891161109,しょーもなとか言ってる人人の夢をそう思うことがしょーもないと思うよ
0.891104614,こういう有名人が関わる商品って大体ちょっと口出すくらいで後は全部任せるって感じの印象だったけどヒカキンはめちゃくちゃ従事しててやっぱこの人違うなって思ったわ
0.890984316,久に見たらソファの人形がヒカキンだらけになってる
0.89091981,味噌の甘味を人工甘味料で出そうと思ったら大間違いですぞ
0.890904982,カップの中に箸差しっぱなしなの嫌だ
0.890820617,習字普通に上手い
0.890787731,このラーメン好きアピールがしたいから何ヵ月前からラーメン旅とか始めたのかな
0.89076727,ラーメンの無い世界なんて考えられないほんとにラーメンって多くの人を救ってると思う
0.890681254,商品紹介を主にやってたyoutuberがこうして今自分の商品を紹介してるのほんと感慨深い
0.890681254,商品紹介を主にやってたyoutuberがこうして今自分の商品を紹介してるのほんと感慨深い
0.890619814,店舗じゃないところがまたyoutubeの身近さを感じましたなんか泣きそうになったおめでとう
0.890326805,同年代でハモネプやってたって思うといつも鳥肌というか感慨深くなります??
0.890301791,hikakinさん花月嵐ラーメン屋に行ってくださいお願いします
0.889876062,ラーメンとかtシャツとか誰でも買える値段にしたとこに好感もてる
0.889574867,0分ぐらいのいい感じの曲は心響shionです
0.888940797,濃厚味噌で香味油白味噌使用麺処くるりが本当に好きだったんだなって分かるわな
0.888801034,0ヶ月でも休んでくれてよかったくらいすごいことしててほんと尊敬する
0.888746912,絶対買います夢がかなって良かったですね僕までもうれしくなりました
0.888660873,俺やっぱ純粋で何事にも本気なヒカキン大好きだわ
0.888224392,信頼がやばすぎて買おうって自然と思った
0.888147697,是非食べてみたいですhikakinさんがラーメン好きとは嬉しい
0.888119337,発売日へずまの誕生日なんだが
0.888102069,何回見てもご兄弟揃って招き猫引いてるのヤバいですね
0.88804486,ヒカキンの本体はメガネだと思う人
0.888011822,本当に楽しみにしてますカートンで買いたいです
0.887876535,何かとドキドキするけどヒカキンさんの夢が叶うんだったら嬉しい
0.887657332,0日たった今でも急上昇入ってんの凄すぎ
0.887641605,好きなことで生きていくを実現させた漢かっこよすぎる
0.887594245,体調崩して買いに行けない明後日でも残ってるかな
0.887545843,こんなに成功してもちゃんと辿ってきたことを忘れてないところがとても好きです
0.887525234,そんなことだろうと思ったコンビニ行って買いますねー
0.887419597,あと少しで再発売されるから見に来た人
0.88736716,なんか泣けてきたよヒカキンさんあなたはほんとにyoutube界の宝だよ
0.887232311,ヒカキンは何回ラーメンと言ったでしょう
0.887129296,すげぇなぁやっぱ出来る人は何に手を出してもやり遂げるんだなぁ
0.887046347,夢を叶えるために発表の映像も本気で作るの流石youtubeの神
0.887034403,hikakinの夢が叶うのならいくらでも休んでいいのよ
0.886888063,どこかに行かないといけないとかじゃなくてどこでも手軽に買えるってのが神夢叶えれて良かったです
0.886509781,みそキン必ず買いに行きます行く時間であればいいけど
0.886495184,味噌ラーメンからもやしメンマネギ赤い調味油って感じがくるり意識してそうで好き
0.886456564,誕生日に発売嬉しいです??-絶対買うしかない
0.886238719,味噌メシの方が圧倒的に美味しかったなー
0.886091518,絶対買いに行きます楽しみにしています
0.886069497,味噌も好きだけど塩キンと醤油キンも出してほしい
0.886020434,矛盾がいま話題になってますねyoutuberやってなかった時の件
0.885954234,0日か0日にって言っていてしっかり0日にあげてくれるところが本当流石すぎる
0.885910631,俺も初めて食べた食べ物ラーメンだから思い出があるぜ
0.885631074,これが自分の誕生日に発表されて嬉しい
0.885596383,0年間やってて初めての休みきっといいご報告だと思うまじ楽しみ
0.885507723,めちゃくちゃこだわり抜いて作られたのがすごく伝わりました絶対買います
0.88550174,試食の時口ピチャピチャさせない
0.885462179,こんばんは今セブンイレブン行ったら店員さんが並べててさっそく買って食べましためっちゃ美味しかったです
0.885358618,僕らに出来る最大の応援は買って美味しく食べるこれに尽きると思ってます絶対食べます
0.885317456,この度わたくしヒカキン眼鏡を新調しました
0.885262464,美味しそう自分の作品にこんなに自信もてるのかっこいい早く食べたいなあ
0.885258067,自分が好きなものを自分が満足するまでつきつめて作れるって素敵
0.885171872,時代に残るものを明確に作れるってのは誰にでも出来ることじゃないよすげえなあ
0.88510578,夢叶ったというより叶えたの凄い買います楽しみ
0.885095415,ヒカキンの特性ラーメンたべないやついねーよなぁラーメン屋いくぞぉォ
0.884920738,白味噌を入れることによってガツンとくる旨味が鈍くなる気がするけどどうなんだろうか早く買って食べたい
0.884733677,ラーメン美味しそうですけどめそらーめん食べれないのでしょうゆとかでもいいので食べたいです
0.88466483,田舎はないかと思ったけど全国で嬉しい絶対買う
0.884542544,これは絶対買って食べますラーメンは本当に食べると幸せになりますよね
0.884519175,ヒカキンのラーメンを食べれるのは嬉しすぎる泣
0.884446411,しょうゆラーメンが美味しすぎて味噌ラーメン食べたことないのに凄く美味しそうこれは買いだな
0.884306755,シンプルに凄い本当に頑張ったんだなって尊敬できますね
0.884282173,一十二度見ても
0.884212649,ポプラに買いに行っても全然売ってないんだけど
0.884150049,0時間で0万再生に迫るのはさすがすぎる
0.884109226,今日の朝買ったスープが美味しかった
0.8840424,ヒカキンさんの努力は本当にすごいこれからも頑張ってください
0.883704448,出来ることなら毎日食べたいくらい同じくラーメンが好きなので必ず買って食べます
0.883601343,なんかhikakinさんはyoutuberで成功してるからとかそういう妬み全くない努力が実った人だなぁって見れる
0.883125255,ファミマの札幌味噌の方が美味かったわ
0.883103633,美味しそうやばあ夜の0時食テロすぎぜったいたべる
0.882977578,食べました美味しかったですまた食べれることを楽しみにしてます
0.882950455,熱湯入れたら0分じゃなくて0分待つのかさすがヒカキン全てがオリジナル
0.882863073,これに救われ励まされた人間がまた新たな物語を紡ぎ出す
0.882812148,最近味噌ラーメンハマってるからマジで嬉しい
0.882770352,息子と一緒に食べたいと思います
0.882716516,結構マジで少しでいいから休んで欲しいとりあえず夢叶えられておめでとう
0.882509635,0年間かけたラーメン絶対買いに行きます楽しみです
0.882508438,普通の味高い買わない方が良い
0.882386181,手に入れ増したマジで嬉しいです
0.882296115,努力が凄すぎて俺も頑張ろう
0.882162533,これ見て泣いた人いない説明すると長いけどすご心打たれた
0.882154026,こんな時間に見ちゃったからお腹すいた
0.88180394,hikakinってたまに見るとほのぼのしてふふってなれるなんか疲れてたけど少し心穏やかになれたhikakinありがとう
0.881701172,下積み時代ラーメンに救われた少年ナルトやんけ
0.881576915,hikakinさんってなんでこんなに私利私欲みたいなのを感じないんだろうみんなを笑顔にしたいっていう思いですごくすごくこだわって作ったのが伝わってきてなんか泣きそうになっちゃった
0.881355524,どんな報告でも応援することに変わりはないんだけど全国ツアーだといいなぁー
0.881179068,どうでもいいけど0時間で0万回再生はやべえな
0.881149223,実質全く休みではないの草純粋に尊敬できるわ
0.881114416,視聴者の意見どうこうじゃなくてちゃんと自分の好きなこと貫いて努力してるのかっこよすぎる
0.88110998,youtubeやりながら0年これを作れたのはすごいと思う
0.881048144,おかんがラーメン出すかなんかの商品ちゃうん言うてたんマジで当たってんやけど笑
0.880947873,hikakinさんは安心して一生推せる発売が楽しみ
0.880934925,思ったんだけどヒカキンボックスってヒカキンプレミアムの商品じゃないんかな
0.880882857,ポジティブな報告なのかネガティブな報告なのか事前に言ってくれるのを本当のありがたい心持ちが穏やかで見られる
0.880792106,よっかたですねゆめがかなってぼくもたべたいですどうががんばってぐださいぼくもおうえんしてます
0.880673958,映像比べに来ました
0.880484694,セブンないんよなー生協かイオン系列で売ってたら買う
0.880418873,セブンイレブンのオーナーやってますおそらく特発で発注上限かかると思いますが上限いっぱい発注させてもらいます
0.880289676,夢を叶えようと努力して叶えるってすごいことだと思う
0.880287106,バイト終わりに速攻買って食べました凄く美味かった
0.880268269,うわあすごく感動してなんかうるうるしましたこんなに頑張ってる人がいるから私も頑張らなきゃなって思います
0.880195476,なぜか0回目に食べた方がさらに美味しく感じました
0.880092806,ひねくれコメ多すぎやろ笑夢を叶えただけなのに
0.88004742,ヒカキンさん今年セイキンさんとの曲作らないんですか
0.880036669,カップ飯も出してくれるところが最高
0.880032554,服とかじゃ無くてラーメンなのほんとに好き流石hikakin
0.880014762,買えなかった負け組に手を差し伸べる必要なんか無いよ
0.879404834,めっちゃ美味しそう??0つとも買います
0.879299451,発表するまで0分もかからないの流石ヒカキンって感じして好き
0.879131036,自分も夢に向かって突き進んでさらに実現させるような人になりたいな
0.878995813,人気すぎてすぐ完売なるゆですよね買えたら買って食べてみます
0.878909662,カッコよすぎる絶対に買います味噌ラーメン好きなので早く食べたいです
0.878841764,初めて発売される商品って言い方だと次もあるのかな
0.878829529,ニューミサとどっちが美味いですか
0.878782025,こういう時のhikakinあるある→ファンが心配するような事じゃなくてむしろ応援するようなことしかない
0.878733773,塩分多すぎ一日の目安思いっきり超えてる
0.878457061,どこまで行ってもめちゃくちゃ優しい人だなあ
0.878304523,これだけ成功してても夢に向かって走り続けて実現させるとかカッコ良すぎる一人の人間として尊敬
0.877988375,夢を叶えられるって凄い事だな自分の好きな食べ物を商品として出せるなんて凄い
0.877974349,ファミマローソンでも販売して欲しい
0.87792115,賞味期限が自分の誕生日で運命感じた
0.877610627,あたしもラーメンは大好きです楽しみにしてます
0.877506563,コンビニ行ったら0日早く売ってました美味かった
0.877470527,0日で0万回再生以上いけんの凄い
0.87733182,0時間で0万再生やはりyoutubeの王だったか
0.877312236,店舗出すより賢いかもしれないスタッフも店舗もなくても成り立つ
0.87724805,いいねの数×0個買うわ絶対いいね来ないだろうし笑
0.877132157,突然国家転覆やぁりましょうとか言われてもヒカキンさんなら株上がりそう
0.877127988,あまりにも本気すぎて勝手に感動した
0.876886381,これからも夢を叶えて夢を俺たちに見せてくれ
0.876683746,夢を叶えるの裏にはとんでもない努力があることを改めて知れる
0.876612772,hikakinさんの作るご飯食べてみたかったんですめちゃくちゃ嬉しいですhikakinさんの夢が叶って良かったです
0.875991639,これは売れる口角が上がる感覚わかりますさっそく0日からセブン見てきます
0.875933376,ツールドフランスの奴も好きなラーメンラーメンは世界を救う
0.87576353,らーめんもいいがもうそれ以上太るではないぞ
0.875738753,新潟のニューミサが混むぞー
0.875686989,醤油ラーメンも作ってくれませんか作ってもらえたらうれしくていっぱい買います
0.875470354,めっちゃうまいですラーメンとカップメシどっちもちょうどいいニンニクの感じでこだわりが伝わりました
0.875461135,翌日にはもう売り切れってこの企画は大失敗だと思う
0.875284152,くそー食べたいのに近くにセブンがないあったとしても二時間かかる
0.875257186,努力は人を裏切らないとはこのことなのか
0.875249657,自分の夢を追うという事は凄く良い事とだと思う
0.875244413,めちゃくちゃ楽しみワクワクだねー絶対食べたい買いに走るよー
0.875186783,さっきコンビニ行ったら発売前なのに売ってたから四個ずつ買ってきた食べるの楽しみ
0.87502488,売り切れたら終わりとかじゃ無くどんどん作っていつでも買えるようにしてね
0.874768887,食べたかったけどたまごアレルギーだつらいたまごなしのもだしてヒカキン
0.874655362,しおきんもほしいなんにせよおめでとうございます
0.874446301,この人はどこまで素晴らしいんだ
0.874408872,自分のやりたいことを全力で出来るのカッコよすぎる
0.874300423,めっちゃくちゃ嬉しい自分の事の様に喜べる
0.874207823,明日から発売ですけどちゃんと手に入るかなーすぐ売り切れてたりして
0.873864647,食べるのが楽しみです娘にも食べさせてあげたいです
0.873664478,ヒカキンさん塩分0はやべえって
0.873577188,正直食べたくてしゃーない味噌ラーメンとか王道貫くとこ好きやぞ
0.873546209,人生が変わるときもラーメンを食べてたはエモすぎる
0.873464237,普通の味でした不味く無いけど美味しくもなかった0円じゃ無く0円の味だろコレガッカリ
0.873413853,こうゆう有名人の商品ってぼったくり多いけどヒカキンさんはちゃんと商品として出すのは尊敬
0.873368759,pvのあとの真顔おもろ
0.872825744,あのラ王より高いのはびっくりだけど0円なら全然食べたい
0.872716224,本日頂きましたとても美味しかったです
0.872664947,目標を達成するために必死に頑張る人って応援したくなるよな
0.87238377,おいしいかどうこうじゃなくてhikakinのラーメンってだけでたべてみたいよな
0.872211298,やはりラーメンは僕たちにとって最高なものですよね
0.872121624,jalの機内食にしておいしい
0.871928127,おこぷれで知りました美味しそうなので絶対食べます
0.871706329,こだわってる理由がもし上辺だけだったとしてもやさしすぎる
0.871670386,絶対誰も予想しない結果で草
0.871576694,服とかじゃなくてラーメン売るのは本当に好きだわ
0.871538213,ラーメンだけしか買えなかったけど優しい味で美味かったです
0.871527515,フラゲして食べてみたくどかった水必須
0.871427122,みそラーメン大好きだから嬉しいしかもセブイレならみんな買いやすいし絶対絶対買いますね今から楽しみすぎる
0.871221243,セブンに行けばあるのよね売り切れるかな買いに行こ
0.871153015,おめでとうございます私もラーメン大好きなので楽しみ過ぎます
0.870671141,おめでとうございますまさかの誕生日に発売絶対買います早く食べたいです
0.870570466,どんな小さな事でも夢を叶えられるって素敵な事だよね
0.870559544,ただ休んでただけじゃなくて頑張ってラーメン作ってたのは感動
0.870482796,商品紹介系youtuberがついに自分の商品を紹介する日が来たのか
0.870478874,あらたなレさキャラの誕生
0.870302558,小さい子はにんにくは刺激的に感じるかもとかそういう配慮ができるのがすごいと思う
0.870155885,ヒカキンさんテアロシップウダンがゲロキンといっました
0.870100178,活動のおやすみ期間も動いてるのはもうよー分からんくらい動くやんたくさん寝て
0.8697777,今日徳島のセブンで0個買った
0.86963315,本当に幸せそうな人を見るのってこっちまで幸せな気持ちになるからいいよなぁ
0.86952178,美味しかったです次の新商品待ってます
0.869425854,休むとこが動いてて草
0.86924108,なんとなくヒカキンラーメン好きだなって思ってたけどまさか作ってみたいと思ってたとは食いて楽しみだな
0.86923374,まじでかっこいいな普通に美味そうだし今度買お
0.869158587,徳島のセブンイレブンは仕入れられてないのかな陳列場所も無い
0.869141416,コンビニで買えるのが嬉しいです夢を叶えるってすごいです
0.868829029,ラーメンの方が私は好みです
0.868791624,まずいもういらんせっかく0店舗探し回ったのにショック
0.86857462,ヒカキンの努力って半端ないここまで努力出来る事がすごい事
0.867685389,やりたかったifルートを同じ人生でどっちもやってるの凄すぎる
0.86766056,シンプルになんか感動した笑やっぱヒカキンってすごいな
0.867352178,食べたいのに何処も完売で売ってないよー
0.866854178,百万円くださいちなみに場所はまるまたしょうてす
0.866815671,人気出過ぎて売れ切れなってそうだから早めに買いに行こ
0.866509873,味普通やんサッポロラーメンのほうがうまいわ
0.866442458,手に取りやすいなぁそうに決まっている
0.866427147,こっちまで嬉しくなるわぁ絶対買うてかセブンで売ってるのすご
0.866223778,コンビニで買えるのは嬉しいヒカキンさんの本気のラーメン絶対食べる
0.86588637,どんな味がするのか一度買ってみようかな
0.865874226,そうなんですね僕もラーメンが好きです
0.865726755,メシにきくらげ入ってるの私きくらげ嫌いだけどメシで食べたら食べれるかも早く食べたい
0.865538339,ラーメン好きだから嬉しいあと落ち着いたらちょっと休んでほしい切実
0.865488943,くるりと蒙古タンメンに謝った方がいいよ
0.865415961,youtubeでもラーメンでも成功するってヒカキンさん凄すぎ
0.864982761,?店舗を作るんじゃなくてそれなりに誰でも手に入れられる商品を作ってくれるところに言葉に上手く出来ない優しさを感じる
0.864888253,hikakinさん醤油味も作ってくださいお願いします
0.864681034,本当におめでとうございます元気出したい時にたべよっと
0.864633917,おめでとうございますとても美味しそうなラーメンですね早く食べてみたいです
0.864605404,姉も食べたいて言ってた絶対買います
0.864547211,どんな報告でも応援してます
0.864424525,何かご報告から長い文になった
0.864323429,塩ラーメンだとしおきん豚骨ラーメンだととんきんじゃあ正油ラーメンだとせいきんになる
0.864320923,発売日0日から0日に変わってるんだけど
0.863940531,色考えていることが好感持てるまだまだたくさん好奇心いっぱいワクワクしかない
0.863861415,いいねの数だけ0万スパチャ送ります
0.863849394,どうせしおきんとか増やすんでしょ商標取っとこ
0.863798655,g明けに発売してくれるから連休明けのショックを和らげてくれているね
0.863670471,hikakinまじでかっこいいよ夢を叶えていくその姿尊敬
0.863410137,もういっそお店出してくれんかなとか思ってるわ
0.863093051,わーいいぇーいおめでとうございますコンビニで買えるの嬉しいです楽しみー
0.86303038,夢をちゃんといつも叶えていくのがかっこいいおめでとうございます
0.862892832,今夜の夜食にします
0.862590567,すぐ完売しちゃいそういつ食べれるかわからないけどめっちゃ楽しみです
0.862546659,僕にも下さい
0.86206256,ラーメンでまさかこんなに感動させられるとは思わなかった
0.861966059,味噌ラーメン大好きだし大好きなhikakinが作ったラーメンなのが最高
0.861512142,偏見だけどさこういう体型の人が作ったものって美味くない
0.861073504,ヒカキンが嬉しそうなの観てるとこっちも嬉しくなるね
0.860842974,ねつ伝わってきましたおめでとうございますぜったい食べます
0.860749693,映像ヒカキンが作ってるの何気に凄い0
0.860538335,当たりがでたらもう一個もらえるという機能はどうですか
0.860234512,0万食は確定してるな
0.860174163,0年かん両立しとるのすごすぎます
0.85974585,楽しみすぎて昨日から寝れんかったわ
0.859664472,ラーメン好きアピール多すぎて嫌味が差してくるけどめちゃくちゃうまそう
0.859661484,hikakinが生きてる時代に生まれてこれて良かった
0.859660348,マジで気になって夜しか寝れなかったから楽しみだわ
0.859562982,新手の情熱大陸みたいなバラエティかと思った
0.859169256,本当にこの人は努力が凄いな
0.859092604,私もラーメンが大好きでとても共感できました
0.858699246,ドラゴンボールの一番くじ買いに行ったらたまたま売ってて食べたらめっちゃ美味かった
0.858677566,麺の硬さが気になって
0.858675657,下積みって何回言ったか数えてる人います
0.858598472,視聴後いや休んで無いやん
0.858571041,こんなに楽しみな発表なかなかないから嬉しい絶対食べますこの勢いでラーメン屋さんも作ってください
0.85832258,0円本当にいつでも誰でも食べたいときに食べられる価格設定で泣ける
0.858132072,言ってること矛盾してますね0
0.858017443,本当に向上心が止まらないなこの人は
0.857951053,めっちゃうまそう食べてみたい0個以上買おっかな
0.857259851,すごく食べてみたくなりました見かけたら絶対に買って食べます
0.857044886,セイキンさんおすすめシールを貼って発売してほしい
0.8568783,最高だよこれからも一生ついて行きます
0.856646563,まじでこの人超えるユーチューバーというか人としても中いない笑
0.856470185,もっとゆーちゅーばーになってくださいゆうと0さい
0.856469314,夢に向かって進んで行く姿に感動しました
0.856408456,いつまで活動休止するの
0.856234458,グッズ系じゃなくてラーメンメインなのが個人的に嬉しい
0.856182396,hikakinさんの一生懸命作ったラーメン食べてみたい
0.855428172,両方とも必ず購入しますっ発売日が楽しみ
0.855375345,自分の好きな商品を自分で監修して商品として販売できるなんてすごいな
0.855010677,こんな美味しそうなのコンビニで買えちゃうのすごい早く食べたい
0.854404036,hikakinさんが幸せなことならこっちも嬉しい気分になれる
0.853766333,味噌ラーメンあまり好きじゃないが見かけたら0食食べてみます
0.853698798,hikakin自分で自分を超えちゃったかな
0.853574365,メシの方が美味かった
0.853490796,終始テンションが高くてどれだけ嬉しいのか分かる
0.853464711,ラーメン好きならなんでアセスルファムカリウム入れたのかが疑問
0.853161816,習字が上手
0.853161816,明日やー
0.853018473,ヒカキンのラーメンめっちゃおいしかったです
0.852968563,ラーメンゲシュタルト崩壊したわ
0.852918575,いつでも好きな事に全力なヒカキンさんやっぱり好きだなぁ
0.852582404,マジで努力してるのが感じられる尊敬やわ
0.85255965,とりあえずススル君に土下座しな
0.85236564,沖縄では発売されないのね
0.852345583,こうやって夢叶えちゃうからhikakinはすごいよ
0.852079892,おめでとうございますかならず買いに行きま
0.852039373,ラーメンを食べるがわから食べられるがわになった男
0.851922702,これは売れる未来しか見えませんね絶対買います
0.850893216,ラーメン製作の関係者から情報もれなかったの凄いな
0.850677591,同じ新潟県民として全力で応援し続けます頑張れhikakin
0.850403733,買えない人おいいからもっと売って欲しいです
0.850384816,えぐぅやっぱりヒカキンってすごい権力持ってるよねー絶対買うわ神ー
0.850304728,ご報告系youtuber最近腐るほどいるけどやっぱプロyoutuberのご報告の内容は訳が違う
0.850238202,結局金儲けかい無料で配るくらいせんかいそれだけ恩があるなら
0.850178553,ラーメンを作りたかったとか取って付けたみたいな設定
0.850129654,うまそうだけど糖尿だからしばらく食えんごめんなヒカキン
0.850043105,ポイントつける側からつけられる側になったの凄すぎ
0.849790468,好きなことで生きていくを貫き続けていて本当にかっこいい
0.849716886,売ってないやんけ0店舗まわったのに
0.849335955,また味噌キン再販しますか
0.848741586,まじで気になるどんな結果でも応援してます
0.848412819,こんな素敵な人本当に居ないしもうほんと大好き頑張ってほしい
0.848361647,もうhikakinさん休みって言ってたけど休んで無いやん
0.848331604,お店に行かなきゃ食べれないとかじゃなくてコンビニで買えるっていうのに優しさ感じる
0.847931178,こんなに本気で食べたいと思うプロモーション初めて
0.847741093,大好きなものを磨いていくその姿大人の私も勇気づけられるかっこいい
0.847716582,こんな期待したラーメンねえよ
0.847683218,地元に味噌吟とゆうラーメン屋がある
0.847676978,鹿児島はいつぐらいになりますか
0.847615178,今食ってるんだけどバカみたいにうまい
0.84754605,0年になっても見てるやついる
0.846870558,夢を本気で叶えた姿めっちゃかっこいい
0.84686642,0円に値下げしろ
0.846499762,頑張ったね購入してみますね
0.84639345,セブンイレブンに販売するというのもまた身近に感じられるからすごくうれしい
0.846083466,みんな触れてないけどロゴの字書くの美味すぎん
0.845736056,ほんとに努力の積み重ねが遂に実った感じが伝わります
0.84573335,待って今食べてたら蓋当たりあった
0.84570757,開発チームに作ってもらってよく自分のラーメンだって豪語できるね
0.845439633,今日食べてみたけどめっちゃおいしいよ
0.84537545,味噌ラーメン自体が好きすぎるし絶対買うめっちゃ楽しみ
0.845232606,好きなことに本気になれるの本当に尊敬するわ
0.845212361,うっわめっちゃ美味しそ絶対ラーメンとカップ飯買うわ
0.844764431,今後色んな味出して欲しい
0.844749964,やっぱhikakinさんは努力のが凄い
0.844724354,一キロ近く探し続けてるけどまだ全部売り切れだよ
0.844664216,ヒカキンいつもみてるよあいと0さいより
0.844625195,もう一つの夢だったかっこよすぎ
0.844569923,hikakinさんは本当に凄い人なんよ
0.844233159,本当に真面目な方やな尊敬するわ
0.844027554,これだけの熱量で作ったラーメン絶対おいしい
0.843822498,ヒカキンさんのガチファンだから泣くくらい嬉しい一生買う
0.843411511,hikakinさんの元気が出て嬉しく思います
0.843154135,めちゃくちゃ上からになるけどhikakinさんって凄いですね
0.843115399,わかりみが強いですラーメンは人生です必ず買います
0.843005224,こんなに頑張って作ったら買うしかないよね
0.842574429,税金対策も兼ねてるのかな
0.842459905,泣きそうになるくらい相変わらず感動しました
0.842437392,貴族の拍手だけが気になる
0.842435524,本当にヒカキンさんはthe努力って感じがする
0.842221885,楽しみにしてる笑すぐ売り切れそうだね
0.842167952,hikakinさんこんなに有名になったんだもう尊敬
0.842115873,なんか熱いものが込み上げてくるなすげぇや
0.842094421,再生数が0万人いって欲しい人
0.84155808,商品紹介のプロが自分の商品を紹介するのすごい
0.841404088,夢を叶えるその力凄すぎです尊敬
0.841348247,こうやってがんばってるヒカキン見てると自分も諦めないでがんばるぞって思う
0.841324024,多分思ったより大したことじゃないと予想
0.841319625,発売が楽しみすぎて毎日見てます見れば見るほど美味しそう
0.841165035,ヒカキンのいつもの癖ならみそおって名付けそうなのに
0.840845381,感動をありがとう久ぶりに涙したよこういうことなんですよ
0.840711845,買うことができるとは言ってない
0.840336374,youtubecreaternamastejapan
0.840245043,うわぁあすごいよかったね絶対食べる夢に向かって全力で頑張る姿心から尊敬します
0.839846999,緊張するなでも最大限応援します
0.839520659,みそる見てこっち見にきたらまじで寄せてて笑った
0.83950521,服とか鞄とかじゃなくてラーメンってのが個人的に最高
0.839440541,僕買いました
0.839427149,夢がついにだなおめでとうヒカキン
0.839235521,ヒカキンは本当に充実してるなぁそうに決まってる
0.839213115,通年販売して欲しいです
0.839179059,好きなことをして生きていくのがyoutuber
0.839068868,いいねしてくれたぶん買います
0.838824875,0万円てぼったくられてるよ
0.838700004,ラーメン聴きすぎてゲシュタルト崩壊起こしそう
0.838451332,コメ欄に既に食べた未来人いて草
0.838411916,第二弾は天かす入り担麺でたんたんたぬきんなんてどうでしょう笑
0.838399996,お母さんがかってくれました
0.8381685,改めてすごい人だなと思った
0.83816113,店員側から出品側もやるなんてすごい
0.83780832,品切れしまくってる未来が容易に想像できる笑
0.837174651,プルが過去一気合い入ってる
0.8368738,すごいおめでとうございますセブン行けた時にあるといいな
0.836798497,なんなら店舗出してくれてもええんやで
0.836748631,休止理由もヒカキンらしくて応援したくなるなぁ
0.836303533,とても美味しかったですもやしの食感すごかった
0.836005931,応援しとるで絶対買うわ
0.835951838,たいしたファンでもないけどなんか涙出るね
0.835386944,俺も自分の商品出せるまで頑張るわ
0.835379361,おいしかったけど味噌の甘みに人工甘味料使うのはマイナス
0.835027428,ストーリーマーケの事例として勉強になる
0.834713411,まじでヒカキンやること面白くなくてなんで人気あるのか分からん
0.834403166,ほかのyoutuberとは違ってラーメンなのいい
0.833938111,わたしもらーめんすきだよ
0.833851993,一度は食べてみたい
0.833716737,招き猫キンに出会えたよー
0.833664991,買いました美味しかったです
0.83358791,涙出そうになりました
0.833139921,この人ほど純粋な人おらんと思う
0.832567066,夢実現おめでとうございます味噌ラーメン大好きなんです絶対食べます
0.832490092,ヒカキンさんの人生って夢あって好きすぎる
0.831506398,味噌ラーメン好きだから食べてみたい
0.831500117,ヒカキンこそ努力に努力を重ねたtheyoutuberって感じまじですげぇ
0.831357398,醤油キンも欲しい
0.830692981,夢を叶えるって素晴らしいなーなんかヒカキンさん見てると明るい気持ちになる
0.83053185,発売したら食べたいですねでもすぐに売りきれそう
0.830483225,ヒカキンゲームズのホームから来た人
0.830046676,味噌キンぬいぐるみはどこでgetできますか
0.829932544,夢を叶えたhikakinさん素敵です
0.829421716,本当にすごいひかきんは嫌味なところが全くなくてすごく好きです
0.828883667,ヒカキンさんって本当にいい人だなぁ
0.828858068,グッズじゃなくて自分自身のラーメンを出すなんて凄いです
0.828797315,正直値段ほど美味しくはなかったです
0.828524933,意外と字綺麗
0.828519008,もー映画にしていいぐらいすごい
0.828230986,本当に心からおめでとうと伝えたいヒカキンはほんと凄い
0.827943702,さきないとさんコメントきましたありがとうございますきました
0.827861564,手に入れられないんだけどずっと売っててくれんかな
0.827734812,言いたいこと沢山あるけどとにかくおめでとうございます
0.827731384,本当におめでとうございます本当においしそうにすすりますねごはんもとっても美味しそうです
0.827714904,こだわるなら人工甘味料とか使わないで欲しかった
0.827549526,また小銭稼ぐの
0.827178951,みそるを見てちょっと見返しに来てしまった
0.826551124,セブンイレブンの社員誰も情報漏らさなくて草
0.826370446,本当に凄い努力の賜物ですね
0.826218301,ちょっと高いなその値段ならおにぎりと揚げ物買うってなる
0.826000449,探してるけどマジで無い人気ありすぎ
0.825943116,すっげって漏れた本当に尊敬できる人物です
0.82568857,しおきんとしょうゆきんも食べたい
0.825310903,醤油バージョンも出してほしい
0.825296676,夢叶うってめちゃくちゃいいことだね
0.825005205,一つ言いたい味噌食えねーよー
0.82467868,普通に買うわ
0.824513568,ケースで予約しました来るの楽しみ食べるの楽しみ
0.824422977,夢を実現させることができるなんてすごい
0.824339953,hikakinってほんとすげーわまじで尊敬
0.824015288,前回より明らかに彩度上がってる
0.823863447,味噌ラーメン苦手だけど食べて見る価値あるかなぁ
0.823816026,コンビニで買えるのはいいですね
0.823750518,小麦アレルギーあるからご飯あるのはありがたい
0.823529884,ヒカキンが笑ってるとこっちまで幸せになる
0.823443699,ヒカキんさんだいすきですゆうと0さい
0.822980957,セブンイレブン以外のお店でも売れますか
0.822704746,ええすごい買いに行くーおめでとうございます
0.822051046,夢を叶えるって素晴らしいおめでとうヒカキン
0.821958074,hikakinから溢れ出る優しさに泪がでる
0.821859367,次はラーメンチェーンですね
0.821762502,夢を叶えられるってこんなに幸せなんやなー
0.821634747,みそるから来ましたありがとうございます
0.821558813,これは普通に感動したわ
0.820989334,夢を現実にするのカッコいい
0.820488973,なんか感動するなぁここまで来たのかって感じるわ
0.820459189,ひかさんがふくよかになった理由
0.82012002,買えたぁ
0.82012002,買えたぜ
0.820107201,ヒカキンさんのぬいぐるみがほしいですまい
0.820097269,絶対食べるよ楽しみにしてます
0.819924612,えーすご自作やば
0.819748736,不味すぎ返金しろ
0.818914745,おい休めよラーメンは食っとくから
0.818499755,バカ売れしてソッコーで品薄になりそう
0.818045968,夢の味買います
0.817996402,食べたーいヒカキンありがとー
0.817205423,こんなに有名になってもまだまだ夢に向かって努力するヒカキン素敵すぎる
0.816732647,味もこだわってそうちゃんと美味しそうなので期待
0.816496873,おー買います
0.815799208,みそると対抗して欲しい
0.815782221,好きだけどなんかお金配るのは
0.815553883,0月0日の日セブンイレブン行かねば
0.81551591,再販でやはり闇を感じた
0.81535298,売ってないんだわ
0.814590844,ぼくはごさいですたべたいです
0.814486615,果たしてサッポロ一番みそラーメンとどっちが美味いのか
0.814278786,hikakinの夢が叶って本当に良かった
0.81407197,絶対買いますhikakinさんこれからも頑張ってください
0.81389663,この人はマジで凄すぎるよ
0.813558104,ずっと夢を追い続ける姿痺れます
0.81337845,他のラーメン作ればいいと思うな例えばしょうゆきんしおきんとんこつきんとか作ればいいじゃない
0.8133129,人気出て買えなさそう食べたい
0.812994063,店舗じゃないのかよ
0.81263232,セブンだけじゃなくてスーパーとかにもあったらすごい売れそう
0.812502677,服とかじゃなくてラーメンってのがhikakinらしくて好き
0.812441904,ヒカきんさんこーださんしってます
0.812321949,休むほどのことかよく解らない
0.812004563,ラーメン好きだから見かけたら食べてみるわ
0.811996664,うぅえーんアタチも食べたい
0.811659229,どこに売ってるのヒカキンちょうだい
0.81122146,ラーメン大好きだから嬉しい絶対買います
0.811186927,買わない訳が無い
0.810942447,成分公表してほい
0.810760567,美味しかったヒカキンさん最高
0.810671889,再販してくれるのが嬉しい
0.80984516,めちゃくちゃ美味かったですこれからも頑張ってください
0.809795085,好きなことで生きるってこうゆうことなんだなぁ
0.809582961,テュデイズヒカキンズポーイント0兆万点
0.809380755,これにファイヤー流してほしい
0.809366512,宇宙じゃないんかーいっ笑
0.808479162,何月にみずきできたんですか
0.808294742,食べたけぞどすくうはうますぎる
0.808051144,ひかきんさんすごい字が綺麗
0.807846524,なんな涙出てきた夢って叶ったら凄いよなぁ
0.807807363,今日から発売じゃないか買えたら買うzoy
0.807768781,これを見ながらカレーメシを食う
0.806676462,やっぱり一周間はえーな楽しみ
0.80633175,ヒカキンって報われるまで努力できるの凄いな
0.805975587,鳥肌とニヤケがとまらんなんかすごい
0.805885749,嬉しいけどこの人の休み少なすぎ
0.805865625,これはさすがに食べたい
0.805307177,セブン少し離れてるけどhikakin大好きだからセブン行こ
0.805204407,ニューミサのラーメンはほんとおいしい
0.80432149,しょうもなって言ってるやついるけどどこが
0.803909111,くるりのラーメン好きってずっと言ってたもんね
0.803403495,好きだったラーメンを作るなんてすごいな
0.803085998,どこにも売っとらん
0.803085249,しょーもな
0.802766371,seikinと仲良い兄弟って感じがほっこりする素敵
0.802732558,台湾ででもでも買いたい
0.802216788,休むどころか働いてて草
0.802039425,さんびゃくえんたかすぎだろ
0.801919393,予想外だったけどこれは絶対買う
0.801323888,これこそ好きなことで生きていく
0.801012367,やっぱ普通なんやろ
0.800788356,早く食べたい売り切れで姿形すらない
0.800427574,これもいわゆるyoutube界の既得権益だな
0.79966214,それ休みじゃねぇだろちゃんと休めよ
0.799087912,早く食べたい絶対買うぞーっ
0.798956862,ヒカキンは期待を裏切らない
0.798924608,0月0日絶対見つけたら絶対買いに行く
0.798848843,なんか0年くらい見てるけど感動するわ
0.79841371,塩分0とか正気か返金しろ
0.797991203,なんかhikakinが幸せそうで私もうれしい
0.797986929,岐阜県のみんなにとどけておねがい
0.797609869,高すぎやな
0.797508854,全然売ってないんだけど
0.797307798,味噌ラーメン好きなので見かけたら絶対買います
0.797226722,コレは一度は食べたくなる
0.796748708,ラーメンゲシュタルト崩壊した
0.796474103,みそふの方がいい
0.795940178,いいなー食べたいけど海外にいるから食べれない
0.795787012,添加物ばかり子どもにあくえいきょうだろ
0.79572892,めっちゃ探したけど買えなかった人
0.795235833,これは売り切れで買えなくなるないつ食べれんのか
0.794611532,うんoemかまぁたべてみるよ
0.794152894,どうぞって言った瞬間ウマ娘ながれた
0.794048331,セブン店員だから買おー
0.794015418,めっちゃ美味しそう食べてみたい
0.79398682,アレルギーがあるから食べられない
0.793939047,youtuberのプレゼント企画は税金対策だよな
0.793855654,荒尾のセブンイレブンでは売り切れでした残念です
0.793775611,他のあじもつくってほしい
0.793124932,みそるからきましたー
0.79308509,めちゃめちゃ人気になるとは思わなかった
0.793065169,服とかコスメじゃなくてラーメン出すの好き
0.7910382,見てるだけで腹減ってくるわ
0.790920047,0円くらいなら買ってた
0.790490423,素敵ですね食べてみますね
0.790445413,サムネが変わっておる
0.789888861,まだ食べれてないです
0.789866317,あそひかりラーメン作りたいです
0.789052587,不味すぎ0からやり直せ
0.788906402,あんなしっかりもやし入ってることあるんや
0.788730548,味噌味以外も出してほしい
0.788373398,店やって欲しい
0.788101223,ヒカルマネしてて草
0.787960885,ビックダディって言ったの誰
0.786759242,あれこれご報告のサムネがちがうは
0.786309371,感動しました絶対買います
0.786081124,ラーメン食べてみたよ
0.785751384,題名変わってて草
0.785325835,夢を諦めないこそ人生
0.785136983,しおきんお願いします
0.784880009,休んでないやん笑
0.784880009,休んでないやん笑笑
0.784748272,食べたいけど売ってないです
0.784728058,美味しそうだねえ食うまでもない
0.784668167,ラーメン屋に勝てるわけなくて草
0.784484947,夢を追い続ける大切さを改めて感じた
0.783534166,絶対買うしかないだろー
0.783528915,嬉しいおめでとうございます食べたいすごい気になる
0.783273604,ラーメン専門店より美味かった
0.782797639,発売されたら即食べたい
0.782662022,早く発売されないかなー早く食べたい
0.78210325,0個ずつ買いたいなぁー
0.780422445,早くブラジルにも届くといいな
0.780361436,応援したいから買う売り切れちゃうかなあ
0.780169178,ナレーションのトーンがほん怖
0.780146149,味噌ラーメンが一番好きだから嬉しい
0.780131765,自分用0
0.77946556,セブン店員のわい納品まで待ちきれない
0.77921039,絶対かぃますoどっちとも
0.778616872,絶対に行く待ってろよヒカキン
0.777672698,好きなものがあるって大切なことなんだな
0.777052096,すごいおめでとうございます絶対買って食べる美味しそうかっこいい大好き
0.775775465,美味しかったですー
0.775416375,アンタ味見してるだけやん
0.774847303,いいねの数だけそれ買います
0.772621113,心の中という感じ
0.772331262,無いからまた売れや
0.772286493,売り切れちゃったからまた買いたいなー
0.771356789,おめでとうございます楽しみです絶対に食べます
0.770381209,セブンイレブンにありませんでした
0.769456042,美味しかったですありがとうございます
0.769213053,そのうち袋麺も出してくれ
0.76894284,ラーメン美味しかったです
0.768808501,簡潔にはなさんかい
0.768436205,コンビニで見かけたら絶対買うしかない
0.767523164,めちゃくちゃ楽しみ美味しそうだから早く食べてみたい
0.766331216,美味しそうですね発売が楽しみです
0.766274551,発売おめでとうございます食べるの楽しみです
0.765940623,復活おめでとうございます最高
0.764780593,生半可な気持ちでやらないで
0.764646033,普通でした
0.764646033,普通でした
0.764427308,早く食べたい早く発売しないかな
0.764308443,しおキン
0.764305327,はやく食べたいわоо
0.763846533,売ってないぞー
0.763743609,本当にこの人尊敬する
0.76261801,本当に美味しかったです
0.762543079,本気度が伝わってくる
0.762427923,ラーメン大好きだから必ず食べます
0.761668307,hikakinが休んでいい日にち
0.761385396,高い甘い買えないそんな印象だったなぁ
0.760632687,めちゃめちゃ食べたいです
0.760561026,上手くいくか失敗するか分からんが絶対食べるわ
0.760494367,こんなん買うしか無いやん
0.760398344,そのラーメン買いたくなります
0.760383498,くるりインスパイア系なのかな
0.760311976,なかったからすみれ食べた美味かった
0.759962691,半額なら買います
0.759882019,絶対うまいやん買うか本当におめでとうございます
0.759601241,この努力は絶対報われるファイト
0.759298827,休んでなくて草
0.758693589,買いに行きます
0.757853027,hikakinさんって本当にかっこいい一生尊敬できる
0.757796675,いい報告であってほしい
0.757581805,いいねの数だけ買います
0.757581805,いいねの数だけ買います
0.75750166,いろんなセブン行ったけど全部売り切れだった
0.756984573,セブンイレブン無いから食べれないいつかセブンイレブン見つけたら入って絶対買う
0.756123005,マスオtvありますか
0.755062759,買いにいったけど売り切れだった
0.754756933,凄すぎてもう凄いしか言えなくなっちゃった
0.754506074,普通に美味かった
0.754506074,普通に美味かった
0.753724268,みんなあんま触れてないけど習字上手ない
0.752534581,明日買いに行く人
0.752154474,絶対買いに行きます
0.751214585,セブンにしかないのか
0.750364227,みそるから入りました
0.750364227,みそるからきました
0.750364227,みそるから入りました
0.750327333,夢ビートボクサーじゃないのか
0.750155682,おめでとうございますたくさんたくさん売れますように
0.749972031,かうと思った人
0.74905314,次はおにぎりか飲み物作りそう
0.747909043,ちょっとたべてみたいです
0.747819209,普通に食おう
0.747808725,hikakinさんすごいこれからも頑張ってください
0.747586041,食いたくなってきた
0.746710429,ヒカキン字上手いね
0.746377041,もやしが入ってるって珍しくね
0.746322687,メンマ好きにはたまらない
0.746182277,夢って叶うのね
0.74586907,サムネ変えたか笑
0.74586907,サムネ変わった
0.743990708,これが洗脳か
0.743830043,絶対にうまいそうに決まってる言うまでもないね
0.743583719,人工甘味料入ってるからか美味しくない
0.743108882,戻ってきた
0.742429838,ヒカキンあんたやっぱすげぇよ
0.742160059,口角が上がるラーメンってすっごくいい
0.742113632,食べてみたいー
0.741999274,売り切れ続出しそうだな
0.740765926,ラーメン食べてみたい
0.739762227,ヒカキンさんかっこいい絶対食べます
0.738530083,売り切れで買えなかったよー
0.738389204,絶対食べたいお腹すいた
0.738225677,美味そうー絶対買います
0.737924735,誰が買うか
0.737390607,hikakinさんおめでとうラーメン絶対買うわ
0.737389215,ひかちゃんおめでとうございます
0.737375376,いいねの数だけそれぞれ買います
0.737178992,あとコーラも大好きだね
0.73697287,ヒカキンってすげーなー
0.736300738,美味そうだなぁそうに決まってる
0.736157106,戻って来てくれてありがとう
0.736074598,hikakinずっと大好きだから絶対食べます
0.735709981,シンプルにバカ美味そう
0.735411882,買いました
0.73494641,ヒカキン開発とか向いてそう
0.734676487,速報田舎売ってない
0.733711276,どんな報告かなどんな報告でも神回だ
0.733161813,みそるから来た人
0.730270249,今から間に合いますか
0.728685287,うん神だね
0.728647699,ガチこれ美味すぎ
0.72843445,0回食ってみよ
0.727760255,久しぶりにhikakinpoint聞けて良かった
0.727358002,スープうまかったで
0.725409041,これくらいやろ笑
0.723599593,コメントの数だけ買う
0.723247436,尊敬する人物hikakinレーニンゴルバチョフ
0.722915318,ちょっとうまそうなの草
0.722375428,めちゃくちゃ美味しかったです
0.721627334,ミソきんさんだ
0.721307511,絶対買いにいくー
0.721026542,再販まだかなーまだかなー
0.720806295,hikakin味噌ラーメン作ってくれてありがと
0.719577391,夢に本気になれる聖人youtuberの鑑
0.717775128,美味しそう食いてぇー
0.717649672,セブンイレブンって時点で買う気せん
0.716699925,いつかラーメン屋さん作りそう
0.715922906,本当に楽しみです絶対食べます
0.713824949,さっき買ってきたよー
0.713372462,聞く前から嬉しくてドキドキする
0.712769596,ぼくもラーメンだいすきです
0.712406044,めっちゃ美味しかったです
0.712406044,めっちゃ美味しかったです
0.712406044,めっちゃ美味しかったです
0.711719343,高いッッ
0.711719343,高い普通
0.710319218,味噌ラーメン大好きなので楽しみです
0.709416324,めっちゃ美味かったです
0.707939583,セブンイレブンに行ってもなかった
0.707556652,容器だけで0円しそう
0.706119837,買うの恥ずい
0.706113758,必ず買います美味しそう
0.705702658,いっそのことラーメン店作りそう
0.704949183,んーこんな感じか
0.704037386,後半ドキュメンタリーみたい素敵
0.702305068,0点じゃないんかい
0.701862976,見付からないそれほど売れてるのか
0.701645035,とっても美味しかったです
0.701244637,ガツッとくるカップ飯楽しみ
0.701174774,感動しました
0.701174774,感動しました
0.701161608,何時発売なの
0.697239197,しょうゆきん作れ
0.696970681,マジでうまそう食べてー
0.696175955,食べてみた人
0.695561252,へへー
0.694510123,うわわ美味しそうすぎる絶対買う
0.694456386,ついに今日発売か
0.693324091,早く発売してほしい
0.692255541,そんなんたべるしかないでしょ
0.692160895,これみながら食いたい
0.691374583,売ってねぇ売り切れてら
0.690119748,早く食べたいです
0.690073239,絶対に買います
0.689939862,もう絶対買うんだけど
0.689788688,0えっ凄っ絶対に買う
0.689321379,めっちゃ食べたい食べてみる
0.688037183,買いたいけど売り切れてそう
0.687955316,めちゃ早く食べたい
0.687590535,在庫がない
0.687378083,これは食いたい
0.687002151,いよいよ明日かホント楽しみ
0.686016578,はやく買いにいこ
0.685004617,実質休んでない
0.684923446,普通に美味しそう
0.682108236,美味しすぎた
0.681665743,食べてみたいです
0.681636657,なんかもう嬉しい泣ける矢部
0.681497803,誕生日だ絶対買う
0.68145837,面白いですね
0.680912392,やばいクレーマーみたいなポーズ
0.67937773,いらねぇー
0.679197268,めちゃくちゃ美味しそう食べます
0.678667338,食べたくてウズウズ
0.678284825,私まねきねこきん出ました
0.677731251,ヒカキン習字上手い
0.677654851,美味かったです
0.677654851,美味かったです
0.677331803,まじでどうでもいい
0.676688523,美味しかったです
0.676688523,美味しかったです
0.676688523,美味しかったです
0.674734768,ヒカキンさんは生きる伝説
0.674483638,禊ん
0.674034396,かいました
0.674034396,かいました
0.673621269,hikakinさん頑張ったな
0.671860194,味噌ラーメン大好きだから嬉しいー
0.671119434,普通に美味そう
0.670338371,控えめに言っても神
0.670241347,近所にコンビニがコンビニがねぇ
0.668976353,おいしかったよ
0.668952257,みそキン早く食べたい
0.668552804,もっと休んでくれ
0.6672496,絶対食べるそうに決まってる
0.667127448,めちゃ美味しかった
0.666942878,グットボタンおしてね
0.664167114,報告が楽しみな人
0.662290387,絶対売り切れなってるやろな
0.660917075,美味しくなさそう買うけど
0.660208052,売り切れだったたべてぇ
0.659095333,この人はすごい
0.65667293,美味しそう発売日楽しみです
0.653926118,ちょっと高いけど絶対買う
0.653855917,0秒のヒカキン
0.653646767,絶対手に入れる
0.653340394,youtuberの師匠って感じです
0.652691394,どんな報告かめっちゃ楽しみ
0.651521975,買いますおいしそう
0.651143794,いただきやす◎
0.651085949,サムネめっちゃいい
0.650555955,ミソキソ
0.644942353,これほんとに美味かった
0.644911044,ちゃんと美味かった
0.644680723,美味しそうですね
0.642679688,めっちゃうまかったよ
0.642336466,発売日に絶対買う
0.641805391,よかったね
0.641262518,食いてー
0.640247034,美味しそう絶対食べます
0.639144994,おうちない
0.637121127,美味しそう食べたい
0.637121127,美味しそう食べたい
0.637073802,絶対買ってやる
0.636764132,買えなかった
0.634196231,蒙古タンメン買おっと
0.630826426,最初のオープニングをhikakintveveryeekでも許される
0.630641789,ヒカキンおもれー
0.629139538,食べたいー
0.629139538,食べたーい
0.629139538,食べたーい
0.629139538,食べたーい
0.629048175,どうしても早く食べたい
0.626933893,めっちゃ美味しそう絶対買う
0.626799111,値段はいくら
0.626156793,もはやyoutuberがやることじゃないすげえなあ
0.623718159,うまそうだけどちょっと高そう
0.623021575,蒙古タンメン買おう
0.622125406,いいですね
0.621974284,食べてみたいです楽しみ
0.620853404,まだなんかわからんけどおめでとう
0.618774766,ラーメン作りたい
0.618456299,本当にこだわりを感じる
0.615341221,ラーメン食べたい
0.614305822,これって期間限定
0.614305822,サムネ変わってる
0.613439763,これは絶対買う
0.61336395,ヒカキンさん大好きです
0.612906935,食いたいけどたけぇよ
0.612839821,これは絶対美味い
0.608936555,みそかみそきらいなんよ
0.608263771,うまかったぁ
0.601740867,あいたいな
0.596633829,たべたーい
0.595275504,た高い
0.594716405,食べたすぎる待ちきれない
0.592353176,ヒカキン習字うまい
0.589011964,それでも人工甘味料入ってる
0.583442133,しおきんきそう
0.58290738,スーパー美味いって
0.58157249,めっちゃ美味かった
0.580607252,招き猫あたった
0.579799016,なんか当たった
0.579204893,おめでとうミソきん
0.576082023,おっきくなったね
0.575315432,hikakinさんセブンイレブンなかった
0.573860581,絶対食べますね
0.571171231,すてき食べたい
0.569846504,0再販
0.568509908,ヒカキンさんおめでとう
0.567911422,絶対に買う
0.564252532,頑張ってください
0.563303859,どんな結果でも大好きだよ
0.562780949,うまそー
0.562125541,何だ神か
0.562065022,売ってない
0.560341932,人工甘味料に驚き
0.559112883,美味しそー
0.55783435,早く食べたい
0.55783435,早く食べたい
0.55783435,早く食べたい
0.55783435,早く食べたい
0.557064575,ちぢれ麺がいいね
0.554111441,ぜったい買う人
0.552513417,めしキン
0.551471378,おめでとうございます
0.551471378,おめでとうございます
0.551471378,おめでとうございます
0.548468476,買った
0.546556789,ラーメン最高
0.546374978,絶対買います
0.546374978,絶対買います
0.546374978,絶対買います
0.546374978,絶対買います
0.546374978,絶対買います
0.546374978,絶対買います
0.543105566,ほんとおもろいな
0.542596955,なんやねん
0.540332935,めちゃ美味しそう
0.540332935,送金美味しそう
0.533988107,おいしそうすぎる
0.533737301,ヒカキンさんはじめまして
0.526391556,買います
0.525724703,買ってくる
0.519226342,誠実で好き
0.51914413,絶対買うは
0.518254186,hikakin様最高
0.516167664,trendhikakinpoint久しぶりに聞いた
0.515603435,あしたからだ楽しみ
0.515233121,おいしかった
0.514085227,みそる美味しそう
0.506922374,ありがとうございます
0.506922374,ありがとうございます
0.505002222,とりあえず食べまーす
0.50220141,食べるの楽しみ
0.496905398,美味しかった
0.496454446,なんか感動する
0.496454446,夢かなえる凄い
0.494801032,幼なじみyoutuberhikakinさんマスオさん
0.494720915,買えない
0.49204552,けんからか
0.490430528,まじうまかった
0.487474001,くっそ美味そう
0.48673392,絶対買う人
0.48673392,絶対買う人
0.476293558,素敵すぎる
0.473628853,ラーメンか
0.471380407,絶対明日食べる
0.470588227,絶対食べます
0.467431243,うまちょ
0.459897584,絶対食べなきゃ
0.456975561,あさってやん
0.450852692,税金対策
0.449315427,食べたい
0.449315427,食べたい
0.449315427,食べたい
0.449315427,食べたい
0.449315427,食べたい
0.449315427,食べたい
0.446436354,結局金儲け
0.44352793,ヒカキンさん
0.439781555,マジでうまそう
0.439595526,興味ない
0.432398023,味噌菌食べたけどまずいまずいまずいまずいまずいまずいまずいまずいまずいまずいまずいまずいまずいまずいまずいまずいまずいまずいまずいまずいまずいまずいまずいまずいまずいまずいまずいまずいまずいまずいまずいまずいまずいまずいまずいまずいまずいまずいまずいまずいまずいまずいまずいまずいまずいまずいまずいまずいまずいまずいまずいまずいまずいまずいまずいまずいまずいまずいまずいまずいまずいまずいまずいまずいまずいまずいまずいまずいまずいまずいまずいまずいまずいまずいまずいまずいまずいまずいまずいまずいまずいまずいまずいまずいまずいまずいまずいまずいまずいまずいまずいまずいまずいまずいまずいまずいまずいまずいまずいまずいまずいまずいまずいまずいまずいまずいまずいまずいまずいまずいまずいまずいまずいまずいまずいまずいまずいまずいまずいまずいまずいまずいまずいまずいまずいまずいまずいまずいまずいまずいまずいまずいまずいまずいまずいまずいまずいまずいまずいまずいまずいまずいまずいまずいまずいまずいまずいまずいまずいまずいまずいまずいまずいまずいまずいまずいまずいまずいまずいまずいまずいまずいまずいまずいまずいまずいまずいまずいまずいまずいまずいまずいまずいまずいまずいまずいまずいまずいまずいまずいまずいまずいまずいまずいまずいまずいまずいまずいまずいまずいまずいまずいまずいまずいまずいまずいまずいまずいまずいまずいまずいまずいまずいまずいまずいまずいまずいまずいまずいまずいまずいまずいまずいまずいまずいまずいまずいまずいまずいまずいまずいまずいまずいまずいまずいまずいまずいまずいまずいまずいまずいまずいまずいまずいまずいまずいまずいまずいまずいまずいまずいまずいまずいまずいまずい
0.430363397,ヒカキン頑張れ
0.427280541,この調子でしょゆきんとしおきんととんこつきんもだしてくれ
0.424729104,発売待ち遠しい
0.415307464,かっこよすぎる
0.407529915,そんな美味くない
0.401485442,再販楽しみ
0.401485442,楽しみ?
0.394869848,おいしくなかったくない
0.394245333,スター気取り
0.393946121,明日発売
0.393572448,買うね
0.392549576,ぜったいうまい
0.390223846,マジで楽しみ
0.384812703,おいしそう
0.384812703,おいしそう
0.381468228,好きです
0.377606116,結構期待はずれ
0.372918284,すするやん
0.371675159,セイキンヒヤシチュウカ
0.370232857,楽しみです
0.360867077,高くね
0.354849125,絶対買う
0.354849125,絶対買う
0.354849125,絶対買う
0.354849125,絶対買う
0.354849125,絶対買う
0.354849125,絶対買う
0.352794769,うまそ
0.352794769,うまそ
0.348212232,美味しそう
0.348212232,美味しそう
0.348212232,美味しそう
0.348212232,美味しそう
0.348212232,美味しそう
0.348212232,美味しそう
0.348212232,美味しそう
0.343241894,食べるね
0.322034159,ほんとにすごい
0.320427476,みそる
0.320427476,みそる
0.320427476,みそる
0.320238012,美味そう
0.320238012,美味そう
0.318999367,食べなきゃ
0.294448325,絶対食べる
0.294448325,絶対食べる
0.294448325,絶対食べる
0.294448325,絶対食べる
0.288198728,みそすけ
0.275505381,うまそう
0.275505381,うまそう
0.239311656,感動tt
0.204386144,youareamazingcan'taittotryyourramenintheus
0.194712029,やったー
0.184302681,かっこいい
0.124541472,ぼったくり
0.103016961,は
0.099635166,りゅうせい
0.089470058,まず
0.088810866,面白い
0.088810866,上手い
0.087354795,おめでとう
0.087354795,おめでとう
0.084089673,だいすき
0.083731687,おーい
0.083731687,いらん
0.075683191,すき
0.073337334,ください
0.062051657,な
0,爆笑
0,神
0,あ
0,あ
