actual,テキスト
1,店舗を作るんじゃなくてそれなりに誰でも手に入れられる商品を作ってくれるところに言葉に上手く出来ない優しさを感じる
1,東京にラーメン店を開くとかじゃなくて手頃な価格で全国で買えるカップ?にしたところがヒカキンって感じして好き
1,小さい子はにんにくは刺激的に感じるかもとかそういう配慮ができるのがすごいと思う
1,お店に行かなきゃ食べれないとかじゃなくてコンビニで買えるっていうのに優しさ感じる
1,単純に小麦アレルギーで麺が食べられないからカップ飯あるの嬉しい
1,時代に残るものを明確に作れるってのは誰にでも出来ることじゃないよすげえなあ
1,自分の好きな料理を自分が手を加えて商品として出せるのって本当に凄いことだよなぁ
1,こうゆう有名人の商品ってぼったくり多いけどヒカキンさんはちゃんと商品として出すのは尊敬
1,〇〇店舗限定とか〇〇期間限定発売とかじゃなくて皆に味わって欲しいって言う思いで全国に出してくれたのマジで嬉しい後単純に自分ラーメン好きだから絶対買う
1,youtuberが知名度を使ってアパレルとかは聞くけどラーメンとかまじで角度違ってまじで逸材なのを知らせてくれるわほんとすげえ尊敬しかねえ
1,店舗じゃないところがまたyoutubeの身近さを感じましたなんか泣きそうになったおめでとう
1,店舗出すより賢いかもしれないスタッフも店舗もなくても成り立つ
1,ラーメンの無い世界なんて考えられないほんとにラーメンって多くの人を救ってると思う
1,ラーメンなら豚骨以外断固拒否の自分だけどなぜかこれは食べてみたいと思った
1,映像で作ってる普通のラーメンが食べたい
1,服とか鞄とかじゃなくてラーメンってのが個人的に最高
1,お店に行かなきゃネットで会員にならなきゃとかではなくて普通にコンビニで帰るのが本当に素晴らしい何より本人が楽しんでるのが最高必ず買いに行きまーす発売日に行くつもりだけど買えるかなーすっごく楽しみですヒカキンおめでとう
1,いくら企画とはいえしっかり色々と研究して自分なりのラーメン作ってるのがすごい尊敬するわ
1,ラーメンとかtシャツとか誰でも買える値段にしたとこに好感もてる
1,服とかじゃなくてラーメン売るのは本当に好きだわ
1,元スーパー店員の経験とか活かして商品開発してるのすごいそのままスーパー続けててもその内商品開発部とかに異動してたかもしれないね
1,実際口に合う合わないは絶対あると思うけどここまで頑張った過程を考えるとそんなの関係なく食べたいって思う
1,こういう有名人が関わる商品って大体ちょっと口出すくらいで後は全部任せるって感じの印象だったけどヒカキンはめちゃくちゃ従事しててやっぱこの人違うなって思ったわ
1,ラーメン店にするの飲食だからインスタントより異物混入系の事件が起こりやすくなるから絶対こっちの方がいいよね
1,嬉しいよ嬉しい前年は抜かされたけどそれまでは新潟がラーメン支出額0位だったんだラーメン王国新潟の誇りだよ
1,服とかコスメじゃなくてラーメン出すの好き
1,他のyoutuberがやるぼったくりアパレルとかじゃなくて本当に自分がやりたいことを実現できるのは尊敬ですo?▽?o
1,いやー他のユーチューバーと違って金持ちしか手が出せない高い洋服とか出すよりこーやって誰もが買えて一回は食べてみたいと思うラーメンとか出すの良いね
1,店をひらくなら遠すぎてヤバい青森だからだけどコンビニなのがいいしお手頃価格なのがいい
1,全国で販売してくれるのめっちゃ嬉しいし絶対食べたい
1,これはさすがに食べたい
1,〇〇監修って名前だけ貸して開発とかはほぼ任せっきりな人もいる中こんな0から0まで全部本気で本人が携わってるのすごいな
1,夢を叶えるためにyoutube活動で忙しい中でもこだわり抜いて商品開発をしてたというヒカキンさんの裏側を見てると本当に勇気を貰える
1,東京の店舗だと地方民は食べに行くの大変だけどセブンだったら全国のみんなが気軽に食べられるし0時間いつでも買いに行けるからすごくありがたいですあー早く食べたい
1,ラーメンなら手軽に買えて嬉しい一つ一つのことに真剣に向き合う姿は尊敬しかありません他のyoutuberを非難するわけではないのですがいつも全力で取り組んでいて結果がでているのも納得です
1,ラーメン作るためにダーツの旅やってたとしてもあれは辞めないで続けて欲しい
1,塩や醤油豚骨のバージョンのラーメンも出してほしいなー
1,他のラーメンより美味いとかそういう言葉使わないのがやっぱりhikakinって感じがして大好き
1,みんなと苦しい気持ちとか頑張ろうという気持ちとかを共有したいっていうのが凄く伝わる商品ですね早速発売日に買って食べたいですそして夢を叶えられたこと本当におめでとうございます
1,エビとかカニを入れずにアレルギーの人でもなるべく楽しめるように作ってるの好き
1,ラーメンとかだけじゃなくてhikakinプレミアムの最初の商品なの夢があって嬉しい
1,ラーメン屋さんって入りにくいって思っていたからセブンで買えるのはうれしいです
1,グッズじゃなくて自分自身のラーメンを出すなんて凄いです
1,味噌ラーメンからもやしメンマネギ赤い調味油って感じがくるり意識してそうで好き
1,味噌味以外も出してほしい
1,ラーメンばばあのときを思い出す本当にラーメンが好きというのが伝わります
1,味噌ラーメン好きだけど辛いだろうなと思ったら辛くないのほんとにありがたい食べたい
1,自身のメンタルの支えになってたラーメンに対してyoutubeで結果を出して恩返しするのカッコ良すぎて
1,商品紹介のプロが自分の商品を紹介するのすごい
1,俺的に一番好きなのが味噌ラーメンだからとんこつとか醤油とか王道のやついかずに味噌をチョイスしてくれたのがとても嬉しい
1,味噌だからって安直にコーン放り込んでないヒカキン信用できる食べたい
1,東京に住んでいなくても食べることが出来る名義だけ貸してるとかでもない本気の一品絶対食べます
1,コンビニで見かけたら絶対買うしかない
1,セブンイレブンに販売するというのもまた身近に感じられるからすごくうれしい
1,具材がくるりのラーメンぽいのも感動でしかない笑
1,めっちゃ美味しそう食べてみたい
1,これが全国のセブンイレブンに並ぶのはこちらとしてもすごく嬉しい
1,0年もかけて研究されたラーメンを0円で味わえるってめっちゃお得だなぁ
1,g明けに発売してくれるから連休明けのショックを和らげてくれているね
1,辛いのが苦手な人にも配慮して幅広い層に食べれるようにしてるところが良いですねo
1,発売したら食べたいですねでもすぐに売りきれそう
1,絶対買うこんなに苦労してまで本当にお疲れ様です
1,ラーメンに対する想いだったり幼少期からの思い出の味噌ラーメンのことも知れて感動で涙が出ました絶対買います
1,努力は報われるってこの人のことをさしてるってぐらい努力してるラーメンは言い方悪いがお金を出せば手に入るだけどヒカキンの努力はお金なんかでは買えないほんと凄いおめでとう
1,本当に努力してきたのが伝わりましたラーメン絶対買う
1,こんなに頑張って作ったら買うしかないよね
1,これ見たらヒカキンがどれだけラーメンを愛し夢に本気だったか分かる素直におめでとう
1,早く発売してほしい
1,人気出て買えなさそう食べたい ?
1,ラーメンの中では味噌が0番好きだから地元でも売られるようになったら絶対買う
1,田舎はないかと思ったけど全国で嬉しい絶対買う
1,発売が楽しみすぐ売り切れちゃいそう??
1,スーパーで商品を並ばせる側だったのが並ぶ側になったのが凄すぎる
1,アレルギーの関係で小麦がたくさん食べれないのでメシ版が凄く嬉しい味噌大好きです絶対食べます
1,絶対買う出来ることなら店も出して欲しいね
1,出来ることなら毎日食べたいくらい同じくラーメンが好きなので必ず買って食べます
1,ラーメン好きだから嬉しいあと落ち着いたらちょっと休んでほしい切実
1,こっちまで嬉しくなるわぁ絶対買うてかセブンで売ってるのすご
1,服とか鞄とかじゃなくてラーメンってのが個人的に最高
1,あのラ王より高いのはびっくりだけど0円なら全然食べたい
1,0年がかりでの商品化は気合いが入ってますね食堂ミサの味噌ラーメンが原点の味ということで私もミサの味噌ラーメンは大好きなので味には期待できます早く食べてみたい
1,売り切れたら終わりとかじゃ無くどんどん作っていつでも買えるようにしてね♪
1,こんな美味しそうなのコンビニで買えちゃうのすごい早く食べたい
1,食べたい
1,ヒカキンさんの育った地域にはニューミサもあったし味噌ラーメンは0番身近なものだったんだと思うな
1,味噌ラーメン好きだから食べてみたい ?
1,そんなにラーメン好きで救われる人がいるんですね私もラーメン屋さんで働いてるけどもっとラーメン屋さんで働いてる事に自信をもって働こうと思います
1,ここまで何度も何度も試食を繰り返し人生を支えてくれたラーメンをヒカキンさんや他の方々との協力でやっと出来たラーメン情熱努力いかに本気であったかが伝わる
1,店舗じゃなくてカップにした事で気軽にみんな食べられるのがなんかhikakinさんの人柄が表れてるなぁって思いました地方民なので東京でお店構えられても食べられないので食べるのとっても楽しみです
1,塩ラーメンだとしおきん豚骨ラーメンだととんきんじゃあ正油ラーメンだとせいきんになる
1,絶対うまいね言うまでもない
1,0円本当にいつでも誰でも食べたいときに食べられる価格設定で泣ける
1,ガチお腹空く早く食べたい
1,youtubeもやってて忙しいはずなのに0年くらい努力してんのはすごいなと思った必ず食べます
1,絶対買いますでも売り切れてそうで怖い
1,マジですげぇわ休んでも休まなくて準備して一刻でも早くみんなに知らせれるよう努力してるとことか本当に美味しそうなのが伝わってるくる
1,ヒカキンにも苦しくて辛い時代があったんですね第0部がすごくよかったですラーメンに助けられたっていう思いとみんなにも元気になってほしいっていう思いが本当に伝わってきて涙が止まりませんでした00の発売を心待ちにしてます
1,ラーメン大好きだから嬉しい絶対買います
1,まじでかっこいいな普通に美味そうだし今度買お
1,自分の予想のお店出すんじゃないかなと思ってたちょっと異なってましたただ是非とも食べたいです
1,自分の好きな商品を自分で監修して商品として販売できるなんてすごいな
1,すごすぎる夢を叶えていくのすごいよo?????o????発売されたら絶対食べる人気すぎてすぐ無くなりそうで怖い
1,ラーメン好きだから見かけたら食べてみるわ
1,変なアパレル系に走る奴も多い中ラーメンで勝負を仕掛けるってのは素晴らしい
1,叶えたかった夢を実現するためにyoutube活動で忙しい中でもこだわりながら商品開発してきたって本当にすごい
1,服とかじゃなくてラーメンってのがhikakinらしくて好き
1,ラーメン好きだからまじ嬉しい
1,内容ちゃんと見る前はラーメンとカップめしならラーメンがいいかなって思ってたけどこのカップめしめちゃくちゃ美味しそうやな発売日に買いに行こう笑
1,密着映像見てすごくこだわったのが伝わってきてラーメンの中で味噌ラーメンはあまり食べないけど食べてみたいと思った
1,ラーメンに凄くこだわって作られたのが伝わってきます発売日楽しみです
1,すぐ完売しちゃいそういつ食べれるかわからないけどめっちゃ楽しみです
1,一切妥協しないこの人の出すラーメンなら味も期待出来そうですね後は値段か
1,早く食べたいなー発売日が待ち遠しい
1,こんな休みのない多忙の中でラーメンの商品作りも進めてたの凄すぎでしょ絶対食べます
1,ほんとまだ全然人気出ない頃にヒカキンを友達から勧められて観てたけどそのヒカキンがいまこうしてhikakinpremiumのラーメンが出るそして今となってはyoutube界を代表するくらいの人となってるほんとにすげーこれからも応援してます
1,発売日に絶対買う
1,試食してる姿やパッケージのこだわりを語る姿がもはや有名店の凄腕ご主人感があってかっけぇ
1,セブンで出してくれるの嬉しい田舎者でも手が出せる笑
1,期間限定じゃないよね〇〇タンメンの様に永久に店頭に並ぶと良いね
1,スーパーで働いてて商品売ってた側なのに自分がプロデュースして販売するの本当に感動する0日当日買いに行こ
1,こんなに本気で食べたいと思うプロモーション初めて
1,めちゃくちゃ美味しそう早く食べてみたいo
1,味噌ラーメンあまり好きじゃないが見かけたら0食食べてみます
1,熱湯入れたら0分じゃなくて0分待つのかさすがヒカキン全てがオリジナル
1,美味しそう食べたい
1,めちゃくちゃこだわり抜いて作られたのがすごく伝わりました絶対買います
1,ちゃんと全国のラーメンを回るという伏線をはっていたと思うと鳥肌もんだわ
1,これは素直に食べたいそう思える熱量でした
1,最近味噌ラーメンハマってるからマジで嬉しい
1,カップ飯も出してくれるところが最高
1,凄く思いの詰まったラーメンに仕上がったと思いますセブンが無くて買いに行けないのが残念ですが出かけた際に買いたいと思います
1,白味噌も入ったベースのニンニクのパンチあるラーメンの味の意味がわかりましたニューミサ僕も大ファンですコレは試してみたい
1,ガツッとくるカップ飯楽しみ
1,めちゃくちゃ美味しそうに食べるからお腹すいてきました絶対どっちも買います
1,これは売れる未来しか見えませんね絶対買います
1,沖縄では発売されないのね
1,急上昇0位おめでとうございます0年かけてできたラーメンが買える日が待ち遠しいです
1,今後色んな味出して欲しい
1,尊敬でしかないめちゃくちゃ努力を感じるし普通にめっちゃ美味しそう私もラーメンものすごく好きなので嬉しすぎます絶対買いに行きますおめでとうございます
1,味噌ラーメン好きなので見かけたら絶対買います
1,私もバイトしてた頃社会人になってからもお世話になってますカップ飯もあるの有難い贔屓します
1,あんなしっかりもやし入ってることあるんや
1,私もラーメン大好きなので絶対買いますおめでとうございますここまで努力できるのが本当に尊敬します
1,そのラーメン買いたくなります
1,お店を出すのではなく全国民が気軽に手に出来るようにセブンで販売するところがヒカキンらしくて心暖まるね夢に向かって努力して実現したヒカキンを誇らしく尊敬する
1,コンビニで買えるのは嬉しいヒカキンさんの本気のラーメン絶対食べる
1,発売が楽しみすぎて毎日見てます見れば見るほど美味しそう
1,発売楽しみにしてます ?出来たら違う味もお願いしますmm
1,しょうゆラーメンが美味しすぎて味噌ラーメン食べたことないのに凄く美味しそうこれは買いだな
1,ラーメン大好きだから必ず食べます
1,味噌ラーメン自体が好きすぎるし絶対買うめっちゃ楽しみ
1,発売待ち遠しい
1,ラーメン大好きなhikakinさんが作ったラーメンとか絶対に美味いやんあと手軽に買えるとか最高買うしかないわ
1,売ってあったら絶対買う
1,口角が上がるラーメンってすっごくいい
1,ラーメンに目をつけるとはセンスというかなにもかもスゴすぎてさすが神と呼ばれるだけある全youtuberびっくりしてんだろうなぁ
1,自分の夢を叶えるために0年間頑張ってそしてその準備のためにたった一週間視聴者を待たせないようにすることができるyoutuberの鑑
1,美味しそう
1,ふむふむ品薄になる前に絶対買う
1,大好きなラーメン旅企画が商品開発の伏線だったの嬉しすぎ
1,感動だなぁラーメンの色んな袋付いてないの楽すぎて神すぎるめっちゃ良い急いでる時に0袋とか面倒だから
1,美味そう
1,ヒカキンさんありがとう一般庶民が手を出せる商品を作ってくださってこれで高級なものだったら買えませんでした
1,ほかのyoutuberとは違ってラーメンなのいい
1,味噌ラーメン大好きだから嬉しいー
1,美味しそう絶対食べます
1,好きなことにほんと全力一生懸命な方観てて面白いし楽しい尊敬沖縄でも販売あるかな
1,これは絶対買って食べますラーメンは本当に食べると幸せになりますよね
1,うわわ美味しそうすぎる絶対買う
1,味噌ラーメンが一番好きだから嬉しい
1,セブンだけじゃなくてスーパーとかにもあったらすごい売れそう
1,服とかじゃ無くてラーメンなのほんとに好き流石hikakin
1,濃厚味噌で香味油白味噌使用麺処くるりが本当に好きだったんだなって分かるわな
1,泣けましたおめでとうございます0日セブン出勤なので必ず買わせていただきます出勤前に売り切れちゃいそう楽しみです
1,ラーメン食べてみたいニッシンとすごいね元スーパー定員とは思えないよね
1,本当に努力してみんなを明るく元気にさせるラーメンにしたいっていう気持ちがすごい伝わった
1,美味しそう発売日楽しみです
1,大好きなラーメンが作れるくらいビッグな男になったヒカキンさんマジですごい他の商品も当たり前だけどこうやって試作を重ねて作られてるんだなぁと思うとなんだか感動しました絶対食べたい絶対見つけ出して食べます
1,0年間かけたラーメン絶対買いに行きます楽しみです
1,ラーメン苦手だけどその中で0番好きな味がミソだから嬉しい絶対食べる?
1,これ絶対買って食べるラーメン大好き
1,これだけの熱量で作ったラーメン絶対おいしい
1,台湾ででもでも買いたい
1,めちゃくちゃ楽しみ美味しそうだから早く食べてみたい
1,美味しそう
1,カッコよすぎる絶対に買います味噌ラーメン好きなので早く食べたいです
1,パッケージのデザインもセンスあって素敵ですね下積み時代も人生が変わるその日もラーメンと共に感動的です
1,0月0日になったらすぐセブン行って買ってきすラーメン好きだしめっちゃ楽しみ
1,普通に美味しそうだし一般市民に気軽に手に入りやすくて凄くありがたいです買いますね
1,絶対うまいやん買うか本当におめでとうございます
1,故郷のラーメン屋さんのくだりは涙出るね具材や調味料だけじゃない背景や思い出が何よりの美味しさに繋がる隠し味
1,わかりみが強いですラーメンは人生です必ず買います
1,これは売れる口角が上がる感覚わかりますさっそく0日からセブン見てきます
1,ラーメンはラーメンでも味噌に限るよなぁ
1,なんなら店舗出してくれてもええんやで
1,私も以前落ち込んでいた時ラーメンを食べてこの一杯でこんな幸せな気分になれるって本当すごいなぁって思ったの思い出しましたhikakinさんおめでとう早く食べれるの楽しみにしてます
1,なんとなくヒカキンラーメン好きだな?って思ってたけどまさか作ってみたいと思ってたとは食いて?楽しみだな?
1,普段あんまりラーメン食べないけどヒカキンさんのラーメンなら食べてみたい
1,ラーメンダーツの旅は伏線だったのか
1,体質がらラーメン小麦粉が食べられませんがメシも出してくれたなんて心から応援いたします
1,カップメシの方0食目からはチーズ入れて食べてみたい
1,誰でも手に取れる価格帯ってのもありがたい必ず買って食べますそしてみんなのコンビニ紹介気になりますね
1,カップ飯大好きなので凄く楽しみです発売日にセブン直行します
1,めっちゃ美味しそう ???0つとも買います
1,普通に美味そ見つけたら買う
1,今までの様々挑戦を経てたどり着いたラーメン食べるの楽しみです
1,おめでとうございますとても美味しそうでアメリカでも買えたら嬉しい大ヒット商品になって海外進出もできますように
1,号泣してしまいました本当におめでとうございますかっこいいです発売されたらセブンにいきますね♪
1,セブンイレブン無いから食べれないいつかセブンイレブン見つけたら入って絶対買う
1,同い年で一番尊敬と安心感がある人柄ですラーメン発売おめでとうございます当日買いに行きます
1,味もこだわってそうちゃんと美味しそうなので期待
1,そのうち袋麺も出してくれ
1,ヒカキンのことだから妥協せず真っ当に頑張ってこだわって制作したんやろな
1,味噌ラーメン味のカップ飯は売ってないからめちゃくちゃ嬉しいです絶対買います
1,取り敢えず二種類買うヒカキン応援してるから
1,夢を叶えられるって凄い事だな自分の好きな食べ物を商品として出せるなんて凄い
1,すごい興味あるラーメン0年間とは凄いですねでもほんとに何もしない期間を作って欲しいです
1,hikakinさんは安心して一生推せる発売が楽しみ
1,私もラーメンが大好きでとても共感できました
1,ただ発売するのでなくラーメンに助けられた感動的なエピソードがあるのがやっぱりヒカキンさん神だなって思う
1,hikakinの凄い所はラーメンとカップ飯を両方しっかり食べてるところ
1,これだけ魂込めて完成させたラーメン本当に凄いです発売日に近所のセブンイレブンにも並ぶかな田舎だから地域差ありそうですよね見付けたら絶対食べます楽しみです
1,正直かなり楽しみ自分の口に合うかはもちろんわからないけどhikakinさんが思う至高の一杯がどんな味なのかは食べてみたい
1,hikakinさんが作ったからとかいう補正は一切抜きにしてラーメンとして美味しそう
1,おめでとうございます0年間も私達の事も考え食べやすく美味しそうなラーメンを作って頂きこちらも凄く嬉しいです0月0日が凄く待ちどうしいです??
1,ラーメンメシめちゃくちゃ美味しそうなので買って食べて見たいと思います夢を現実に叶えられて良かったですねおめでとうございます
1,別にヒカキンさんファンではないけどこの人の努力凄いと思うあと普通にラーメンうまそう
1,嬉しいそうに紹介してるhikakinさん見てるとこっちまで嬉しくなります発売日絶対買います
1,この量で0円オーバーは高すぎだろ
1,めっちゃ美味しそう絶対買う
1,自分の好きな物を形にしてこだわって作るのってすげ?よ本当にかっこいいよ発売されたら買う食べたいもんいや?尊敬
1,両方とも必ず購入しますっ発売日が楽しみ
1,hikakinさんのラーメンに対する本気が伝わりました発売が本当に楽しみです
1,学生だからyoutuberとかが出すものって高いけどhikakinさんは学生の気持ちも考えてくれたのか0円という化学でこだわりのラーメンが食べれるのは楽しみです友達と買いに行きます
1,凄くこだわって作ったのもあってめっちゃ美味しそうちなみに白味噌派なので尚更食べたーい??????ω??????開発中大変そうだったけどもヒカキンさんがとてもキラキラしてて少年のようでした長年の夢のひとつの実現おめでとうございます発売を楽しみに待ちたいと思います
1,hikakinの商品だから買わなくても安心と信頼があるのやばい
1,素敵自分もラーメン好きなので発売を楽しみに待ってます
1,これあれだねスーパーでも発売して欲しいくらい食べたいです僕も小さい時から0年生まれなんですけど味噌ラーメンが大好きで近くに札幌ラーメンがあって毎日のように言っていますそれぐらい味噌ラーメンが大好きです
1,これは売り切れなるだろうなー買いたい名言食べ終わったら容器は綺麗に保存だほんと美味しそうで
1,おめでとうございます私もラーメン大好きなので楽しみ過ぎます
1,初コメですご自身の夢の実現本当におめでとうございます発売日には店頭に沢山並んでいる姿が想像できます味噌味大好きなので店頭に並んだらぜひとも購入したいと思います楽しみにしてます
1,同じラーメン好きとしてここまでやるhikakinさんを尊敬するラーメンうまいよね
1,味噌ラーメン大好きだし大好きなhikakinが作ったラーメンなのが最高
1,うっわめっちゃ美味しそ絶対ラーメンとカップ飯買うわ
1,ラーメン製作の関係者から情報もれなかったの凄いな
1,味噌ラーメン大好きなので楽しみです
1,あのhikakinさんがここまで上り詰めたのはこのラーメンのおかげでもあるのはすごすぎるそしてそのラーメンを作ったのももっとすごいし感動しました
1,つよぽん絶対に0月0日買ってみようかな超美味しそうだね
1,是非食べてみたいヒカキンさんをずっと支えていたラーメンこだわり抜いた一杯を食べて元気を貰えるといいなぁ
1,ファミマローソンでも販売して欲しい
1,本当に楽しみにしてますカートンで買いたいです
1,深夜に見なきゃよかった美味しそうすぎる味もそうだけどhikakinがラーメンと一緒に色々乗り越えてきた想いを聴くと自分もそういう日に食べたいと思った楽しみ初日買います
1,美味そうー絶対買います
1,わーいいぇーーいおめでとうございますコンビニで買えるの嬉しいです楽しみー
1,夢を叶えられて良かったですねおめでとうございます諦めなければ夢は叶うセブンで出会ったら買います
1,コンビニで売ってくれるのはありがたい味噌ラーメン普段食べんけどhikakinさんのラーメン食べてみたいと思いましたこれからもずっと応援しますがんばってください
1,hikakinさんが美味しく食べてるのを見ると発売が待ち遠しいし早く食べてみたいー
1,すごいめっちゃ売れそう
1,麺の硬さが気になって
1,自分の夢を叶えるhikakinさんスゲーやラーメンの中でも特に味噌が好きだから味にも期待しちゃう飯系の報告と知らず深夜に見たらガッツリ飯テロで腹減った
1,hikakinさんの一生懸命作ったラーメン食べてみたい ?
1,ほんとにうれしそうつたわってきます東京に行ったりせずセブンで買えるなんてヒカキンさん本当にありがとうございます
1,ケースで予約しました来るの楽しみ食べるの楽しみ
1,すごいおめでとうございます絶対買って食べる美味しそうかっこいい大好き
1,麺処くるり行きたくなるなぁラーメンひたすら食べたくなるhikakin頑張って
1,おめでとうございますセブンでかえるの有り難い元気がない時に私もヒカキンラーメンでパワーもらいます?
1,めちゃ美味しそう
1,味噌ってのがいいですね食べてみます次あれば豚骨も期待してます
1,美味しそう食べたい?
1,0日まで待ちきれない私もラーメン大好きです本当にすごい行動力だよhikakinさんおめでとう
1,第二弾とかでシオキンとか作って欲しい
1,まっすぐで真剣で真摯でやっぱりヒカキン大好きヒカキンの夢が叶って嬉しいラーメンもカップメシも食べるの楽しみ
1,完成おめでとうございます発売楽しみですラーメンは豚骨とかが人気が多いですがそこを味噌でくるところがたまらないしかもニンニクいり最高楽しみにしてますあちこちのセブン巡りしよ
1,美味しそう食いてぇーーーーーーーーーーーーーーーーーーーーー
1,まってまさかのみそめし美味しそうすぎるヒカキンのことだから本当にこだわって作ってくれてるはず絶対食べまーーす
1,楽しみにしてる笑すぐ売り切れそうだね
1,ラーメンでまさかこんなに感動させられるとは思わなかった
1,おめでとうございますとても美味しそうなラーメンですね早く食べてみたいです
1,様々なバラエティーヌードルも期待してます
1,グッズ系じゃなくてラーメンメインなのが個人的に嬉しい
1,発売決定おめでとうございます0月0の発売日に0つとも買いますこれからも応援してます頑張ってください
1,ラーメンの味で味噌が0番好きだからめっちゃ嬉しいしかも安い買うしかないなヒカキンさんありがとうそしておめでとう
1,夜中に見るんじゃなかった00具が豪華
1,夢を実現することはとても難しい事を叶えるってすごいと思いました0月0日コンビニで探します
1,こってり好きにはたまらん楽しみに待ってますラーメン大好きだぁ
1,セブンないんよなー生協かイオン系列で売ってたら買う
1,やはりラーメンは僕たちにとって最高なものですよね
1,本当におめでとうございます本当においしそうにすすりますねごはんもとっても美味しそうです
1,優しい値段やうれしい
1,メンマ好きにはたまらない
1,味噌ラーメン食べたい
1,夢かなって良かったねおめでとうセブイレに並ぶの楽しみに待ってます
1,小麦アレルギーだからご飯あるの嬉しいお母さんにラーメン食べてもらおうヒカチャンよかったね
1,美味そう
1,わぁー夜中に再生してラーメンクッソ食べたくなったー発売したら買います0月0日楽しみ
1,コンビニで買えるのが嬉しいです夢を叶えるってすごいです
1,夢実現おめでとうございます味噌ラーメン大好きなんです絶対食べます
1,セブンに行けばあるのよね売り切れるかな買いに行こ?
1,夢を叶えたいことを叶えるhikakinさん本当に凄い息子もラーメン大好きなので発売されたら即購入して食べますね
1,発売おめでとうございます食べるの楽しみです
1,醤油キンも欲しい
1,このラーメン食べるために一日頑張れる日が自分にもあるんだろうなと思うと嬉しいどうにか生きてる自分でもギリカップ麺に出せる値段で嬉しい
1,おめでとうございます絶対に買って食べたいと思います本当に美味しそう急上昇ランキング0位素晴らしいです
1,いやもうほんっと幸せそうすぎてこっちまで幸せになりましたラーメン大好きなのでどちらもぜっったい食べます楽しみ
1,味噌ラーメン好きにはたまらんなーおめでとうございます
1,めっちゃくちゃうまそうマジでヒカキンさんは凄いなぁ
1,スーパーにも置いて欲しい
1,濃厚味噌ラーメンが税込で0円なのなぜかひかきんの優しさ詰まってるような感じがしてすき
1,コンビニで買えるのはいいですね
1,キン兄弟がラーメン大好きなのをずっと見てきたからこれほど信頼における商品はないと思ってます絶対食べたい争奪戦になりそうなのでゆっくり手に入れますね笑一つ夢を叶えること本当に素晴らしいし勇気をもらえますおめでとうございます
1,発売楽しみにしてます
1,買いたい近くにセブンあるから買える
1,味噌ラーメン好きとしてとても気になる絶対買う味噌派閥にも嗜好が違う事があるからhikakinさんがどんな味が好きなのか楽しみ
1,まじうまそーはやく食べたいぜ
1,市ヶ谷の旧くるりが好きなの同じだし味噌だし楽しみ過ぎる
1,濃厚味噌ラーメンと濃厚味噌メシどれも美味しそう買う時間があったら両方買います
1,出てきた直後に親に買って買ってって言います
1,おめでとうございます楽しみー早く買いたいみんなを勇気づけ幸せにできるラーメンヒカキンさんの想いが詰まってて素敵です
1,自分の誕生日にヒカキンのラーメンが発売とは最高のプレゼント楽しみにしてます
1,そんなことだろうと思ったコンビニ行って買いますねー
1,カップ飯めっちゃいいな
1,くっそ美味そう
1,ラーメンいいな
1,おかんがラーメン出すかなんかの商品ちゃうん言うてたんマジで当たってんやけど笑笑笑
1,美味そうだなぁそうに決まってる
1,ずっと商品紹介してとうとう自分の商品ができたんですねおめでとうございますセブンのオーナーなのでたくさん発注しますね
1,hikakinが作ったラーメンってだけで埋もれないね
1,味噌ラーメン苦手なので醤油か塩も作って下さい
1,ラーメン美味しそう
1,味噌ラーメンで良かった他の味だと食べないので食べてみます
1,このラーメン青森でも売りますか食いてえ
1,麺の太さが大好きな太さだ
1,買いたいけど売り切れてそう
1,ニンニク味噌ラーメンって妙高のラーメンから来てるかなだとしたら新潟県民として凄く嬉しい
1,めっちゃ美味しそうですね絶対買います
1,絶対買うこんなの買わないわけ無いじゃないですかまずヒカキンさんの作ったラーメンってとこで買わないわけ無い
1,こんなうまいもん出されたら俺が太ってしまうて
1,これは売り切れで買えなくなるないつ食べれんのか
1,美味しそうですね発売が楽しみです♪
1,美味しそう食べたい
1,いつかブタキンてきなやつも食べてみたいな
1,私も同郷なのであのミサのガツンと感のある味噌ラーメンは脳に刻まれてます笑おめでとうございます楽しみにしています♪
1,うまそー
1,もやしが入ってるって珍しくね
1,ラーメンダーツはこのための伏線か
1,ただヒカキンの名前を使った商品ではなくヒカキンが作りたかったラーメンていうのが良いよね
1,シンプルにバカ美味そう
1,本当に早く食べたい0日セブン回りまくります
1,美味しそうだねえ食うまでもない
1,滅茶苦茶おいしそう
1,ちょっとうまそうなの草
1,セブン少し離れてるけどhikakin大好きだからセブン行こ
1,普通に美味しそう
1,セブンイレブンの社員誰も情報漏らさなくて草
1,普通においしそうたのしみ
1,めちゃくちゃ美味しそう食べます
1,品切れしまくってる未来が容易に想像できる笑
1,美味しそう
1,ニンニクが効いた味噌ラーメンは食堂ミサイメージかな
1,絶対売り切れなってるやろな
1,セブンイレブンのオーナーやってますおそらく特発で発注上限かかると思いますが上限いっぱい発注させてもらいます
1,あたしもラーメンは大好きです ?楽しみにしてます
1,けどなんか美味しそう
1,ラーメン最高
1,ラーメン美味しそうですけどめそらーめん食べれないのでしょうゆとかでもいいので食べたいです
1,みそキン早く食べたい
1,味噌キンカップメン食べたい0☆楽しみ♪♪
1,めちゃくちゃおいしいそう
1,くそー食べたいのに近くにセブンがないあったとしても二時間かかる
1,もしかしてこの味噌はヒカ菌から作られててすごい美味いのか
1,見てるだけで腹減ってくるわ
1,人気過ぎて即売れきれそう絶対買う
1,ええやん ? ?買うわ美味そうやん
1,美味しそうですね
1,0年ほど見続けていたのですが初めてコメントしますヒカキンさんがラーメンを作ったという報告が何故かめちゃくちゃ嬉しくて幸せで発売日に絶対食べたいです幸せそうに食べるヒカキンさんを見て笑いながら泣きそうでした
1,早く食いたいなー0月0日速攻で買うよ飯も
1,応援したいから買う?売り切れちゃうかなあ
1,これからこちらの新商品のpop作りをさせていただきますセブンイレブン社員です売り切れそうわたしも食べます
1,だめだ商品のヒカキンがもこうにしか見えない
1,ヒカキンのいつもの癖ならみそおって名付けそうなのに
1,同じ地元民ですやっぱりミサのラーメンですね
1,カップの中に箸差しっぱなしなの嫌だ
1,蒙古タンメンがライバルかな辛いバージョンも出して下さい
1,めっちゃうまかったよ?
1,おい休めよラーメンは食っとくから
1,現在イギリスに住んでいますが両親に頼んで送って貰います改めておめでとうございます
1,普通に美味そう
1,バカ売れしてソッコーで品薄になりそう
1,hikakinのラーメン買わない人いない説
1,多分都会の方でしか流通してないと思うセブンイレブン行ったけどなかった
1,みそキン必ず買いに行きます行く時間であればいいけど
1,おめでとうございますヒカキンさんの熱い想いがめちゃくちゃ伝わってきて感動しましたセブンさんに並ぶのを楽しみにしています
1,ちょっと高いけど絶対買う
1,人生と共に過ごしてきた0番大好きなものを商品化したヒカキンさん素晴らしい絶対食べたい楽しみすぎて発売まで待てなすぎ
1,うまそうだけど糖尿だからしばらく食えんごめんなヒカキン
1,こりゃ早朝から行かんと売り切れになる
1,hikakinpremium立ち上げおめでとうございますヒカキンさんの夢が叶ったこだわりのラーメン楽しみです
1,ヒカキンさんおめでとうございますラーメンへの熱い想いが伝わってきました本当に美味しそうで今すぐ食べたいです追記沢山のグッドボタンや返信本当にありがとうございます
1,夢の味買います
1,ラーメンか
1,買いますおいしそう
1,一年賭けたラーメン食べますね?近くで買えるの嬉しい
1,マジでうまそう
1,甘めって事はミサに近いのかな
1,こんな期待したラーメンねえよ
1,うわ?おいしそ?
1,しおきんとしょうゆきんも食べたい
1,自分の好きな事ラーメンで視聴者をも一緒に喜ばせれるのってhikakinさん位だと思う幸せを独り占めせず皆んなで分かち合える形に出来るhikakinさんはやっぱり凄い絶対買います頂きます
1,どうせhikakin印のラーメンでも作ったんでしょ鼻ホジ
1,次は塩キンとか出してくれるのかな
1,この調子でしょゆきんとしおきんととんこつきんもだしてくれ
1,oロo0わぉ0月0日の発売日私の誕生日だわセブンに買いに行きますね
1,ラーメンはもちろん食べますtシャツも買いたかったのにサイズがもう残ってないみたいです
1,美味しそうやばあ夜の0時食テロすぎぜったいたべる
1,次はラーメンチェーンですね
1,めっちゃ美味しかったです
1,発売してしばらくはずっと売り切れてそうだな笑笑毎日通うか
1,hikakinさんが嬉しそうに楽しそうにしてて元気でるなーアレルギークリアしてたら買って食べます無理だったら誰かにプレゼントします
1,0杯0円か
1,じゃあ次は卵とネギを使ったラーメンを作ってください
1,ヒカキンtv好きなので絶対食べます発売待ってるよコンビニで買えるのは嬉しいです
1,初コメどのyoutuberが食レポしてくれるんだろう忖度なしで私的にはサッポロ0番味噌ラーメンを越えるかどうか
1,ヒカキンさんのことやからしおきんつけきんすでに準備しとると思います
1,セブンイレブンに0月0日に出るんですか買って食べて見ますね東京にラーメンやさんでやるかと思いましたヒカキンさん人気あるからめちゃくちゃ混むよねセブンイレブンに出るんだら良かったです
1,自分の好きなラーメンをいつも見てるhikakinさんが作ってくれるとは思ってもいなかった勉強の夜食に食べます0日は朝イチでセブンに直行だ
1,すぐ売り切れそうおめでとうございます
1,ちぢれ麺がいいね
1,発売されたら両方食べます
1,これって期間限定
1,hikakinが0年かけて編み出したラーメンが上手くないわけがない絶対に速攻出たら買いに行く
1,ヒカキンさんおめでとうございますいつもみていますずっとみていますお体大切に永遠に0番星で輝いていて下さいラーメン必死で買いに行きますね
1,ヒカキンさん新しいラーメンを発売されるということでおめでとうござまいす発売を楽しみに過ごさせていただきます
1,おそらくしばらくお目にかかれないと思うので世間が落ち着いたら食べます
1,ヒカキンのyoutubeほとんど見てないけどテレビでヒカキン見て知ってました人柄がいいよねえヒカキンラーメン食べまーすう
1,hikakinさんおめでとうラーメン絶対買うわ
1,味噌ラーメンは普段あまり食べませんが流石に買わずにはいられません0日セブンに走ります
1,腕組んでたらだいたい美味い
1,アレルギーめちゃ気になる
1,美味そう
1,美味しそうに食べますね?
1,ミソキンラーメンの残り汁にご飯いれたらミソキンメシにならんの笑
1,hikakinさんの作るご飯食べてみたかったんですめちゃくちゃ嬉しいですhikakinさんの夢が叶って良かったです
1,美味しそう
1,好きだったラーメンを作るなんてすごいな
1,ラーメンもカップ飯も絶対食ベますhikakinさんの思いがつまったラーメン絶対美味しそう
1,hikakinさんやっぱ凄いわ誰でも手に入れられるコンビニでの販売嬉しいです
1,地元に店舗つくりな
1,セブンにしかないのか
1,ギャン売れそう
1,ヒカキンさんのこだわりや夢思い出が詰まったラーメン頂きたいと思います本当におめでとうございます
1,表紙のヒカさん某クレーマーやん
1,当たりがでたらもう一個もらえるという機能はどうですか
1,メシの方気になる?
1,hikakinさんが監修したやつなのかなすげぇ
1,美味しそーヽ ?ノ
1,ステップアップして実店舗出してくれ
1,0万個は売れるだろうねってなるといくらの儲けなんだろヒカキンに0億くらいは入ってくるのか
1,しおきんもほしいなんにせよおめでとうございます
1,みそキンぜったい買う
1,美味そうやな
1,うまそうだけどちょっと高そう
1,ヒカキンさんが超こだわったラーメンはやく食べてみたいです楽しみすぎます
1,おいしそう
1,hikakinさん醤油味も作ってくださいお願いします
1,ミサの味噌ラーメン
1,hikakinさん大好き??????????????ラーメン美味しそうですね
1,明日から発売ですけどちゃんと手に入るかなーすぐ売り切れてたりして
1,めっちゃ素敵ですね♪ラーメン食べますねナイスゥyoutuberが飲食に手を出す流れが出来てますね焼肉カレーパンラーメンありがとうございます♪あと唐揚げも食べてみたーい
1,近所にコンビニがコンビニがねぇぇぇぇぇ
1,マジでうまそう食べてーーーーー
1,ラーメン三杯いただきやす
1,ヒカキン特せいラーメン出来た
1,誕生日の日に販売開始してくれてありがとうございます誕プレとして買ってもらいます
1,アレルギーがあるから食べられない
1,素敵なお方です入荷したら頂きます
1,早く売ってください
1,うまそう
1,醤油ラーメンも作ってくれませんか作ってもらえたらうれしくていっぱい買います
1,ニューミサとどっちが美味いですか
1,味噌をこだわるとか具体的なコンセプトがないゆえどんなものを作りたいのかよくわからなかった
1,美味しそー
1,味噌味きいて本当に美味いの
1,スーパー美味いって
1,うまそう
1,安いなー
1,うまそう
1,ヒカキン完全こだわりのラーメンならいいけど味的に元のラーメンをちょっと変えただけならわかんないなーラーメンに関しては厳しい世界だからヒカキンってだけで売れると思うけど美味しくなかったら売れなくなると思うけど人それぞれの好みだからわかんないけど
1,味噌キンぬいぐるみはどこでgetできますか
1,コンビニでかえるのうれしいよありがとうヒカキンカッコイイだいすきたべたらいれものかざっとくよ
1,普通に高い
1,店舗じゃないのかよ
1,こだわるなら人工甘味料とか使わないで欲しかった
1,0月0日の日セブンイレブン行かねば
1,ヒカキンのラーメンだね買います
1,こだわっていたのでしたらセブンイレブンさんでなくても
1,ヒカキン俺このラーメン買うよサイコーじゃんyoutubeドリーム見せてきた男の夢の結晶でしょ
1,これ辛いの麻婆豆腐しか食ったことのない中学生でもくえますか
1,本当に尊敬するけどごめんなさいパッケージがやばいクレーマーのすするにしか見えん笑笑
1,食べたかったけどたまごアレルギーだつらいたまごなしのもだしてヒカキン
1,ラーメン好きアピール多すぎて嫌味が差してくるけどめちゃくちゃうまそう
1,高すぎやな
1,買いに行くね美味しそうもし叶うならヒカキンさんが着ているtシャツプレゼントキャンペーンしてくれますか
1,食いたいけどたけぇよ
1,果たしてサッポロ一番みそラーメンとどっちが美味いのか
1,ヒカキンー今日買って食べたよメシすごく美味しかったまた買います
1,しおきんお願いします
1,見付からないそれほど売れてるのか
1,いつから発売するんだよー
1,うまちょ
1,安すぎ
1,0円拾いやしたラーメン三杯いただきやす◎
1,ちょっと高いなその値段ならおにぎりと揚げ物買うってなる
1,うまそ
1,これめっちゃ美味かった
1,ラーメンの方が美味しかったです
1,しおきんきそう
1,よっしゃちょっとセブン買ってくるわ
1,ヒカキンプロデュースの濃厚味噌ラーメンと濃厚味噌メシ買う人ちなみに私は買いたいんですけど買う時間があったら両方買います
1,売り切れ続出しそうだな
1,ぜったいうまい
1,値段はいくら
1,偏見だけどさこういう体型の人が作ったものって美味くない
1,何時発売なの
1,このみそキンラーメン買わない人いるいないよねヒカキンのラーメン買うぞー
1,セブンイレブンって時点で買う気せん
1,ラーメンとカップめしはくどくないんですか
1,たかが0年片手間で修行笑したのを商品化してお情け商売してんの面白すぎる
1,そんなにらこだわったのに期間限定なんでしょもうお店出しなよそうしないと食べる人の本当の笑顔は見れないよ
1,何事かと思ったらラーメンで草0円も出すならすみれでええわ
1,とんこつきんしょうゆきんしおきんはよ
1,0円に値下げしろ
1,さんびゃくえんたかすぎだろ
1,これ0円もするってホント
1,毒入ってるから食べ無い方がいいろ
1,みそかみそきらいなんよ
1,美味しくなさそう買うけど
1,開発チームに作ってもらってよく自分のラーメンだって豪語できるね
1,体に悪いので買いません
1,努力アピールのゴリ押しで購買意欲を搾取するな結局は味に帰結するだろ
1,まずかったもう買いたくない
1,作ってるというか味見して文句言って作らせてるだけよねこういうの作るってのは自分でダシとって作って初めて持ってってそれを再現させるのがいいのに名ばかりラーメンでわなぁ購買意欲にはつながりませんぬ
1,内容がなんであれ夢を叶えるってのは普通の人ではなかなか成し遂げれないことだからほんとに凄いと思う
1,この人は周りからすると小さな事に見えることも好きな事に諦めず取り組み続けてこうした結果を残せているから尊敬します希望の星です
1,元スーパー店員が好きな商品を作れるまで有名になったのが本当に凄い
1,視聴者の意見どうこうじゃなくてちゃんと自分の好きなこと貫いて努力してるのかっこよすぎる
1,マジで努力してるのが感じられる尊敬やわ
1,夢を実現させることが出来るのは努力し続けたからなんよなぁマジで尊敬する
1,本当にこの人は努力が凄いな
1,活動休止中も休まずに夢を叶えるために行動してたと思うと本当に尊敬する
1,夢はいくらでもあるけどそれを叶えれたっていうのが本当に凄いことだと心から思う
1,視聴者を楽しませるために頑張ってて好き
1,いやすごすぎるわyoutube活動だけでも忙しすぎるのにその合間を縫って自分の夢を叶える活動をするなんて
1,好きなことにここまで全力を注げるのも聖人と呼ばれる0つの理由なのかもな
1,好きなことに本気になれるの本当に尊敬するわ
1,0ヶ月でも休んでくれてよかったくらいすごいことしててほんと尊敬する
1,好きなものがあるって大切なことなんだな
1,一週間休むのが夢でしたとかでも全然納得
1,好きなことで生きていくを実現させた漢かっこよすぎる
1,これだけ成功してても夢に向かって走り続けて実現させるとかカッコ良すぎる一人の人間として尊敬
1,この努力は絶対報われるファイト
1,自分のやりたいことにここまで真剣に向き合って努力してしっかり結果残すことってできるようで中々できないことだから本当に尊敬する
1,すげぇなぁやっぱ出来る人は何に手を出してもやり遂げるんだなぁ
1,00ここで無駄に謙遜しないで0億点を自分に送るのすごく好き
1,もはやyoutuberがやることじゃないすげえなあ
1,夢を実現させるのは困難でもヒカキンは努力でその困難の壁をぶち破ったほんと凄い
1,これだけ夢を叶えた人なのにまだ叶えたい夢があったなんて凄すぎる
1,下積み時代も諦めず努力した結果これなの最高すぎて大尊敬
1,こんなに成功してもちゃんと辿ってきたことを忘れてないところがとても好きです
1,自分のやりたかった事が出来てよかった何事にも頑張って欲しいな
1,夢を叶えるの裏にはとんでもない努力があることを改めて知れる
1,みんな恋人作ればリア充とか金持ちが自由とか言ってるけどヒカキンみたいな好きなことを本当に頑張れて嬉しさに溢れてる人が真のリア充だと思う
1,好きなことで生きているを体現したまさに偉人私たちに夢を与えてくれて本当にありがとう
1,特別hikakinがすきってわけじゃないわたしでもめちゃくちゃ凄いなって思うしやりたいこと叶えてること尊敬するしもうなんか凄いなって思います語彙
1,商品紹介系youtuberがついに自分の商品を紹介する日が来たのか
1,努力し続けたらやっぱ夢叶うんだな
1,hikakinさんが休止したと聞いてどうしたのだろうかと見に来たけどいつ見ても安心するすごいhikakinさんで安心した
1,疲かれたから休むとかじゃなくてみんなを喜ばせるために休むなんて本当凄いさすがみんなのヒカキン
1,夢があってもなかなか叶えられないことが多い中それが叶うだけでも凄いですそれだけでも感動です本当に夢を叶えることが出来て良かったですねおめでとうございます
1,絶対食べたいお腹すいた? ?ω?
1,下積み時代ほんとうにしんどそうなのにここまで頑張って夢叶えてて尊敬します
1,これだけの成功を収めているのにまだ夢を追う姿勢が好きです
1,休むじゃなくてシンプルにすごいことしてる本気度がすごく伝わる
1,夢を持つこと自体は誰にだってできるけどそれを叶えることはそれだけの努力をした人しか出来ないほんとに凄い
1,夢が叶えられて凄いこの努力は見習わねば
1,お金を考えないで自分がしたいことできるのは努力の賜物だな
1,早く食べたい
1,自分の夢の中にみんなを笑顔にしたいという想いが込められてるのって本当に素敵優しさが味にも出てそう
1,休んでた理由ラーメンかいて最初は思ったけどなんか想い伝わって泣けてきたわ
1,0人の人間がこうやって死ぬ気で頑張っているのを見てるともはや伝記に見えてくるこの方は本当に澄んだ晴れた心を持っていると思う
1,ポジティブな報告なのかネガティブな報告なのか事前に言ってくれるのを本当のありがたい心持ちが穏やかで見られる
1,早く食べたい
1,発売されたら即食べたい
1,好きな事を趣味として生きていくの本当に尊敬してる
1,疲れたから休んだとかでもいいのにさこんなとんでもない発表するために休むとか視聴者想いの域超えてる
1,hikakinさんってなんでこんなに私利私欲みたいなのを感じないんだろうみんなを笑顔にしたいっていう思いですごくすごくこだわって作ったのが伝わってきてなんか泣きそうになっちゃった
1,努力が報われる瞬間はまさにこの事なんだろうなヒカキンさんおめでとうございます
1,この人ほんといつでも自分の夢に向かっててかっこいい
1,早く食べたい絶対買うぞーっ
1,疲れてるからとかじゃなくて報告準備に集中するために休むといういつも視聴者思いのヒカキンさんならどんな報告でも応援できます
1,先日本当に生きているのが辛くなったんですが今日hikakinさんの夢が叶った姿を拝見して凄く元気をもらいましたいつも視聴者を気づかってくださる姿努力し続ける姿尊敬していますどうぞこれからも無理はなさらず楽しさを追い求めて活動してくださいいつもありがとうございます
1,本当にこだわりを感じる
1,やっぱり好きなものを突き詰めるって大変だしやっぱり飽きもあるけど大事だよなマジでhikakinを見るとほんとに頑張ろうって気になれるわガチで元気もらえる
1,これみながら食いたい
1,0年間大好きなものに熱中して本気でできるの本当に尊敬
1,商品紹介を主にやってたyoutuberがこうして今自分の商品を紹介してるのほんと感慨深い
1,初期の頃から忘れられないものってめちゃくちゃいいよねぇ?しかもそれが実現出来るなんてロマンあるわ?本当におめでとうございます
1,こんなに有名になってもまだまだ夢に向かって努力するヒカキン素敵すぎる
1,夢を実現させることができるなんてすごい
1,好きなことを極められる人は本当に努力をしてきた人だと思います尊敬
1,夢に向かって進んで行く姿に感動しました
1,ラーメン食べたい
1,本当にhikakinさんは聖人だなたとえ0週間休んだとしても視聴者の事を考えていて本当に尊敬するわ
1,好きなものを自分の商品にしちゃうっていう偉業ほんとにすごい0年かかったり活動休止になるのも頷ける
1,内容がなんであれ夢を叶えるってのは普通の人ではなかなか成し遂げれないことだからほんとに凄いと思う
1,ただ休んでただけじゃなくて頑張ってラーメン作ってたのは感動
1,夢の実現おめでとうございます伝えたいことが箇条書きなのがわかりやすく誠実でラーメン屋っぽくもある
1,自分的にはラーメンの方がそのときに食べたかったからおいしかった長文すいません
1,ヒカキンが食べてるものなんでも美味しそうに見えるのなんでだろう
1,後半情熱大陸のような感動が発売心待ちにいています
1,こんな時間に見ちゃったからお腹すいた
1,そういう事だったんですね夢を持って努力して叶えるなんて凄いです本当におめでとうございますこれからも応援してます
1,夢を持つ事楽しさも夢を叶える楽しさも自ら体験して映像化してくれるhikakinさんは本当に尊敬しますこれからも応援してます
1,とてつもないプレッシャーの中で時間と労力を割いて商品開発している姿が容易に想像出来ます一週間休むのも納得です応援してます
1,いつかラーメン屋さん作りそう
1,ちっちゃい頃からラーメン好きなんすよね
1,活動の休み時間が夢を追い続けていた時間とかカッコよスギル
1,すぐ買いに行く
1,どこかに行かないといけないとかじゃなくてどこでも手軽に買えるってのが神夢叶えれて良かったです
1,まさかこれをやるためにずっと商品紹介をやってきたのか
1,なんかめちゃくちゃラーメン食いたくなってきた
1,ほんとに努力の積み重ねが遂に実った感じが伝わります
1,ラーメンを初めて作った人ラーメンを広めた人ラーメン屋の人みんなヒカキンさんを支えてヒカキンさんをこんな大物にまでさせてくれてありがとう
1,早く発売されないかなー早く食べたい
1,こだわってる理由がもし上辺だけだったとしてもやさしすぎる
1,自分のやりたいことをずっと貫いてんのすごすぎるこれが本物のyoutuberか
1,夢を叶えるために頑張ってきたことが本当に素晴らしいです
1,食べたすぎる待ちきれない
1,youtube続けながらもこれを着々と進めていたと考えると本当にすごい
1,ラーメンが食べたいよ良いな
1,ラーメン何回も買うからとりあえず0週間ただただ休んでほしい
1,自分の好きなことしたいとか好きなもん作りたいとかは誰でも思うしお金とかがあればできるでもここまでしっかり自分で考えて色々試してみて0年掛けて自分が作りたかったもんを実現出来るってのは大変なんてもんやない自分のすることに熱意持ってとことんやっとるからみんなから人気になったんやと思う誰がどう言おうと俺は尊敬するな
1,おいしそうすぎる
1,ほんとにみんなに喜んでもらえるように作ってくれてるのがほんとに伝わるhikakinさんの夢が叶って良かったです
1,視聴者が体感しやすい食品への事業展開してくれてほんと嬉しい
1,絶対にどっちも買います休んだ理由がこんなことでよかったですこれからも頑張ってください大好きです
1,これはこれは努力の結晶でしかないですねぜひ見かけた際は食べて見ます
1,ここまで言われたら絶対たべてやる
1,僕らに出来る最大の応援は買って美味しく食べるこれに尽きると思ってます絶対食べます
1,息子と一緒に食べたいと思います
1,めちゃくちゃ楽しみワクワクだねー絶対食べたい買いに走るよー
1,食べてみたいです
1,自分の商品作ってたの凄てか休みじゃないじゃんまぁ自分のしたいこと実現できることってやっぱすっごくカッコイイこれからも頑張って下さい応援してます
1,絶対にうまいそうに決まってる言うまでもないね
1,こんなに楽しみな発表なかなかないから嬉しい絶対食べますこの勢いでラーメン屋さんも作ってください
1,こっちも来たらちょっと高いけど絶対買う
1,早く食べたい?
1,はやく食べたいわ?о ?о
1,これだけ影響力ある人は何を発売してもすぐ大好評になりそう
1,活動のおやすみ期間も動いてるのはもうよー分からんくらい動くやんたくさん寝て
1,買います
1,絶対食べたいっ
1,手に取りやすいなぁそうに決まっている
1,さすがしか言えないなこれはもうなんて言うかホントにヒカキンさんはすごい俺は思うよもう拍手しかできないなもう最高絶対に買う
1,夢を叶えるって本当にすごいことだよね自分がずっとやりたかったことをできたヒカキンを心から尊敬するわ
1,手に取るの楽しみにしてる
1,ヒカキンの努力って半端ないここまで努力出来る事がすごい事
1,食べてみたいです楽しみ
1,夢をちゃんといつも叶えていくのがかっこいいおめでとうございます
1,絶対食べるよ楽しみにしてます
1,ほんとに自分のことみたいにうれしいそしてヒカキンさんが忙しいなかでいろんな人にハート押してるのがほんとに感動するやっぱり皆のこと第一に考えて行動していけるからみんながついてきて超人気のyoutuberになれたと思うしこうやって夢を叶えられたんだと思うこれからもこの人についていこうと改めて思ったほんとにすごい
1,嬉しいおめでとうございます食べたいすごい気になる
1,食べたいー
1,世の中の色んなものを見たり食べたりしてきた人がこれは良いと思って作ったものたち興味あるわ?
1,努力の結晶
1,商品紹介を主にやってたyoutuberがこうして今自分の商品を紹介してるのほんと感慨深い
1,早く食べた?い
1,自分が叶えたい夢を叶えられて本当にすごいと思う自分も見習っていきますそしてどんな報告でも受け入れていきます
1,夢叶ったというより叶えたの凄い買います楽しみ?
1,絶対買う
1,絶対食べる
1,hikakinさんのこれまでの歴史と努力の結晶が詰まっててすごい体調も崩さないくらいに頑張ってくださいω
1,休止といえど結構働いてたのねいやすごいな食べるの楽しみすぎる
1,まずyoutubeを0年間休まずにやってるのだけでも凄いのにyoutubeをやりながら他の夢を実現させるためにも全力を注いで頑張るヒカキンさん本当に尊敬します
1,絶対に食べたい
1,向上心あって素晴らしいラーメン旅もしてるくらいだから好きなんやね
1,絶対買ってやる?
1,体を休めるための休みも必要だけどだだの休みじゃなくて自分のやりたいことに集中するための休みってかっこいいな
1,いよいよ明日かホント楽しみ
1,早く食べたいなあ
1,本当におめでとうございます元気出したい時にたべよっと
1,本当に楽しみです絶対食べます
1,たべたーーーーい
1,ラーメン食べたい
1,0個ずつ買いたいなぁー
1,youtubeやりながら0年これを作れたのはすごいと思う
1,一年間夢を叶えるために頑張ってたヒカキンさん凄いし尊敬した
1,食べたーい
1,夢が叶って嬉しそうなヒカキンを見てるだけでこっちは嬉しいよよかったねーラーメンもご飯も絶対買う
1,絶対食べる
1,夢を叶えられた事おめでとうございます素晴らしい発売したら絶対買いに行っちゃいますスバラシイ
1,めちゃ早く食べたい
1,絶対手に入れる
1,夢を叶えるその力凄すぎです尊敬
1,絶対買うぞー
1,だからラーメンダーツとかやってたんだね好きなものを本気にできるのって本当に尊敬できる
1,努力という才能かほんとに尊敬します僕の働いているところで販売させていただけること嬉しく思いますもちろん食べます
1,ええすごい買いに行くーおめでとうございます
1,絶対買うぞ
1,マジで楽しみ
1,めっちゃ買ってみたい
1,すごく食べてみたくなりました見かけたら絶対に買って食べます
1,食べたーい
1,この機会で思ったけどヒカキンさんが存在してないどyoutubeがつまらなくなったヒカキンさんが活動休止してから少し寂しく感じた事があった私はヒカキンさんを0年前くらいからしか見てないけど本当にいい人なのは分かる誰よりも長生きして欲しいヒカキンさんにどれだけ救われたか本当にありがとうございます
1,うわぁぁぁぁあすごいよかったね絶対食べる夢に向かって全力で頑張る姿心から尊敬します
1,ニューミサのラーメンはほんとおいしい
1,上手くいくか失敗するか分からんが絶対食べるわ
1,自分の夢のために活動をお休みは全然いいと思う自分の夢を誇りに思え
1,ヒカキンさんのガチファンだから泣くくらい嬉しい一生買う
1,hikakinさんの真剣さがこっちにまで伝わってきて感動しました元々スーパー店員で僕の人生の諦めない部分をhikakinさんが救ってくれましたありがとうございます
1,楽しみです早く食べたい
1,食べたい
1,復帰おめでとうございます絶対買います見てたら食べたくて仕方ないです
1,応援しとるで絶対買うわ
1,おめでとうございますたくさんたくさん売れますように
1,絶対食べなきゃ
1,hikakinさんにほんとに元気貰ってますし尊敬してます00???00ヶ月入院してて大変ですが退院したら絶対食べますψч☆
1,インスタで見ましたラーメンとカップ飯絶対食べますψч☆
1,早く食べたい
1,わー食べたいー
1,姉も食べたいて言ってた絶対買います
1,正直ここが僕一番見ていただきたいんですけどっておっしゃってますが自分の好きな人の夢が叶う過程を見せていただけるなんて光栄でしかないから見るに決まってますラーメン見かけたら絶対買います楽しみにしてますね
1,絶対買う
1,感動しました絶対食べます
1,早く食べたい
1,おめでとうございます楽しみです絶対に食べます
1,ラーメンって言った瞬間吹いたひかきんおもろいわ
1,おめでとうございますまさかの誕生日に発売絶対買います早く食べたいです
1,一週間お休みしてまあ当たり前だなと思ったら頑張るためのお休みだとはさすがすごすぎるちょっとはお休みしてくださいね長文失礼しました
1,この人はたった一週間の休みのために盛大にみんなのことを考えてるんだなこの人こそ本物の聖人だ
1,色々考えていることが好感持てるまだまだたくさん好奇心いっぱいワクワクしかない
1,絶対食べるそうに決まってる
1,絶対買うのだ?
1,絶対食べますね
1,夢を叶えようと努力して叶えるってすごいことだと思う
1,早く食べたい
1,早く食べたい
1,食べたくてウズウズ
1,早く食べたい早く発売しないかな?
1,お疲れさまですヒカ様の努力と笑顔が多くの人々の心に自然と入って来るのがヒカ様おめでとう御座います喜んで買わせて頂き応援していきたいと思いますヒカ様の声が笑顔が私達の元気の素です本当にありがとう
1,早く食べてみたい
1,食べるの楽しみ?
1,自分が好きなものを自分が満足するまでつきつめて作れるって素敵
1,絶対買います
1,何かヒカキンクラスが初の商品開発って凄いな普通もっと格下のインフルエンサーでも出してるのにそれだけ慎重に製作してたって事かなこれはさすがに食べてみたい
1,絶対買いますとても感動した
1,絶対買いますhikakinさん素敵です休んでないですよそれみんなのために頑張ってるとか尊敬です
1,絶対食べますψч☆
1,hikakinさんの血のにじむような努力が伝わってきますわ
1,絶対買う
1,このラーメンを同じように元気が無い時腹ペコの時ヒカキンさんの話を思い出しながら食べたいと思いますインフルエンサーの方で夢を叶えたと聞いてこんなに本当に良かったここまで長い道のり努力と信念つらぬいたんだなって感動したのは初めてかもです
1,普通にいい話なんだけど恩師を紹介するかのようなテンションでラーメンについて語ってるのなかなかにシュールで笑った
1,絶対買います
1,休むどころか働いてて草
1,はよ食べたいおめでとうございます夢を叶えていく瞬間をこうやって見ることが出来て同じ時代生きれて幸せです刺激もらいました
1,めっちゃ食べたい食べてみる
1,中野来たら札幌ラーメン味七上手いから食べてみて味噌ラーメン
1,おーまいがーー絶対買う
1,ヒカキンさんホントにラーメン好きですね自分の好きなもので夢が叶えれるのすばらしいと思う
1,すぐ食べたいと思って買いに行こうとしたら0日ですね早く食べたい私ラーメン工場で働いてるのでなんか嬉しいです楽しみにしてます
1,涙出てきた絶対食べます
1,食べたい
1,ミサは小さい頃行ってたな玉ねぎ甘めで味噌と合う懐かしい
1,食べるのが楽しみです娘にも食べさせてあげたいです
1,絶対買う
1,絶対買う
1,食べたい
1,予想外だったけどこれは絶対買う
1,絶対買う
1,ラーメン0円か買う穴確定演出
1,絶対おいしい買いますね
1,絶対買う
1,買いたい
1,本当にかっこいい絶対食う
1,必ず買います♪美味しそう
1,youtube活動だけでも忙しいのに他の夢も叶える事が出来るヒカキンさん凄いです
1,食べなきゃ
1,絶対買いにいくー
1,なんな涙出てきた夢って叶ったら凄いよなぁ
1,hikakin様がラーメン食べてた所の店長びっくりするやろなぁ
1,早く食べたいよー
1,絶対に買う
1,努力が凄すぎて俺も頑張ろう
1,信頼がやばすぎて買おうって自然と思った
1,僕もラーメン大好きです僕もラーメン作ってみたいなあ田舎なので買えないですけど旅行行った時買いますね
1,食べたい
1,ラーメンアピールするために0週間休んでて草
1,絶対買う
1,食べるしかねぇこのビックウェーブに
1,食べたい
1,絶対買う
1,セブン店員のわい納品まで待ちきれない
1,えーすご自作やば
1,一時期すごい太ってた時あったけどラーメンの味作ってたのか
1,普通に食おう
1,買いに行きます
1,絶対買いに行きます
1,絶対買いに行きます楽しみにしています
1,凄いですおめでとうございます絶対買いますねっb ?ネッ
1,絶対に買います
1,これは絶対買う
1,絶対買う
1,絶対買います
1,食べたい
1,絶対に食べたいです感動しました
1,一度は食べてみたい
1,復帰は0日か0日って言ってたけど早い方にしてくれたのはありがたすぎますご報告楽しみです追記報告見ました発売日gじゃないのと平日ってのがまたいいですね欲しすぎる
1,頑張ったね購入してみますね
1,セブン店員だから買おー
1,もう絶対買うんだけど
1,絶対買います
1,ファミマ派だからファミマまで置いて欲しかった感ある
1,絶対買います夢がかなって良かったですね僕までもうれしくなりました
1,000えっ凄っ絶対に買う
1,絶対買います
1,絶対明日食べる
1,はやくたべたい
1,見つけたら買ってみよう
1,めっちゃ食べたい食べたい食べたい食べたい食べたい
1,0月0日絶対見つけたら絶対買いに行く
1,想像の斜め上でビビった絶対買うわ
1,これは食いたい
1,絶対たべる
1,hikakinずっと大好きだから絶対食べます
1,ラーメンの旅してたもんな
1,0円くらいなら買ってた
1,絶対買います
1,絶対たべます
1,買わない訳が無い
1,食べたいです
1,普通に買うわ
1,新潟のニューミサが混むぞー
1,たべたーい笑
1,ぼくもラーメン大大大好きです夢が叶ってよかったー
1,絶対買うしかないだろー
1,おー買います
1,絶対買います
1,ラーメン本当に大好きですhikakinさんをずっと前から見てきました小学生だったけれど今はもう高校生で大学受験に向けて勉強しいます勉強のお供として食べていきたいです
1,食べたいです
1,絶対買います
1,誕生日だ絶対買う
1,絶対たべる
1,両方買います
1,絶対買います
1,絶対買います
1,hikakinさん大好きラーメンたべたいな
1,とりあえず食べまーす
1,え絶対食べますありがとう
1,絶対買うから
1,絶対食べます
1,頑張ってくださいぼくも絶対食べます
1,楽しみ食べます
1,素敵ですね食べてみますね
1,おめでとうございます今度食べてみますね
1,hikakinさんは神なんなら仏の域にまで達してるただ普通に頑張っただけじゃあんまり夢って叶えられる物じゃないと思うからhikakinさんはものすごい努力の上にこの夢を実現してるんだと思う
1,絶対食べます
1,わたしもらーめんすきだよ
1,こんなん買うしか無いやん
1,絶対食べる
1,そんなんたべるしかないでしょ
1,hikakinさんの夢が叶って良かった絶対買って食べます
1,セイキンさんおすすめシールを貼って発売してほしい
1,これは食べる
1,絶対買います
1,はやく買いにいこ
1,絶対買いますhikakinさんこれからも頑張ってください
1,買うね
1,はやくたべたぁーい
1,今度食べに行く
1,早く食いてぇ
1,家族みんなで食べるよ?ヒカキンさん
1,買うしかないだろこんなの
1,ヒカキンさんかっこいい絶対食べます
1,絶対買うは
1,家族みんなで食っときますわ
1,ラーメンは買う休んで
1,ヒカキンさん早く食べたいヒカキンさんの人柄が皆さんが携わってれるんでしょうね
1,買います
1,飯テロだ
1,感動しました絶対買います
1,買います
1,ぜったいたべる
1,0回食ってみよ
1,買わないわけないなぁそうに決まってる
1,あのラーメン作るのはいいんですけどちゃんと休んでくれませんか応援してます早くラーメン食べたいです
1,絶対かぃますoooどっちとも
1,食べるね
1,たべたいたべたいたべたいたべたい食べたい食べたい食べたい食べたい食べたい食べたい食べたい食べたい食べたい食べたい食べたい食べたい食べたい食べたい食べたい食べたい食べたい食べたい食べたい食べたい食べたい食べたい食べたい食べたい食べたい食べたい食べたい食べたい
1,買うの恥ずい
1,最近のヒカキンあるあるかもしれないけど後付けの夢っぽくてなんかねって感じここまでやる熱量とかは尊敬してます
1,お金持ち始める献呈的な人調子にのりすぎだわでも売れるといいですね
0,◆プレゼント企画ツイートはこちら↓
0,0年振りくらいにhikakintv開いたけどオープニングが全く変わってなくてなんか安心したいつでも帰ってきていいっていう安心感ある
0,再生回数見て思ったけど今でもみんなの関心を惹き付けてる事が凄いちゃんとみんなhikakinの事気になってるんだね
0,本当に真面目な方やな尊敬するわ
0,たいしたファンでもないけどなんか涙出るね
0,これこそ好きなことで生きていく
0,頂点がこの人で良かったと何度思えばいいんだろうか
0,泣きそうになるくらい相変わらず感動しました
0,ヒカキンが笑ってるとこっちまで幸せになる
0,同年代でハモネプやってたって思うといつも鳥肌というか感慨深くなります?ω?
0,これは普通に感動したわ
0,本当にこの人尊敬する
0,本当に幸せそうな人を見るのってこっちまで幸せな気持ちになるからいいよなぁ
0,どこまで行ってもめちゃくちゃ優しい人だなあ
0,ほんとにどこまでも真っ直ぐな方だよね
0,0年前からbgmも変わってない純粋にビロガーで商品紹介をしてたヒカキンと何も変わってない最高なyoutuberだわ
0,本当にどこまで人を笑顔にすれば気が済むんだかヒカキンさんは
0,0日たった今でも急上昇入ってんの凄すぎ
0,まじでかっこいいどんなに苦しくても辛くても頑張った先にこんな未来が来ると信じてがんばります
0,どうでもいいけど0時間で0万回再生はやべえな
0,同じ新潟県民として全力で応援し続けます頑張れhikakin
0,実質全く休みではないの草純粋に尊敬できるわ
0,hikakinってたまに見るとほのぼのしてふふってなれるなんか疲れてたけど少し心穏やかになれたhikakinありがとう
0,ヒカキンてほんとに人として出来すぎてるよな
0,ヒカキンこそ努力に努力を重ねたtheyoutuberって感じまじですげぇ
0,0日で0万回再生以上いけんの凄い
0,この人はどこまで素晴らしいんだ
0,本当にすごいひかきんは嫌味なところが全くなくてすごく好きです
0,本当に向上心が止まらないなこの人は
0,好きなことをして生きていくのがyoutuber
0,めっちゃくちゃ嬉しい自分の事の様に喜べる
0,好きなことをして人生を楽しんでいる姿に私も頑張りたくなる気持ちが出たよyoutuberの鏡だよ
0,胸が熱くなりました泣きそうです泣いてるけど感動の涙?おめでとう御座いますこれからもお身体にお気をつけてください
0,ヒカキンが嬉しそうなの観てるとこっちも嬉しくなるね
0,努力は人を裏切らないとはこのことなのか
0,俺やっぱ純粋で何事にも本気なヒカキン大好きだわ
0,何事にも本気でどんな時も頑張ってきたからできたことだと思う本当に心から尊敬します
0,ヒカキンのやっていくことが凄すぎて距離を感じるはずなのにすぐそばにいる感じがめっちゃ好き
0,ヒカキンって報われるまで努力できるの凄いな
0,すっげって漏れた本当に尊敬できる人物です
0,夢を叶えるって素晴らしいなーなんかヒカキンさん見てると明るい気持ちになる
0,夢に本気になれる聖人youtuberの鑑
0,まじでこの人なにしても好感度上がるな笑笑笑笑
0,好きなことで生きていくを貫き続けていて本当にかっこいい
0,マジで努力してるのが感じられる尊敬やわ
0,個人的に何より嬉しいのはヒカクラ0が再開することなんです
0,自分のやりたいことを全力で出来るのカッコよすぎる
0,良い意味でツッコミどころ満載で草
0,うわあすごく感動してなんかうるうるしましたこんなに頑張ってる人がいるから私も頑張らなきゃなって思います
0,本当に尊敬する自分もヒカキンさんみたいな素晴らしい人間になるために色んなこと一生懸命頑張りたいです
0,好きなことで生きていく報告前は視聴者の心を昂らせ報告後は自分の夢を叶えることで視聴者を喜ばせるやっぱhikakinさんは本物のyoutuberだ
0,凄すぎてもう凄いしか言えなくなっちゃった
0,こうやって夢叶えちゃうからhikakinはすごいよ
0,夢叶うってめちゃくちゃいいことだね
0,好きなことで生きるってこうゆうことなんだなぁ
0,こういう時のhikakinあるある→ファンが心配するような事じゃなくてむしろ応援するようなことしかない
0,心からおめでとうを言いたいですほんとに自分の夢を次から次へと叶えていて憧れでしかないです僕も頑張ります
0,ほんとに尊敬する
0,本当の予想外すぎて困惑しながら普通に嬉しい俺がいる
0,本気度が伝わってくる
0,夢を追い続ける大切さを改めて感じた
0,結構マジで少しでいいから休んで欲しいとりあえず夢叶えられておめでとう
0,鳥肌とニヤケがとまらんなんかすごい
0,なんか涙出たおめでとうございます
0,長年の努力が色んなところで反映されてるところが本当にすごいと思う
0,何にでも真摯な姿勢を崩さないんですよねそういう所が大好きです家族の分も買ってみんなで食べたいです
0,シンプルになんか感動した笑やっぱヒカキンってすごいな
0,もう涙が止まりませんヒカキンさんの一生懸命努力出来るところとか本当に尊敬します絶対に買います
0,ラーメン聴きすぎてゲシュタルト崩壊起こしそう0z
0,おめでとうo?▽?o
0,いつでも視聴者のこと考えていて本当にすごいと思う
0,なんか泣けてきたよヒカキンさんあなたはほんとにyoutube界の宝だよ
0,若い頃に死ぬ程努力して今夢を叶えたり今の成果があるそう思うとやっぱりhikakinさんには憧れる僕もサボってばかりいないでひと踏ん張りしてみようかな
0,人生も時間もお金も一切ムダにしない生き方に惚れてしまいます心底ステキですっ
0,hikakinさんこんなに有名になったんだもう尊敬
0,本当に凄い努力の賜物ですね
0,辛い事を乗り越えた人だけに娯楽が待ち構えてるんだな
0,夢が埋まってる鉱山をみんな掘っててでもいつ発掘できるかわかんないから途中で諦めたり投げ出したりするけど踏ん張った先には自分自身を支えてくれた夢に辿り着けるって思えましたhikakinさん夢実現おめでとうございます
0,前回より明らかに彩度上がってる
0,人の夢が叶うのを見るのは最高hikakinなら尚更
0,youtubeのみでここまで来れるって本当にすごいことだと思う
0,テレビ番組ぐらい凄い
0,お身体に気をつけてくださいね次はほんとに0ヶ月くらいお休み取ってくださっていいんですよー
0,youareamazingcan’taittotryyourramenintheus
0,早く食べたいです
0,目標を達成するために必死に頑張る人って応援したくなるよな
0,ご報告系youtuber最近腐るほどいるけどやっぱプロyoutuberのご報告の内容は訳が違う
0,夢を諦めないこそ人生
0,夢を叶える人って裏で相当苦労してるのが垣間見える本当にすごい
0,ヒカキンさんみたいな人も最初は苦労してたマジ尊敬
0,これからも夢を叶えて夢を俺たちに見せてくれ
0,やばい涙出そう
0,夢を本気で叶えた姿めっちゃかっこいい
0,やりたかったifルートを同じ人生でどっちもやってるの凄すぎる
0,hikakinさんのお陰で夢って叶うんだなーって本気で思った何かが好きなだけでこんなに頑張れるんだねまじで勇気というか希望というか貰った気がするやっぱりyoutuberの中で0番尊敬してるし0番大好きだなー???
0,本当に心からおめでとうと伝えたいヒカキンはほんと凄い
0,??????????????????????????????????????????????
0,やっぱりhikakinは人間性もパーフェクトだし表の人間としてもパーフェクトだと思う
0,男の人イケメンだし感じいいな
0,夢が叶ってすごく良かったですね私たちも夢を諦めずに頑張りたいと思います
0,店やって欲しい ?
0,これこそホントのyoutuberだと思います誰かのことを取り上げるわけでもなく自分の夢をちゃんと実行して視聴者にお届けする素晴らしいですhikakin
0,夢を見るのは簡単だけど夢を叶えるのは難しいでもそれを叶えたhikakinさんは凄すぎる
0,本当に努力の塊でしかないhikakinさんが頂点で本当によかったぁぁぁぁぁぁぁぁぁぁぁぁぁ
0,えスゴすぎるほんとに尊敬しますこれからも頑張ってくださいでも体調には気おつけてください何時でも応援してます
0,どんな事も諦めず前を向いて立ち止まらず頑張りつづけたら夢も叶うって教えてくれたヒカキンさんやっぱりすごいです
0,純粋で真面目な人だなぁと改めて感心させられました
0,本当にこの人youtubeで自分の夢全部叶えるんじゃないかなずっと応援するけども
0,自分も夢に向かって突き進んでさらに実現させるような人になりたいな?
0,なんか0年くらい見てるけど感動するわ
0,スーパー兄弟地元の人も嬉しいし誉ほまれだよね
0,hikakinさん忙しい中でも本当に好きなことして生きてる感じがしてすごくいい
0,なんかもうなんかすごいの語彙力
0,なんか感動するなぁここまで来たのかって感じるわ
0,最高だよこれからも一生ついて行きます
0,映画見た気分感動した
0,招き猫キンのとこ満面の笑みとともに特に何もありません声出して笑いました
0,しょうもないとか言ってる奴ら人の夢を0文字で片付けるなよhikakin本当におめでとうこれからも一生ついていくわ
0,戻って来てくれてありがとう
0,本当におめでとう夢を叶えられて本当に良かったね楽しみにしてます
0,hikakinまじでかっこいいよ夢を叶えていくその姿尊敬
0,この人がちでまじもんなんて言うんだろうここまで誠実で真実で素直な人見たことないんだよねヒカキンさんを見てると大人って素敵だよな捨てたもんじゃないって思える
0,大好きなものを磨いていくその姿大人の私も勇気づけられるかっこいい
0,発売日が0月0日ってさドラゴンボール好きなことも込めて悟空なのかなって思ったけど偶然だよなぁ ?ω
0,やっぱhikakinさんは努力のが凄い
0,もう一つの夢だったかっこよすぎ
0,やりたいことをなんでもできちゃうそれがヒカキンの力短いお休みで休めたかなもうちょっと休みたいよね
0,夢を叶えるってなかなかできないことそれをこんなんでとか言ってる奴なんか気にすんなというか本人は全然気にしてないと思うけど
0,天才って才能とかじゃなく好きな物にどれだけ取り組めるかなのかもな
0,もー映画にしていいぐらいすごい
0,言いたいこと沢山あるけどとにかくおめでとうございます
0,夢を叶えることが出来るヒカキンさんを皆らいたい
0,この人のこだわりましたほど説得力のあるものは無いよねめちゃくちゃ楽しみ
0,ずっと夢を追い続ける姿痺れます
0,ずっと夢を持ち続けるって事がすごい普通は一つの事で満足しちゃいそう
0,言うこと忘れましたとか言っても全然許せる
0,ヒカキンさんは下積みがすごいからここまで有名になって夢が叶ってくれるのはこっちも嬉しい
0,シンプルにラーメン好きすぎだろ笑
0,どんな報告でも応援することに変わりはないんだけど全国ツアーだといいなぁー♪♪
0,こうやってがんばってるヒカキン見てると自分も諦めないでがんばるぞって思う
0,これ作る為に0年の新曲出さなかった説
0,休止理由もヒカキンらしくて応援したくなるなぁ
0,勝手に期待しといていざ発表した時文句言うのは違うだろ素直におめでとうでいいでしょ
0,ヒカキンはまさにお金∞努力を証明した男
0,どんな報告でも応援してます
0,夢って叶うのね
0,長年の夢が商材とはこれいかに
0,僕の夢は記憶がある時に東京に行く事でしたヒカキンと共に夢を叶えられて嬉しいです
0,自分の夢を追うという事は凄く良い事とだと思う
0,ヒカキンの熱意というか思いが分かるまず真っ先に自分で思う通りにするヒカキンが凄くて羨ましい
0,ヒカキンは今回夢を叶えたけどヒカキン自身もまた色んな人の夢になってるんだよね素敵な世界だ
0,ほとんどコメ0個はみんなついてるhikakinさんもっと休んでも良いですよ体調お大事に
0,このままいけばヒカキンさんも0日で0万再生いけるぞ
0,もうhikakin教科書に載ってもいいレベルだろ
0,なんかヒカキンさんって自分の節目とかにいつも誰かの為にやる事ばかりでyoutubeを始めた頃から芯とか根本が全く変わらないんだろうなと泣きたくなる
0,hikakinから溢れ出る優しさに泪がでる
0,夢を現実にするのカッコいい
0,これもいわゆるyoutube界の既得権益だな
0,勝手に報告だとばかり思ってたから予想外すぎたけどヒカキンさんのyoutuberとしての夢とは別の夢が叶って本当に嬉しい
0,この人はマジで凄すぎるよ
0,改めてすごい人だなと思った
0,復活おめでとうございます最高
0,最初のオープニングをhikakintveveryeekでも許される
0,なんかめっちゃ真剣に見入ってしまった
0,発表するまで0分もかからないの流石ヒカキンって感じして好き
0,映像ヒカキンが作ってるの何気に凄い00
0,ヒカキンさんの人生って夢あって好きすぎる
0,シンプルに凄い本当に頑張ったんだなって尊敬できますね
0,感動をありがとう久々ぶりに涙したよこういうことなんですよ
0,hikakinの夢が叶って本当に良かった
0,hikakinさんみたいな色んなことに夢を見てチャレンジできる人になりたいと思った
0,いつでも好きな事に全力なヒカキンさんやっぱり好きだなぁ
0,あまりにも本気すぎて勝手に感動した
0,夢を叶えられるってこんなに幸せなんやなー
0,ラーメンダーツの伏線かも知れない
0,感動しました
0,0年かん両立しとるのすごすぎます
0,0分ぐらいのいい感じの曲は心響?shionです
0,0時間で0万再生超とはどれだけヒカ様の復活を心待ちにしてる人が多いか分かる
0,プルルルルルルルルルルルが過去一気合い入ってる
0,感動しました
0,まじでこの人超えるユーチューバーというか人としても中々いない笑
0,夢を叶えることも凄いけど夢が叶う方の瞬間を共にできることは一視聴者としてとても喜ばしいです
0,終始テンションが高くてどれだけ嬉しいのか分かる
0,字も綺麗なところまで本当にヒカキンさんの才能にびっくりですこれからもずっと応援してます
0,頼む復活にしてくれ皆あなたを待ってるんだよ
0,数百年後とかhikakinの人生大河ドラマになってもいいと思う
0,0時間で0万再生に迫るのはさすがすぎる
0,0番びっくりしたのがhikakin様の書道が想像以上に上手かったこと
0,これが自分の誕生日に発表されて嬉しい
0,また新しい夢の実現を期待してます頑張ってください
0,急上昇0位おめでとう ?ωノノ☆パチパチ
0,今までと全く違うトーンのヒカキンさん感動しました
0,ヒカキンさんの努力は本当にすごいこれからも頑張ってください
0,hikakinさんの元気が出て嬉しく思います
0,感動しました
0,習字普通に上手い
0,ポイントつける側からつけられる側になったの凄すぎ
0,この人なんでもやるなぁ
0,本当に今までずっとみていたのできっとhikakinさんならみんなをワクワクさせるご報告なのかな
0,いっそのことラーメン店作りそう
0,いつもはhikakin面白いなぁ?って感じで見てたけど今回のhikakinはカッコイイやっぱり夢を実現できる人はカッコイイです
0,半年後とかにスプラトゥーンのフェスで味噌ラーメン派対味噌メシ派の戦いあると思ってだけど今のスプラトゥーンフェスの選択肢三択なの萎える
0,ヒカキンさんの夢が叶うと見ている自分も嬉しくなってきます
0,susurutvに紹介されることを願うばかり
0,???????????????????????????????????????????youtubecreater????????????????????????namastejapan
0,何度も繰り返し観ています観ているだけで気持ちが幸せになるhikakinさんありがとう
0,これは幸せだな ????
0,やっぱ好きやわ
0,世界の紛争を全て根絶しましたとかでもhikakinなら許せる
0,hikakinってほんとすげーわまじで尊敬
0,絶対食べよ
0,父に0年育ててたアロエ捨てられてショックだったけどなんか元気出た
0,ヒルクライムのライブで初めてヒカキンさんを見て知ってあれからもう何年も経ってるけど今では今でもヒカキンさんtocさんの大ファンです
0,夢を叶えるために発表の映像も本気で作るの流石youtubeの神
0,ほんと好き
0,夢を叶えておめでとうございます本当にhikakinさんは凄い人
0,つらいときに上がれる人が人生の教科書
0,控えめに言っても神
0,みんなあんま触れてないけど習字上手ない
0,なんか福くんが仮面ライダーになるって夢を叶えた時くらい勝手に感動した
0,しょうもないって言われても夢を叶えられることはすげーよ
0,ヒカキンさんって本当にいい人だなぁ
0,サムネ変えるところとかさすがだな?と思う常々youtubeのご報告サムネには嫌気がしているので発売まであと0日たのしみー
0,0年間やってて初めての休みきっといいご報告だと思うまじ楽しみ
0,0時間以内で急上昇ランク0位になったのがやばい
0,俺も自分の商品出せるまで頑張るわ
0,もうすまんけどhikakinさん超えるyoutuberはほんとにいないもう俺が決めたこの人は人としてもyoutuberとしても最高って感じで大好き
0,お休み頂いてありがとうございますって上の立場になったにも関わらずほんと謙虚だよね尊敬する
0,プレミア公開の時コメントで文句奴多すぎて悲しくなったわ素直に祝ってやればええやんけ
0,地元に味噌吟とゆうラーメン屋がある
0,待ち遠しいです早く食べたい
0,初めどれだけすごいか分からんかったけど冷静になって考えたらとんでも無いことしてるの草
0,どんな小さな事でも夢を叶えられるって素敵な事だよね
0,心から応援
0,らーめんもいいがもうそれ以上太るではないぞ
0,0時間で0万再生やはりyoutubeの王だったか
0,サムネめっちゃいい
0,夢かなえる凄い
0,心の中という感じ
0,ヒカキンが青色の服着てると嬉しい
0,これに救われ励まされた人間がまた新たな物語を紡ぎ出す
0,普通に習字上手い笑
0,なんかhikakinが幸せそうで私もうれしい
0,なんかもう嬉しい泣ける矢部
0,ほんとおもろいな
0,しっかり急上昇一位取ってんのかっこいい
0,お疲れ様ですまた会いたいですthejapanesegirlgroupilldebutonmay0rdthenameofthegroupismoonchildcomelistentothesongpeopleallovertheorldpleasesupportusbybecomingafanbeitchingandcuteitscoolagainsoidontgettiredofitletscomeandsingintheorld
0,なんかhikakinさんはyoutuberで成功してるからとかそういう妬み全くない努力が実った人だなぁって見れる
0,これがヒカキンがの視聴者側へのドッキリだとしたらマジで笑える
0,夢が叶って私も嬉しいです
0,みんな触れてないけどロゴの字書くの美味すぎん
0,いい報告であってほしい
0,緊張するなでも最大限応援します
0,0日か0日にって言っていてしっかり0日にあげてくれるところが本当流石すぎる
0,勿体ぶらず発表するのすき
0,てか0日で再生されすぎだろさすがyoutube王
0,聞く前から嬉しくてドキドキする
0,hikakinが生きてる時代に生まれてこれて良かった
0,抽選当たって欲しい
0,一つ一つ確実にやりたかったを成し遂げていく男
0,こんな素敵な人本当に居ないしもうほんと大好き頑張ってほしい
0,遂に報告来ましたか何かワクワクしちゃう?≧?▽?≦?
0,ラーメンがゲシュタルト崩壊した
0,どんな報告かめっちゃ楽しみ
0,おめでとうございます夢が叶ってよかったですね
0,感動するなぁヒカキンさんの夢が叶ったの本当に嬉しいなおめでとうございます
0,まじで気になるどんな結果でも応援してます
0,しょうもなってコメントちょくちょくあるけどこれのどこがしょうもないのか説明して欲しい笑笑
0,どんな結果でも大好きだよ
0,久々に見たらソファの人形がヒカキンだらけになってる
0,おめでとう
0,ヒカキンの元気な姿が見られるのは嬉しい
0,どんな報告かなどんな報告でも神回だ
0,色んな人が先走った噂を流してて嫌だったけど0月0日が楽しみでも抗がん剤治療中で退院まだだから退院したらすぐ買いに行く
0,報告長すぎて校長先生かと思っちゃった
0,マジで気になって夜しか寝れなかったから楽しみだわ
0,面白い
0,pvのあとの真顔おもろ
0,サムネ明るいから良い内容だと信じたい
0,突然国家転覆やぁりましょうとか言われてもヒカキンさんなら株上がりそう
0,やっぱhikakinだわおめでとう
0,いいねの数だけそれぞれ買います
0,何かとドキドキするけどヒカキンさんの夢が叶うんだったら嬉しい
0,いいねの数×0個買うわ絶対いいね来ないだろうし笑
0,しょーもなとか言ってる人人の夢をそう思うことがしょーもないと思うよ
0,やっぱり一周間はえーな楽しみ
0,夢を叶えるヒカキンが僕は大好きです
0,hikakinさんが幸せなことならこっちも嬉しい気分になれる
0,すごすぎて草
0,キタ━━━━??━━━━やっぱりヒカキンさんが0番だよねどんなご報告なのか気になるけどファンの皆さんには喜んでいただけるって言ってたから楽しみだなぁ
0,hikakinの夢って俺らに想像できんよなどんな凄い事なんやろ本当に楽しみすぎる
0,まだなんかわからんけどおめでとう
0,ヒカキンってすげーなー
0,00この若かりし頃のヒカキンちょっとカッコいいの草
0,食べてみたいてかコメ欄に未来人現れてて草
0,楽しみすぎて昨日から寝れんかったわ
0,俺やっぱヒカキン好きだわ
0,ヒカキンは期待を裏切らない
0,急上昇0位おめ
0,おめでとう
0,可愛い赤ちゃん姿
0,seikinと仲良い兄弟って感じがほっこりする素敵
0,絶対誰も予想しない結果で草
0,楽しみです
0,これは神回の予感
0,しょうもなって言ってる奴お前らが高く見すぎただけやろ本当にhikakinさんおめでとう
0,↓hikakinが休んでいい日にち
0,すげぇよヒカキンさんそしておめでとうこれからも応援しています
0,絶対に行く待ってろよヒカキン
0,0日前で0万回再生えぐすぎだろ世界のhikakin
0,確実に神回
0,ヒカキン急上昇一位おめでとう
0,最高
0,ジジキンは天国で笑ってるヒカキンのゆめが叶ったから
0,ねつ伝わってきましたおめでとうございますぜったい食べます
0,コメ欄に既に食べた未来人いて草
0,休むということを知らない男
0,絶対買う人↓
0,まじで聖人
0,よかったですね
0,素敵です
0,多分思ったより大したことじゃないと予想
0,スゴすぎる
0,視聴後いや休んで無いやん
0,嬉しいけどこの人の休み少なすぎ
0,発売日がわいの誕生日なのがワロタ
0,ずっとドキドキして待ってましたヒカキンさんの夢が叶うのなら心から応援したいです
0,招きネコキン可愛い
0,ヒカキン習字上手い
0,石川の考察外れてて草
0,待ってましたヒカキンさんの夢の報告楽しみです
0,ひかちゃんおめでとうございます
0,当たりでたらせめてtシャツとかあげたら良いのに笑
0,ヒカキンあんたやっぱすげぇよ
0,うん神だね
0,この人ほど純粋な人おらんと思う
0,この人はすごい
0,それ休みじゃねぇだろちゃんと休めよ
0,この度わたくしヒカキン眼鏡を新調しました
0,おめでとうございます
0,尊敬する人物hikakinレーニンゴルバチョフ
0,買いに行きます
0,本当に純粋に発売が楽しみになるヒカキンの熱意人柄息子がカレンダーに書いていました
0,休んだけど休んでなくて草
0,ラーメンゲシュタルト崩壊した
0,カッコいい
0,ヒカキンさんは生きる伝説
0,急上昇
0,今日はこれがいいや
0,おめでとう
0,ラーメンゲシュタルト崩壊したわ
0,00作り直せって言うかと思ったやん
0,うっひょー早く食べたいヒカキン最高
0,お疲れ様
0,気づいたら0kg
0,おめでとうございますかならず買いに行きま
0,頑張れよ
0,youtuberのプレゼント企画は税金対策だよな
0,0人で成り上がってきたヒカキン素敵
0,好きだけで夢が叶うんだなぁ
0,00ここ好き
0,何だ神か
0,久しぶりにヒカキンポイント聞いた
0,おめでとうございます
0,お疲れ様でした
0,休むとこが動いてて草
0,好きです
0,結局休んでなかったことが判明
0,大好きです
0,hikakinの夢が叶うのならいくらでも休んでいいのよ
0,休む理由になってなくて草
0,夢がついにだなおめでとうヒカキン
0,自分の夢を叶えれて良かったですね
0,すげーよ
0,hikakinプレミアムおめでとうございます
0,ヒカキンは留まるところを知らない
0,ぼくもラーメンだいすきです
0,頑張ってください
0,00れさキャラだありがたい
0,ヒカキン開発とか向いてそう
0,僕の誕生日にヒカキンが精神的におかしくなりそうだったのほんと草
0,0月0日めっちゃ楽しみ
0,小さい頃にhikakinのグラセフ実況見てたけど母がそんなアマチュア見てないでテレビでもみなさいとか言われてたけど今は明らかにアマチュアじゃないだろババァ
0,ヒカキンさん頑張ってくださいずっと応援しています
0,hikakin自分で自分を超えちゃったかな
0,ぼくの将来の夢はyoutuberとラーメンを作ることですまさかの同じ
0,ヒカキンさんもし可能でしたらtシャツ再販希望しますωペコリン
0,すげぇ
0,ヒカキンさん素晴らしいですね
0,ひかさんがふくよかになった理由
0,すげえよ
0,これは凄いやったね
0,おめでとうございます全然関係ないけどサービス終了が決まったアプリゲームをサ終取り消させてみたみたいなの出来たら見てみたいですガンダムブレイカーモバイルとか
0,youtube黎明期から変わらない安心感のあるコンテンツを続けているhikakinさんに拍手を送ります夢の取っ掛かりがかなったのでこの夢を更に大きくしていってくださいいつまでも応援してます
0,彼は好きなことを継続しているようだだからこそフォローしなければいけない
0,すき
0,急上昇0位は草
0,感どう
0,これくらいいいやろ笑
0,多分激辛が出ることを私は知っています
0,ヒカキンさんおめでとう
0,おめでとうございます
0,ヒカキンお前すげぇよ
0,期待していいのかな
0,いただきやす◎
0,おおすげえええええもちぃろんかいます
0,サムネ変わってる
0,休んでなくて草
0,早く00にならないかな
0,ヒカキンさんがんばってください
0,やばいクレーマーみたいなポーズ
0,夢ビートボクサーじゃないのか
0,trendhikakinpoint久しぶりに聞いた
0,そうだったのか僕もうれしいしヒカキンさんもうれしいのか
0,休んでなく草
0,神さま
0,0万再生が怖い
0,ちょっとたべてみたいです
0,titterでバズりのおもちゃになってて草
0,宇宙いかんかったなぁ
0,かいたい
0,hikakinさん頑張ったな
0,サムネ変えたか笑
0,戻ってきた
0,あと0秒頑張ってくれ
0,おめでとうございます
0,hikakin同接0万人どりゃああああああああああああああああああああああああ
0,涙出そうになりました
0,いいですね
0,ヒカキン字上手いね
0,休んでないやん笑
0,コメ欄にくっそ暇人いて草
0,なんぼラーメンってゆうねん
0,ヒカキン習字うまい
0,ひねくれコメ多すぎやろ笑夢を叶えただけなのに
0,くるりインスパイア系なのかな
0,よかったですガンバレーグッとボタンよろしく
0,よかったね
0,我が人生に一片の悔いなしラオウやん笑
0,隠密で栗東まで来てたんかなぁ
0,00fnaf死亡確定シーン
0,容器だけで0円しそう
0,ありがとうございます
0,うどんとペプシとカツカレーとびひん
0,サムネが変わっておる
0,ナレーションのトーンがほん怖
0,実は広島市中区に私の父親のお姉さん夫婦が第0店舗寿々女すずめを広島市中区舟入へ開店してます良ければ食べに行って下さい
0,あらたなレさキャラの誕生
0,急上昇0位ダァ
0,平成時代のヒカキンうんーーーtodayshikakinpointトゥルルルルルルルルルルマイナス0万点ー
0,略してヒカプレ
0,途中でよく首がモゲますね
0,hikakin‘spoint0億0万点から挽回
0,ください
0,うんoemかまぁたべてみるよ
0,おっきくなったね
0,00この0の作り方できなくね
0,ぜったい並ぶ
0,実質休んでない
0,ヒカキンは何回ラーメンと言ったでしょう
0,ぜったいかいます
0,宇宙じゃないんかーーーいっ笑
0,腹えぐすぎやろ
0,フラゲして食べてみたくどかった水必須
0,あれこれご報告のサムネがちがうは
0,ファン視聴者を大事にするヒカキンさんプレゼントだとかばら撒きすぎないで欲しいな
0,神
0,えなんですかこのナレーション笑
0,幼なじみyoutuberhikakinさんマスオさん
0,試食の時口ピチャピチャさせない
0,むしろしょーもなでバズる目的だった説
0,食べてみたい人
0,super店員
0,ビックダディって言ったの誰
0,ジョイフル0億円のあの人を超えれるかな
0,誰だよヒカキン宇宙にとか言ってた奴
0,明日やー
0,自分用00
0,ブドウアイスって人やばいな
0,00ちっちゃい頃から
0,幸福招キン
0,ヒカキンは本当に充実してるなぁそうに決まってる
0,おー★
0,みっそきんtvえーぶりでー
0,何かご報告から長い文になった
0,00当たり前
0,サムネ変わった
0,もっと休んでくれ
0,好きだけどなんかお金配るのは
0,hikakinさん私に希望を与えてくれてありがとうございます私も頑張ります
0,復活
0,00パパパパパパンッパパンッ
0,休むほどのことかよく解らない
0,え発売日誕生日なんだが
0,ヒカキンさん今年セイキンさんとの曲作らないんですか
0,セブンプレミアムかよ
0,おいフレンチ見てるか
0,僕もラーメン食べて0万人にザーメンかけます
0,00秒のヒカキン
0,デカキンバージョンは大盛りですか
0,発売日俺の誕生日とめっっっっっちゃ近い買ってもらお
0,簡潔にはなさんかい
0,手前味噌系ユーチューバー
0,笑
0,hikakinさん花月嵐ラーメン屋に行ってくださいお願いします
0,どこにある買う
0,ヒカキンの癖に廃課金だな毎回散財しすぎ
0,私性餅性
0,蒙古タンメン買おっと
0,00いいねぇー
0,健常者なら大丈夫じゃね皆が平等じゃあないから
0,えろーん
0,私ヒカキンの誕生日のまえがたんじようびです
0,ヒカキンさん0年前ゲーマーと言いましたよね
0,00自分用
0,さきないとさんコメントきましたありがとうございますきました
0,自分用00
0,税金対策も兼ねてるのかな
0,休んでなくて草休めよ
0,0万なんて売上だけですぐ回収できるのよhikakinはだから大したことない
0,んあれどこ
0,マスオtvありますか?
0,一十二度見ても
0,奈良県もうありますか皆さん教えてください
0,ぼくはごさいですたべたいです
0,生半可な気持ちでやらないで
0,なんやねん
0,すするやん
0,うへへ0円広いやしたラーメン0杯いただきやす◎
0,ヒカキンゲームズのホームから来た人
0,0週間も休んだ言い訳がこれはなあ
0,アンタ味見してるだけやん
0,なんえん
0,このラーメン好きアピールがしたいから何ヵ月前からラーメン旅とか始めたのかな
0,一年じゃそう簡単にできないよあまいは
0,ヒカキンさんかっこいいと思う人↓
0,セイキンヒヤシチュウカ
0,ヒカキンのバ力舌具合が露呈するいい機会
0,小池百合子
0,蒙古タンメン買うわ
0,うわ釣られたわ
0,でも結局お金入るのは自分のところだろ笑
0,ぜったい買う人
0,00ん
0,このコメント残念だわまずそうとか言ってる奴は絶対買うなよヒカキンさんの努力の何も知らない奴が語ってんじゃねーよ
0,あさってやん
0,かうと思った人↓
0,再生数が0万人いって欲しい人↓
0,ヒカキンいつもみてるよあいと0さいより
0,結構期待はずれ
0,いつまで活動休止するの
0,税金対策
0,ぼったくり
0,引退悲しいです
0,バズり目的の為に使われてて可哀想
0,な
0,けんからか
0,クッピーラムネ0袋買った方がまだいい
0,今から間に合いますか
0,絶対買う人↓
0,くるりと蒙古タンメンに謝った方がいいよ
0,いいねしてくれたぶん買います
0,正直に言います失望しました
0,ヒカキンさん何百億って持ってるんだから0円くらいにしてよー
0,ミソキソ
0,00東京に上京頭痛が痛い
0,視聴者を弄ぶな
0,hikakinさんこんどでいいので薬品のシャンプーとリンスとボディーソープを作ってくださいよお願いします
0,ラ王買います
0,ヒカキンの癖に廃課金な行動するな散財しすぎ
0,食べたら頭おかしくなるよ
0,禊ん
0,お前が実際ラーメン作って客に対して永遠と対応するなら応援する裏切るなよ
0,また小銭稼ぐの
0,結局金儲け
0,いらん
0,あ
0,他力本願な感じがゆがめない
0,まじでどうでもいい
0,いい歳したおっさんがこれレジ持ってきたら笑うわ
0,誰が買うか
0,まずそ
0,いや報告こんなことかよ
0,は
0,あ
0,友達いないのは今もだろ
0,いらねぇー
0,しょーもな
0,誰がやっても同じだろヒカキンである必要性がない
0,内容しょうもないな笑
0,で一週間休んで何をしていたん笑要は期待商法やんな一週間身を隠して遊んで期待値を上げたかったん
0,なんで0万もとーろくしゃいるのバイシューしてんだろ
0,しょーもな
