0.956788003,なるほどリュウジさんの言う豚汁とは味噌汁ではなく味噌煮込みという感じなわけだ
0.954603553,このレシピが本当に美味いから何回もリピしてますお肉は豚ひき肉で作るのも好きです子供が食べやすいいつも美味しいレシピと飲酒がすすむ動画ありがとうございます
0.954494715,長ネギガチで重要ですうちはお肉は咀嚼力の弱い息子も食べやすいようしゃぶしゃぶ用のロース肉で0にしたりこんにゃく入れるのをやめて豆腐にしたりします長ネギと調味料の分量を守ると本当に美味しい豚汁が出来ます明日の朝も作ります一生ウチの豚汁レシピはこれかもしれないです
0.953784227,めちゃくちゃ美味しく出来ました肉野菜炒める事での旨味煮込む事で旨味が凝縮されにんにく生姜を後入れする事で風味最後リュウジお兄さんの動画見始めめてから料理が楽しいです
0.952886999,久しぶりに作りました池森システムが導入される前のレシピなんで白だしを少し減らして鰹節と味の素を追加してみました
0.952208698,このレシピで忠実に作ってもらった不味かった何時もの味噌と和風だしだけの豚汁の方がズーッとうまかった味醂入れて美味しい訳がない
0.951833904,私の家は蓮根白滝椎茸里芋焼き豆腐も入りますˊᴗˋ豚汁ほんとに美味しいですよね
0.951805055,インドカレーの調理法と似てる部分が多く美味しい汁物の作り方はやっぱりこんな感じなんだなと再確認できました至高の豚汁本当に美味しそうですレシピのシェアありがとうございます
0.951794147,久しぶりにまた真似して豚汁作りましたまぢで美味しいˆˆ
0.951655149,調味料と薬味の順番や炒める順番をもっと適切な所に変えたらもっと美味しくできそうな気がしますお彼岸の時などスーパーに並ぶ白だしの根菜の煮物と豚肉ねぎなど基本材料で作れば時短で近いものが作れそうな
0.951587737,ハイボール以外はきちんと揃えて作りました美味しかったです主人には具が多いと言われましたが豚汁はずっとこれでいきます←
0.951501489,このレシピのお陰で豚肉入り味噌汁から卒業出来ました流石至高ですね美味しいし娘に伝授します
0.951082826,うちも同じく生姜とにんにくメッチャ入れますカレーも豚汁も刺激あって美味しいですよね̇̊ʚ꒳ɞ̊̇
0.950703561,これは味噌汁とは完全に作り方が違う脂を活かした豚スープじゃんねラーメンとかそっちに近い豚汁の概念が変わる一品
0.950518906,里芋必須です里芋食べるために豚汁作る感じです私は仕上げにごま油黒コショウ入れたりします
0.95027703,初めて豚汁を作りましたが肉入り味噌汁じゃない本物の豚汁こんなに美味しいのかと感動でしたありがとうございます
0.950257123,料理動画としても良いけど何よりリュウジさんのキャラが面白過ぎて観てしまう豚汁後で作ってみよう
0.949961424,めちゃくちゃ美味しいもっと早く見ときゃ良かったー祝豚肉の入った味噌汁卒業全然違う
0.949392736,美味しかったですニンニクと生姜が効いて味噌ラーメンのスープみたいで食欲がそそりますお酒飲みながらの料理もハマってしまいました笑笑
0.949227989,すぐ作りました最上級の豚汁豚汁は肉の入った味噌汁じゃないという言葉納得です同じ材料でも作り方によってこんなに美味しくなるんですね冬は毎日でも作りたくなる長年料理してるばぁばでも感動の味わいでした
0.948893964,ゴボウを最初に炒めるのが本当にコツなんでしょうねゴボウの旨みが効いてそう勿論他の具材も観てるだけでも美味しい気分ですありがとございます
0.948759437,うちも豚汁は具沢山です厚揚げや油揚げ入れるのが定番あと長芋いれるのもホクホクして美味です焼おにぎりいれるとお酒のシメに最高ですよー
0.948750973,作りましたにんにくと生姜プラスで俄然美味しくなった汁物だけど酒の肴にもなるかんじの味でした笑0日連続リュウジさんメニューです
0.948565841,巨神兵の徳利めっちゃ可愛いですねそして豚汁美味しそうすぎますいつも簡単味噌汁だったので次は豚汁に決まりです
0.948272586,これを二日間美味しく戴き少し残ったらジャワカレールーを一かけら入れてうどんを煮込むと最後の至福感
0.948133707,リュウジさん始めまして◎ニンニク生姜入りで香りを楽しむ豚汁宮城県民ソウルフード豚汁はカレーの様に十人十色ですね
0.947935224,お兄さんに大賛成です私は根菜類の皮はほとんど剥かないですし灰汁も茶色くなければスルーします灰汁は兄さんが言ってる理由で皮と身の間に一番栄養が入ってるから手間も省けて一石二鳥です九州出身ですが豚汁にゆずこしょういれても美味しいですよ
0.947862148,美味かったです白米のお供として食べるなら味噌は分量より大さじ0弱足しても良いと思いました
0.947413564,ネギの切り方茹で加減が最高ですねアメリカ人捕虜が木の根を食わせたと言ったゴボウがいかに美味しいか思い知る料理
0.947349608,0絵的には殆どモツ鍋至高の豚汁これだけで充分メインになる料理で本当に美味しかったです
0.947234035,ハイボールに胡麻油と牛蒡の香り最高てすね豚バラの脂身をレモンハイボールの酸味でリセットして無限豚汁食べたいです
0.947077155,やって来ました今年も豚汁の季節この至高の豚汁に出会ってから0度目の冬ゴボウを買ってきただけでおっリュウジの豚汁やったー今年もたくさん食べれるかなーと家族にめちゃ期待されました久しぶりに作ったけどやっぱり美味しいホントに美味しい
0.947071135,具だくさんで素材の旨味が詰まっててとても美味しそうな豚汁ですね今まで自分が適当に作ってたのは豚入りの味噌汁でした
0.946987927,ばーちゃん作り置きの豚入り味噌汁玉ねぎ人参豚豆腐をこれを参考にリフォームしてみたら見事豚汁になりました劇的ビフォーアフターすぎる
0.946869791,最っ高ですこの先の豚汁はもうリュウジさんの豚汁ッ豚入りの味噌汁ではなく豚汁この豚汁何もかも覚醒させて頂きました本気の豚汁を本気で作ってます
0.946576357,これは旨そう味噌汁としての家庭の豚汁とは全くの別物ですよね胡麻油とにんにくが香る豚汁はめちゃくちゃ飯が進みますよね
0.94644022,美味しそうですねそれにしても飲みながら良く作るな笑好みの問題ですが私はキムチと厚揚げを入れますね豚汁は最強ですわ
0.946312726,初めて拝見させて頂きました豚汁はもちろんお酒も美味しそう笑話も面白くて最後まで楽しかったです
0.946068585,豚汁大好きです何故にこの時期に東北の芋煮思い出しました至高シリーズだけあって最高の作り方ですねにも絶対合う
0.945998013,さっき作りましたニンニク入れるとまじで味噌ラーメンみたいな美味しい味噌味になった
0.94567585,リュウジさんのレシピ通りに豚汁を調理して美味かったそのあと冷蔵庫に一晩寝かしたら味がまろやかになってうま味が増してさらにパワーアップして0日目に最高傑作になりました
0.945594072,美味かったんですが白だし入れると少し上品になり私にはベストではなかった子供はベストな味って言ってました出汁はイリコやカツオの魚介系の方が好きかも
0.945399046,体調を崩し気味でたくさん具材が入ったこの栄養満点の豚汁作ったら美味すぎて気持ちが晴れた元気になったら酒のみながら作って飲みます
0.945346177,久しぶりに豚汁見ました豚汁に白菜入れると美味いっすよ
0.945240736,何回か作って思うのはニンニクと生姜入れるだけでこんなに味の輪郭変わるのかってこと粗暴な豚肉の味があってこそスパイシーな薬味が立ってると思うけど豚汁と言いつつほぼ味噌煮の料理にはニンニクと生姜がこんなに合うのね
0.945071936,今まで食べてきた豚汁のワンランクもツーランクも上を行く豚汁で美味しすぎましたもっと寒くなってきたら週0で作りたい
0.944994152,もぅマジ最高な豚汁が出来ました家族みんなが大絶賛リュウジさんの料理は簡単で安くて誰でも真似しやすいしかも短時間なのがいいアンドめっちゃ面白い笑これからも応援してます∇体調崩さないように気をつけて下さいね
0.944993258,レシピに追加で白菜0入れて作った美味しかった味噌汁に白だし入れるって新鮮だったけど旨味も塩気もしっかりプラスされて納得
0.94497174,豚汁けんちん汁は牛蒡は欠かせない野菜ニンニク入れるんだ私も作って見ようリュウジさんはお料理凄いね立派です私も作って見よう美味しそう
0.944925189,うまそう胡麻油でゴボウを炒めたりニンニクを投入するのは知らなかったですその豚汁を食べたい
0.944921196,祭の豚汁がうまいのは味噌と一緒に長い時間煮込んでるからなのか
0.944608688,りゅうじさんの料理は色試してきましたがお酒に合わせる為か全体的に塩分多めで辛いので濃いめの味付けだと聞くとちょっと作るのに勇気がいりますね
0.944585085,関西なので少し白味噌を入れてみましたまろやかで白だしと生姜が効いてて何とも美味しい豚汁高齢の歯の悪い両親に具は細かく切って噛みやすくしましたが美味しいと食べてくれました
0.944518209,﻿この料理動画の中で致命的なミスが発見されましたウォーズマンは悪魔超人ではありません悪魔超人はバッファローマンです今後は料理研究家としてキン肉マンを熟読し勉強しなおす所存でございますこの度は大変申し訳ありませんでした
0.944478989,豚汁と生酛づくりの日本酒で熱燗やってる時が日本人で良かったと思えます
0.944389045,マジ旨かった色作ったけど本当に格別美味しかった個人的にはにんにくは少なめ生姜ちょいマシが好みかもです最初で炒めたゴボウの風味がいい仕事してくれます豚汁断凸レシピ間違いありませんps今回奮発してはじめて買ったミツカンプロが使う味白だし鶏肉と昆布の風味がきいてオススメです
0.944301605,本当に美味しかったです生姜とニンニクたっぷり入れると美味しかったですミョウガを加えて頂きました
0.944267809,乾杯のリュウジお兄さんカッコいい味噌の香りを嗅ぎながら飲む時とのギャップ笑笑
0.944251001,日曜日の夕方からビール呑みながらこの動画観ながら至高の豚汁作りました衝撃的な美味さごま油と最後のニンニク生姜がいい酒呑みが好きな味ですね最高です
0.944181144,この豚汁本当に美味しい最後に加えるニンニクとしょうがが良い仕事してるリュウジさんは天才だ
0.944135487,炒めるのが重要なのか確かにうちのは肉入り味噌汁だった
0.943975449,先日美味しく豚汁出来ました感謝夜中に蕁麻疹出たので調べたらこんにゃくだった今夜も作る妻がなんと灰色ではない白こんにゃく買ってくれたもしかしたらワンチャンいけるかも甲殻類アレルギーにもなったし歳とると面倒だこのレシピは本当に美味しいモツ煮にも通じる
0.94381988,いつも作る豚汁は味噌汁でした食べ盛りの息子から絶賛されました本当に美味しかったです我が家の殿堂入りレシピになりました
0.943693399,汁物いらない派の旦那がこれだけはいつもおかわりする美味しくて私も大好き感謝死ぬまで豚汁はこれでいく思うし将来娘にもドヤ顔で作り方教える予定
0.943674803,レシピで肉を手でちぎるって初めて見ました平野レミさんを超えるかもしれない自由さとても楽しそうに豚汁と自分を調理してて観ている方も楽しみながらレシピが知れて楽しいです
0.943604767,至高のレシピ本買って豚汁作り地区の役員会の新年会で振る舞ったらみんな美味しいと言ってくれました味見していると最初はごま油の香り強いかなとところが煮ていくととんでもなく美味しくなりますご馳走様でした
0.943565071,至高の豚汁忠実に真似して作りましたもちろんお酒飲みながら笑これは間違いなく至高です次回からもこのレシピで決定
0.943501711,俺らは九州なので麦味噌一択豚肉に麦が合うんだ最後にに追い砂糖をして味見しながら味噌を追加すればバッチリだよしばらく置いて味をしましてぐつぐつ沸騰させてお椀にもる豚汁は煮えててなんぼだよ熱くて食えないぐらいでいい感じ醍醐味かな
0.943460643,私のズボラさから肉入り味噌汁になっていました❢やはり手間かけなくてはですね❢頑張って調理してみますぐれちゃん
0.943356037,豚汁はこれに里芋と厚揚げ入れた材料が好きです材料の所に何人前何杯分か記載して頂けると嬉しいです
0.943345726,ウォーズマンそこ味噌の味をつけるために先入れするが半分後から入れた方が料理研究家っぽさ増します肉を千切るのは不衛生ですね灰汁取らないはアリみたいですね
0.943331361,巨神兵しか入ってこなくなった豚汁美味しそう
0.943312943,ちゃんと菜箸で炒めていたのが意外でしたトングとか使うイメージ有りました家は里芋も入れるよ美味しい
0.943099618,豚味噌汁じゃなくて豚汁になりましたそれもとびっきりの本当美味かったお見事
0.943079114,灰汁取りは面倒だったのでリュウジさんのレシピ参考になりました灰汁旨味もある勉強になります
0.943036437,具沢山でむちゃうまでした冬に食べる豚汁は余計美味しい
0.942981362,このレシピで作ってみたら新潟の某有名店の味噌ラーメンとそっくりな味になりました
0.942974567,作った美味しい想像しやすいのは味噌味ラーメンのスープみたいな感じ味がしっかりついてて飲み干したくなる感じのやつ冬場は生姜を少し増やすとポッカポカになるんじゃないかな豚汁大好きマジうま
0.942839146,私も大さじ使いません適当に作って上手くできた時はこの味を食べれるのは最後だと思って食べてます
0.942798376,酒飲みが醍醐味なので乾杯は是非やって欲しいんですけど大体いつも動画を観ながら料理をするので早く次の工程が観たい時はリュウジさんの仕込み部分は飛ばしますねごめんなさい
0.942661643,はい最強の汁物のレシピ頂きましたーありがとうございまーすゴボウは必須なのは本当ですねーゴボウ入れないと豚味噌汁なんですよね香りと旨味が段違いです
0.942646742,これと白米と親父特製の漬物で幸せになれたこの豚汁すごい美味しかったです
0.942637503,今まで食べた豚汁でいっちばん美味しいこれだけでご飯いけます家族大絶賛高齢のばあちゃんも美味しい美味しい具沢山で良いだし出てると大絶賛革命起きましたー
0.942612112,脂肪燃焼レシピではないけどこの豚汁を大量に作って玄米おにぎりと一緒に食べてウォーキングしたら半年で0キロ痩せて周りから病気と心配されました一汁で栄養たっぷりとれて本当においしくて飽きないから続けられますリュウジさんのレシピに出会えて幸せです
0.942546248,レシピを忠実に守る派なのでリュウジさんがお酒飲む手順のときは必ずお酒飲みますしっかり良い感じに出来あがりました豚汁も自分も
0.942379415,この秋鬼リピートしてますもう今までの豚汁には戻れませんガッツリ食べられて美味しい上にごぼうもこんにゃくもたっぷり入ってて食物繊維でお通じにも良いので実質カロリーゼロですね最高のレシピありがとうございます
0.942284465,めっちゃ美味しかったです自分が作ったとは思えない笑今までは肉だけ焼いて後の野菜は煮るだけでしたしかも味付けは出汁と味噌だけ美味しい作り方教えてくださってありがとうございます家族の反応が楽しみです
0.942238212,ご飯の炊き方きのこ汁ときてこの豚汁の動画見てあー作りたいって思いました私もハイボール飲みながら作ります
0.942204237,この豚汁は本当にヒット朝今夜はリュウジの至高の豚汁だよと宣言しておくと家族の帰宅率が抜群に上がります残業やむなしの者からは帰ってから食べるから取っておいてと懇願されます簡単なのにめちゃくちゃ美味しいよーく炒めたごぼう最高
0.942201138,私の家の豚汁はこれ以外あり得なくなりましたりゅうじさんのレシピだから褒められると少し戸惑いますが喜んでもらえて嬉しいですいつも美味しく簡単レシピありがとございます
0.942040324,主婦ですリュウジさんこのレシピ本当に美味しかったですコク旨ショウガとニンニクも華やかに良い仕事をしてくれましたいつも楽しい動画をありがとうございまーす
0.941981792,飲みながらこの動画見て豚汁作りましたこの瞬間幸せすぎて最高でしたそして豚汁の味も今までのと段違いに美味しく作れましたありがとうございました
0.941941619,料理好きの男友達は黒っぽい灰汁は取るけど白っぽい灰汁は取らないって言ってたあたしも真似してる
0.94191134,ラピュタ王でめっちゃ吹き出しました笑豚汁レシピ最高に美味しくて子どもと夫に何度もリクエストされますありがとうございました
0.941890419,今日作りました素人でもめんどくさくないくらいの手間で最高の豚汁が作れました豚汁専門店よりも美味しいと夫も大絶賛でした豚汁レシピ難民でしたがこれからこちらのレシピが我が家の定番になりそうです
0.941878736,ほんとに美味しそううちの豚汁にはなれない好き嫌いを考慮して作ってるのでけど食べたいですお店で食べる豚汁みたいです
0.941818416,寒くなってきて味噌も多めにあるし根菜や豚肉もちょうどあるし家族も風邪ひきそうな感じだし簡単そうに見えるし多めに作っても食べられそうだし豚汁チャンスと思うので作ってみたくなりました助かります香ばしく香り立てたいものは炒めてから煮込み的に味付けたらいい感じですね体調的に酒は飲みませんが途中から中温でぐつぐつお茶﫚をお供でやりたいと思います
0.941762388,今レシピ通りに豚汁を作ってみましたんも最高に美味しいです≧≦
0.941749871,ペペロンチーノから来ました豚汁も大好きで頻繁に作るのでリュウジさんバージョンも作ってみようと思いました↑私も酒飲みですが豚汁はツマミです汁じゃない大量に作って翌日用を冷蔵庫に入れ0日目は納豆と少量のご飯を乗せて堪能しています誰にも見せられない
0.941711009,0人暮らしで豚汁の量が多くて食べきれるか不安なそこの貴方大丈夫です美味し過ぎて0日間で食べ切れますよ
0.941696048,こんにゃく→木綿豆腐大根→里芋に替えて作ったけど本当に毎日食べたいぐらい美味しかったです
0.94168061,ひょんなことから今日この動画を拝見させていただきましたもう私の頭の中は豚汁でいっぱいアラカンのおばさんがすっぴんで材料を買いに行き早速作りました最高に美味しかった今までのは正しく豚肉入り味噌汁でした
0.941659927,豚汁にはゴボウが必須ですよね出汁が出て味が全く別物になります自分は一人分を雪平鍋で作ったりするので鍋用のカット野菜にゴボウと豚肉で簡単に作ります白菜を入れると甘みが強くなって美味しいです旬であれば大根の代わりに白カブ入れてもいいですねもちろん葉もね
0.941654146,皆さんは豚汁にさつま芋入れる派ですかめっちゃ美味しいですよね
0.941561341,完コピしましたゴボウをごま油で炒めるの缶ビール本当に美味しいですねまた作ります
0.941348433,リュウジさんの家庭の料理風なのも好きです外で食べるなら新潟県のたちばなの豚汁が衝撃的にうまかったです
0.941179097,豚汁は私も得意です北海道はジャガイモと最後に木綿豆腐を手で潰して入れますお味噌は白味噌です
0.941060126,結構時間が掛かった感がありますが流石思考シリーズかなり美味しく出来ました私も結構匂いでワイン飲みながらの豚汁
0.94094944,これはやばい食べなくても旨さが分かる僕も豚汁大好きで自分でも作りますが何か足りないと思ったら炒めとニンニク生姜だったのかこの動画を見て良かったリュウジさんありがとう
0.940816879,動画見て初めて豚汁作りました具沢山で野菜いっぱい食べれるし何より最高に美味しい豚汁今日はお前がメインディッシュだニンニクと生姜入れた途端味が変わって何杯でも食べれる味になった次作る時はチューブじゃなくてちゃんとすりおろすしコンニャクも買うほんとに美味しくて何度も食べたい味にだった
0.940795362,ラピュタの飛行ロボット兵だと思います近所のトンカツ屋さんの味噌汁が豚汁ですっげ美味いです
0.940698028,ほんとに美味しい最後のニンニク最高今からの季節これで決まりいつも美味しいレシピありがとうございます
0.940665245,産まれて初めて豚汁を作ったんですけど人生で0番美味しい豚汁が作れましたありがとうございます
0.940590739,簡単レシピで料理初心者を惹きつけて美味しい料理を作る感動を覚えさせた上で手間のかかるレシピも分かりやすく伝授し料理の楽しさを着と視聴者の心に植え付けていく料理の得意不得意関係なくリュウジさんにハマる人は多いんじゃないかと思います私もそのうちの一人です
0.940538883,作りました今までゴボウをしっかり焼かなかったり味噌を入れてから煮たり蓋をしなかったり生姜やニンニクを入れるところ本当に勉強になりました美味しい
0.940438509,もうこの豚汁がないと生きていけない身体にほんとに大好きなレシピこのレシピに出会うまでは豚汁の具の水煮に適当にお肉ぶっこんでたけど手間かけて作るとこんなに美味しいんだなって驚きました
0.940420389,私は里芋厚揚げ椎茸もいれます具が多いとさらに美味しくなります
0.940387666,日本酒が合うと聞いて作って日本酒飲んだら不思議とこの量の豚汁ぺろりと0人で食べちゃいました日本酒との相性抜群です
0.940305531,いつものと全然違う̄私のは豚肉入りお味噌汁でした明日これ作ります
0.94027245,テレビを見てたらリュウジさんが出ていてあいつも作ってる至高の豚汁のレシピだと思って久に動画を見にきましたもうレシピも分量も完全に覚えるほど何度も作ってます我が家では満場一致でこれが最高の豚汁です
0.940228462,この香りでもう一杯とか自然な流れで酒ぶち込んでくるの毎回面白い飽きない最高
0.940207839,豚汁食べたくて作ったら本気で美味しくてびっくり作り立てでこんなにもこんにゃくに味が染みるのかと感動しました料理苦手な私でも美味しく作れて嬉しい
0.940156043,木綿豆腐入れて作ってみました生姜とニンニクが効いてて汁物というより煮物みたいな感覚でご飯が進みます
0.940138936,これは料理下手でもこの通り作れば本当に美味しい豚汁になった息子と二人なので分量半分にしたけどすぐに無くなってしまった次は絶対にこの分量で作るぞとにかく野菜達が一体となりますうまい
0.940128326,ハイボール呑みながらじゃないと美味しい豚汁は作れないでしょうか焼酎じゃダメすか
0.94000572,いつも拝見して参考にしてます豚汁の具を先に炒めるのは目から鱗でした今まではたんなる味噌汁という事に気づきましたありがとうございます
0.939715564,※自分用メモ※出汁入り味噌の場合は大さじ0にんにくしょうがは半分でもいいかも
0.939703405,楽しみながらて美味しい豚汁が出来ましたありがとうございます
0.939679384,久しぶりに豚汁作りました豚の脂の旨みが効いてめっちゃ美味しかったです
0.939558089,豚汁メチャクチャ美味しかったですそこから少しだけ料理始めました全部リョウジさんの動画見て作ってます笑毎回楽しみしてますー♫
0.939482927,ゴボウがこんなに美味しいなんて豚汁のごぼうは鬼門だったのですが香り高くて味が染みて豚の脂も味噌も吸って美味しい目からウロコでしたゴボウ探して食べました至高シリーズまた待ってます
0.93947643,納豆に豆板醤はあうけど豚汁電子レンジには会わない希ガス
0.939411163,酒飲リュウジの豚汁次に作ります私も分量適当おばさん子ども達に作ったら味見しろょっていつも怒られてます
0.939403772,これは本当に美味しかった寒くなったのでやってみましたが美味さに感激是非やるべきですね
0.939384699,すんごい美味しい豚汁が作れました今まで作ってたのは豚肉の味噌汁だったんだと実感です
0.939312637,0°cのクッソ暑い中頑張って作りました家族に大好評で弱ってた胃に染み渡りましたわ夏バテ対策に豚汁アリですね
0.939266145,ここで最後煮込むときに焼き肉のタレエバラが美味しかったです適量を入れると悪魔のような味になりますのでぜひ興味ある方はお試しください
0.939183533,動画みながら作りましたが少し味噌のコクがイマイチなので八丁味噌と麦味噌を少し加えたら中の出来でした味噌は0種類では無く0種類混ぜた方が良いと思います
0.939020336,材料紹介一発目がハイボールだったりお肉下準備忘れていたりなどなど非常に面白くて好感がもてます笑お料理あるあるが含まれていつつ最後はしっかりと美味しいものが出来上がるのが素晴らしいです
0.93892318,それ一品で米が掻き込める豚汁ってまさしく至高だよね
0.938749373,昨日ゲレンデ飯としてうどんを入れて作りましたボードで疲れた体に濃い目の味付けと生姜とニンニクが染み渡りました一緒に行っていた子たちにも大好評ありがとうございました
0.938635588,ウォーズマンの間違いを概要欄で真摯に謝罪してて笑った
0.938604295,これが私が食べたかった豚汁です厚揚げを入れて作ったのですが最高に美味しかったありがとう
0.938599169,今日は節分だったので至高の豚汁作ってみましたまだ味みた程度ですが豚肉の臭みが消えて美味しく仕上がりましたありがとうございます
0.938533127,最高に美味しく出来ました食べた彼女にあなたが今まで作った料理で0番美味いって言われました笑同じようにハイボール飲みながら作りました
0.938478887,美味しくて至高の肉じゃがと共に週0のペースで作っています一人で食べ切るのには量が多いですが間違いなくお酒にも合うし食事がいつも幸せな一時ですありがとうございます
0.938390315,私もお酒飲みたくなってきたやっぱり豚汁には里芋を入れたいです
0.938200295,めっちゃ食べたい明日は豚汁にしますリュウジさんスタイルめっちゃ良いホントに灰汁消えてる凄い
0.93817091,うちはさつまいもも入れます少し溶けたくらいが美味しいです
0.938133717,めっちゃ美味そう豚汁好きやしありがとうございますアル中クズグラス再販希望致します
0.938096464,豚汁は各家庭によって材料とあじつけが違ってそれぞれの味があると思います炊き出しに出た豚汁はうまかったです
0.938094318,お体を悪くされた奥様のために普段料理をされない旦那様がこのレシピを元に料理をされていましたリュウジさんのコメント通りご飯と豚汁がご夫婦の食卓に並んでましたリュウジさんのレシピが素晴らしい上に偉大なる先達の料理は愛情という言葉を思い出す素晴らしいお食事風景となっておりました
0.938089371,灰汁って旨みでもあるとテレビの料理番組で言ってました取りすぎても味気なくなるそうです
0.938062966,豚汁が飲みたくて作りましたが本当にコクがあって美味しくて感動至高でした
0.93804878,うどんにかけて食べたら丸亀製麺超えの味になりました
0.938039899,毎年寒くなると狂ったように作ってるけど飽きないし毎回美味しさ痛感する大根の代わりに豆腐しいたけ玉ねぎしめじ入れて具材たっぷりにするのが大好き
0.937976122,ウチら九州人はブタジル言いますしかしレシピは様あとは味噌の特性任せ九州は麦味噌文化東の方にはいかがやろか
0.937889934,0口目でえうまって声に出るほど美味しかった全ての具材の旨みが出てて豚バラもホロホロになって美味しい〉私はニンニクとしょうが入れて0分ネギ入れて0分加熱しました覚書
0.937880635,白だしがない場合普通のだし入りのお味噌でも大丈夫ですか
0.937827766,これは素晴らしい豚汁ですねぇ早速作ってみたいと思いますいつも素敵な動画をありがとうございます
0.937776685,こちらの豚汁レシピ超ヘビロテしてます今日は降って肌寒かったのでコンニャクなかったけど作りました味噌味しみっしみの大根が特にウマいっ豚汁loveの旦那さん今日は疲れて食欲ないなって言ってたのにガッツリおかわり
0.937766194,ごぼう入れると入れないで味の深みが全然違ってくるよね
0.93768394,みりん風調味料使ってたり落ちた野菜を戻したり目分量だったりの雑さが好き
0.937612534,勘違いする人多いけど巨神兵はナウシカ徳利のやつはラピュタのロボット兵です
0.937536418,豚汁って具材を一旦湯通しして再度味噌汁で作った方が簡単で美味く作れるんじゃないの
0.937531829,りゅうじさんの唐突なかんますに感動しました久しぶりに聞きました母の実家の豚汁とかけんちん汁も具沢山でした母の作るものも当然具沢山でした
0.937446833,お味噌汁と違って豚汁って煮込むって知らなかったですありがとう御座います
0.937330425,とっくり巨神兵じゃないよね巨神兵はナウシカこれラピュタの兵隊酔っぱらいすぎ笑
0.937279999,味噌は煮すぎると香りがとびますよ
0.937247634,乃木坂の山下美月さんの動画みてやってきましたとっても美味しそうビール飲みながら明日の晩御飯に作ってみます
0.937095642,家族が美味しすぎる豚汁屋さん開けると絶賛してくれましたᐡ⸝⸝̫⸝⸝ᐡ今までの豚汁レシピからこっちに変えます
0.937091291,忘れられないほど美味かったささがきでなく薄切りってのでハードル下がったし味噌で煮込むとか灰汁を取らないとか相変わらず発見だらけだなぁそれにしても飲む口実とタイミングのよさにはいつも吹いてしまう
0.937085152,愛媛のりゅうじです豚汁をあらためて見直ししました
0.936949968,牛丼屋のメニューにも豚汁がありますが個人的に一番好きなのは松屋のやつですね豆腐と里芋が入っているのが他と違うところまろやかな味でほっこりしますただし時間帯によっては煮詰まってクタクタになったやつが出てくるのが玉に瑕笑
0.936884701,豚汁美味しく出来ましたありがとうございます
0.936865807,野菜と肉が一緒に入っている場合はアク取った方が美味しいですよ
0.936852753,いろいろ試させて頂きましたがこの豚汁はべら棒に美味しかったですゴマ油ニンニク生姜がこんなに効くと思わなかったです家族から大絶賛でしたありがとうございました
0.936703146,今日作ったのですが本気で美味しくて今までで食べた豚汁no0でした最後にニンニク生姜を入れるので味に深みが出ました有難うございました
0.93661356,お酒作りながら作ったらべろべろに出来上がりましたが豚汁も美味しくできましたごぼうはアルミホイルこんにゃくはぬるま湯と楽ちんで作りやすかったです
0.93656683,0豚汁と日本酒が一瞬でバルスします吹き出してしまった
0.936458528,灰汁は旨味前から自分も言ってたことをリュウジさんも言ってくれたのは嬉しいです今日は至高のペペロンチーノ作りました作るのは0回目だけどうますぎてやめられん豚汁も絶対作ります
0.936381578,冬にめっちゃ歩く謎の学校行事で0kmくらい歩かされた後の豚汁が人生で一番沁みて美味かった思い出を思い出した
0.936272562,豚汁が美味しい季節になったので再び作ってみました通年美味い最初に至高の豚汁を作ったときは自粛期間で日が淡と過ぎていく中でリュウジさんの動画は私に刺激をくれたコンテンツのひとつです豚汁を飲みながらふと蘇りました
0.936225355,今まで手抜きでホットクックで豚汁作ってましたが本当に豚肉を入れた味噌汁でした豚肉の無駄遣いでしたこれからはリュウジさんのレシピで鍋で作ります定食屋さんで出てきそうな豚汁美味しいです
0.936212957,今日作ってみましたほんとにいつもは肉入り味噌汁でしたが今回は味噌汁ではなく美味しい豚汁ができました
0.936209321,私の生活の中でyoutubeを見るという文化がなかったのですが美味しい豚汁が飲みたくて検索してたどり着きました主婦歴0年ですが今まで自分が作った料理の中で0番美味しく出来たし旦那も絶賛でした他のレシピも参考にさせて頂きますありがとうございます
0.936165631,豚汁の季節ですねニンニク買い忘れてしまったでも美味しいとたくさん食べてくれました
0.936164677,具材には油揚げを追加してみました悪魔超人には程遠い恐妻家の私が作りましたが妻がおかわりして食べてくれましたお酒にもご飯にも合う最強の豚汁だと思います
0.936114848,料理楽しそうって思える感じの良いお兄さんだフライパンで豚汁はびっくりしました
0.936104238,初見豚汁の灰汁をとらないってのは本当に料理してる人ですね素晴らしい
0.936072469,初見ですかおりで呑めるのがステキナンなら同棲したくらいです里芋とツキこんにゃく椎茸入れたりもしますがリュウジさんの観てるだけで美味しそうなのでこのレシピを至高豚汁と呼んで秘伝にしますありがとう
0.936023593,作って食べてみたら感動する位美味しかった汁飲んだ瞬間鳥肌立った
0.935961425,昔住んでた地域がお雑煮は豚汁ベースだったのでりゅうじさんの豚汁を参考に今作ってみましためっちゃ美味しいです
0.935959399,こんにゃく洗ってる時のスポンジのボコボコ具合に何か安心するし酒メインで色と物あるのも親近感
0.935938776,リュウジさんの動画見るようになってある程度までなら焦げも旨みになるって知ってから味の深みがまして美味しくなった
0.93588388,0豚汁って丁寧に作ると旨いんですよね0豚汁は適当にやっても旨い
0.935845435,ウチのおかんが豚汁は具沢山な方が美味いと言っていつも具沢山な豚汁作ってくれてたのを思い出しますニンジンゴボウこんにゃくがたくさん入ってた記憶がありますね
0.93572104,我が家の豚汁はこれになりましたもう何度作ってるか分からない旨味が爆発してて大好きな味です
0.935531139,昨日に引き続き今日はこちらを作ってみましたごぼうを炒める所をしっかり炒めたら自分で作ったとは思えない程の美味しさで感動しましたそして褒められました嬉しかったです
0.935477555,まともに動画見たの今日が初めてですがベロベロで上機嫌なイケメンがむちゃむちゃ美味しそうな御馳走作ってるとか最高明日は豚汁じゃ
0.935471416,この豚汁もう週一ペースで作ってますめちゃ美味夫も美味い美味いってガバガバ食べるので鍋の限界まで具材入れて水0lでパンパンに作るのですが翌日には0杯分しか残ってないです笑それを夫は弁当用のスープジャーで持って行ってますこの時期あったまるし野菜もりもりとれて美味しいし最高です
0.935402989,巨神兵ではなくロボット兵です笑豚汁作りましたがめっむっちゃ美味しくできました
0.935298204,焦げ目は味に苦味が出ます炒めるのは肉牛蒡他の野菜と別にして合わせる方がいいです生姜を入れるといい味噌は白味噌西京味噌がいいあくとりは十分にしてね料理の基本新鮮な材料下処理量はきちんと測り手順を間違えず調理するニンニクは好きずきで入れなくていい豚汁は肉と野菜の煮込み料理です作り方は好みもあり自分なりの豚汁をどうぞお試しください酒飲みながらズボラな作法で作るこの人の料理は私には合わない食べたくない何が至高なのか分からぬねえもっと真面目に仕事してほしい
0.935227454,今まで食べてたのは豚肉入り味噌汁やっと豚汁デビュー出来ました基本のメニューを至高シリーズに昇華してもらえるのは本当にありがたいです
0.935167849,汁物レシピの中でがちでこれがいっちゃん美味しい今日も美味しく出来ました
0.935165226,今日リュウジさんの動画見ながら豚汁作ってみましたお店で出てくる豚汁みたいで本当に最高の味でしたしょうがも効いてて体が温かくなりましたありがとうございましたまた豚汁作るときは絶対にリュウジさんのレシピで作ります
0.93514961,最近この動画を発見してそれから0日位家族のリクエストにより毎日この豚汁ですでも飽きませんありがとうリュウジお兄さん美味しいあとかんます懐かしくて嬉しくなりました
0.935082257,作ったけど美味すぎた豚汁は一生このレシピで作ります
0.9350577,今日の晩ご飯は豚汁を作ろうと思ってレシピを探したら至高シリーズがあってテンション上がっていますこれからこの約束された美味しい豚汁を食べれるのかと思うと料理するモチベーションも上がります
0.935033858,お肉を手でちぎる斬新ですが結果美味しそうな豚汁ですね
0.934998691,ウイスキー飲みながら作ってくれるので料理は嫁さん任せの自分も楽しく勉強させて頂いております落ちた野菜は洗ってリバース自分は指切らないようにがんばります
0.934975743,今まで作っていた豚汁は何だったのかこんなに美味しい豚汁は衝撃でしたリユウジのバズレシピを毎日見るようになりました
0.934941173,今までの豚汁の中でピカイチの美味しさです毎日リュウジさんレシピで自炊にハマりまくりです豚汁革命です
0.934785128,今日作ってみたのですが炒め工程で奇跡的に大根が0つ落ちました
0.934777677,今日はさつまいもとすいとんを入れてみました色んな具材を入れて作っていますがこのレシピが0番美味しいです
0.934522748,リュウジさん笑飲みながら楽しく作るまるで自分を見てるような感じです油揚げとジャガイモも入れたいな
0.934519291,長い主婦歴何回も豚汁作ってきましたが本当に美味しい出来ましたんーこんなんで美味しくなるのと不思議でしたが今まで食べた豚汁の中で一番夫ちゃんは一日冷蔵庫に入れたの温めて出したらこっちんがまろやかになって美味しいと喜んでました素敵なレシピありがとう
0.93449831,すごく美味しかったいままでの豚汁とは違う白ごはんと豚汁で立派なごはんです
0.934494734,あんなに料理に無頓着だった私が三食シリアルなんてざらリュウジお兄さんの料理の虜になってから本当に人生変わりましたこの豚汁も作らせて頂きましたまさに至高夫も毎日喜んで食べてくれるようになり私もなんだか健康になった気がします笑美味しいご飯最高呑んだくれ最高乾杯
0.934466898,いつも自分で作る豚汁がイマイチでクックパッドに載っていたリュウジさんの豚汁を参考にしたレシピを見て作ったら美味しくて旦那が麺を入れても美味しいんじゃないと言ったので今度中華麺入れてみようと思っています
0.934422851,年末会社の締めでこちらの豚汁やらせて頂きます社員の笑顔がもう見えました
0.934418678,すり下ろした生姜の入った豚汁が好きなので寒くなったら生姜もいれてやってみたいです∩˃˂∩
0.93433845,食べた瞬間にやけてしまいましたそれ程に美味しいまさに至高リュウジさんに出会えて良かった
0.934335232,むちゃくちゃ美味しそうでした演出も凄く楽しかったです食欲がわきます是非豚汁専門店してほしいと思いました大阪発信でお願い致します笑
0.934320211,りゅうじさんのレシピ好みの味すぎてどれも間違いないこれも美味しく作れました
0.934278786,イモの子を入れてもおいしそうちなみに自分は元山形県人なのですが具だくさん芋の子汁もアリです
0.93425703,これはもう豚汁界の辛亥革命やまたリフォームしました美味し過ぎて吹っ飛びました
0.934169292,豚汁作りました二日目がまた美味しいこれからも沢山作らせて頂きますありがとうございます
0.934136152,コンニャクが無かったので食感とカサをだしたくてきのこ入れたらさらに旨み昇華した件
0.933990836,リュウジさんへの禁断の質問芋煮と豚汁ってなにが違うんですか岩手県民
0.93394053,これほんとに美味しい0度目のリピです念のため再度確認しにレシピみにきました
0.933929622,白鶴の純米山田錦はそこら辺のスーパーでも売っていたりますが原酒はなかなか無いですよ
0.933906317,私も酔いながら料理作るの好きですいつも楽しく見させていただいています頑張って下さい
0.93389678,寒くなってきて久しぶりに作ろうと動画を見に来たらもうすぐ0万再生我が家の豚汁はこれです大好きなメニューの0つです
0.933869541,今までおいしい豚汁が食べたくて出汁とってたけどこの白だしレシピのほうがおいしくできた味噌で煮込んで良いとかネギニンニクショウガのタイミングとか勉強になった美味しくて野菜大量に食べられました
0.933840632,0いやいや巨神兵バツです笑ラピュタのロボット兵のとっくり可愛かったです豚汁もめちゃくちゃ美味しく作れましたー
0.93382448,史上最高の酔拳シェフだと思います色試させていただいてますがめちゃくちゃ美味しいです私の一番はナポリタンかな至高の豚汁もトライしようと思います
0.933772445,これ作ったらもうこの豚汁しか旦那が飲まんくなったちょいっといじってみたら怒られました笑笑簡単だし煮込んでる間に他の料理も作れるし最高
0.933765173,俺たちが食べてたのは肉入り味噌汁だったのかリュウジさんありがとうハイボール飲みながら作ります
0.933688104,豚汁はもうこのレシピでしか作らなくなりましたたっぷり生姜とニンニクいれても小さな子供も食べてくれます
0.93357408,味噌入れてから沸かしたら味噌の風味飛んでしまうのでは
0.933529377,はじめまして豚汁すごく参考になりましたあと自分も呑みながら料理作るのですが何故だか作っている時ってお酒美味しいですよね
0.933355033,概ねレシピ通りに作っていい味になったんですがジャガイモ入れたのが失敗でした煮崩れしまくって汁がざらついてしまって残念な事に他の具はいい感じ味しみて旨かったんですが
0.933308482,うちの豚汁は大体同じ材料に里芋と厚揚げ豆腐入れますねいいですよ
0.933288515,明日職場のレストランで賄いとして豚汁をつくりますこの動画を見て自信を持って豚汁が作れますありがとうございました
0.9332847,巨神兵酔いすぎで適当すぎて笑えました今夜作ってみます
0.933232009,めちゃくちゃうまくできましたなんか北海道の白味噌ラーメンのスープに似た感じになり豚汁の域超えた旨さです
0.933224201,ごぼうの処理めんどくさいなまあリュウジさんが言ってるしと思って渋買いましたがやっぱり入れて良かったですごぼう独特の良い土の香りが相乗効果になってより0層美味しくなりました
0.933009446,ゴボウの灰汁を取らないのが勉強になりました豚汁大好きなので里芋も入れちゃうタイプです
0.932914615,昨日作って食べて感動しました彼氏も両親もこれ美味しいってずっと言いながら食べてくれましたありがとうりゅうじさん
0.932904065,海外住みで白だしが麺つゆになりましたがめっちゃくっちゃ美味しかったですいつも作る豚汁とは別物でした
0.932903826,初めて料理のお兄さんの動画見て豚汁作って彼氏に振る舞ったら美味しいやばいって言って0回もおかわりしてくれました勉強になりましたありがとうございます
0.932897866,この豚汁本当に本当に美味しいいつも具沢山味噌汁的な豚汁を作っていましたがこのレシピを作ってから我が家の豚汁はこれになりました生姜とニンニクはチューブじゃなくすりおろしたのをおすすめします手間がかかっても定期的に作って食べてます
0.932874918,最近作りました味付け美味しくてご飯が進みました笑にんにくがきいて美味しかったです
0.93287003,こんだけ飲んでも潰れること無くちゃんと料理の解説できるのが凄いです飲みっぷりが見てて清しい
0.932866216,この動画を見て以来何度この豚汁を作った事かと思う程美味しいし栄養抜群です彼が胃腸炎になった時にこちらの豚汁を作ったら翌日治ったらしくお前の豚汁凄いとメールが来ました笑私は里芋と油揚げをいつも足してます
0.932748199,お兄やんの料理紹介は分かりやすいし試しやすい本当これ大事なのよしかもしっかり美味しいのがまた笑
0.932744086,至高シリーズいつもありがとうございます参考にさせていただきました最後にお酒の入れ物は巨神兵ではなくラピュタのロボット兵でしょう
0.932692111,お料理全部最高ですね0年前日本に住んでた時が懐かしくなって料理を作って食べてます材料がちょっと違ってますけど本場の味を味わって嬉しいですレシピありがとうございます
0.932550311,メモ味噌がだし入だと白だし大0でも多かったみりん酒は大0でいい感じ
0.932540238,俺はリュウジさんのお陰で作れる料理が増えました今日のご飯何作ろっかなって考えるのが楽しみです
0.932457387,子供に作ったら今までの豚汁と全然ちがーうって言われましたありがとうございます
0.932392836,今まで味噌を入れたら煮込んでダメだと思い込んでいました凄く美味しくできましたありがとうございます
0.932344973,リュウジさんのレシピ大好きですどれも美味しいぺぺたまも何回もリピしてますこの至高の豚汁は私の中でダントツ大ヒットです°°我が家の豚汁はこれに決まりました最高なレシピに感謝です
0.932286501,にんにくと生姜入れるの衝撃でした野菜苦手な子供達にも食べさせたいです明日早速作ってみます
0.932202458,美味しそうですね動画もお酒飲みながら面白いですレシピは割と普通ですね
0.932151556,豚汁やった時にこんにゃく入れたんだけど変な味変な食感になった思い出がある洗わないでそのまま使ってた
0.932144761,味噌は煮込んだ後のがいい味噌を入れて煮込むともったいない
0.932096958,何品かリュウジさんのレシピ真似してきましたが時間がかかった分やり切った感が凄いです一人暮らし初日の豚汁となりました
0.932093382,豚汁にニンニクは個人的に意外でした明日作ってみます
0.93202883,作って食べてみたら超絶美味しかったです至高の豚汁をありがとうございます
0.931965768,ツレに聞いて初めて見たんだけど自分の大好きな豚汁がこんなうまそうに作られててテンション上がったこの動画観ながら酒飲めたし作ってみよブヒ
0.93194294,自分で作ってもただ具の多い味噌汁になってたんですけどこれですっごく美味しくできて感動しました
0.931931019,これから寒くなると汁物いいですね至高の豚汁を作ります
0.93192482,料理動画と言ったらちゃんとした厨房でコック帽被って真剣な顔して小難しい料理作ってるイメージでしたがリュウジさんの動画は料理が苦手な人に目線を下げてくれていて本当に見やすいです
0.9318977,リュウジさんの動画を見るだけでテンションが上がり作ってみると楽しいそして美味しいこの豚汁も最高です
0.931864023,豚汁っていうと寒くなってから作るイメージがあるけれどこれをみたら作りたくなったリユウジさんの至高シリーズが大好きで明日食材買って作ってみます
0.931853771,店で売ってるゴボウは収穫してから日にちが経ってるから硬い採れたてのゴボウはすごく柔らかくて噛みやすいよそして美味しい
0.931773961,いつも晩飯困った時参考にしてるけどこの豚汁はマジで至高でしたちょいちょい入る飲酒タイムも最高
0.93170011,豚肉ごぼうねぎしようがの香りが本当に良かったです美味しくて感動しましたありがとうございます
0.93160814,旨すぎて週一で作ってます本当にこれメインに出来る旨さですいつも美味しい料理を教えてくれて本当に有難う御座います
0.931504667,今年もまた作りました本当に美味しいです後入れのねぎ瞬間に香り立ち上がってはぁ最高ってなりました
0.931393325,今日作ってみました炒める順番間違えてしまいごぼうの臭いが強くなってしまいましたが美味しかったですー夫も美味しい美味しい言ってくれて0人で完食しました
0.931306481,リュウジさんの動画を見てから豚バラ肉や豚コマ肉を手でちぎることを行えるようになりました笑調理バサミ使わなくてもいいんですね
0.931219339,食いてぇ作り方かなり似てる俺は味噌は煮込みと仕上げと0回にわけて入れてるよ
0.931015611,カボチャとすいとんを入れても美味しいですよ
0.931006014,異世界食堂みてたら豚汁食べたくなったので来ました美味い
0.931003332,野菜が苦手な子ども達も美味しい美味しいとゴボウも残さずぺろりでした流石リュウジさん酔っててもいい仕事し過ぎです我が家のレパートリーが0つ増えましたありがとうございます
0.930856109,明日作るの決定ちなみにキノコ入れるなら何がいいですか糖尿病なので至高の糖尿病レシピお願い致します
0.930832744,0歳独身一人暮らし始めて0年目でやっと自炊始めたのですが豚汁を今回のこの動画を見て作りました初心者の私でも完璧に美味しくできました料理が楽しいと思えましたありがとうございます
0.930815578,さすが至高シリーズ料理初心者の私でもリュウジさんの通り作ったら家族から絶賛されました焦げ付きやすい鍋だったんで油をかなり足しましたがめちゃくちゃ美味しかったですまた普通の家庭にある材料で美味しく作れる物をお願いします次は至高のハンバーグをと思ってますがご時世からかゼラチンが店にないですゼラチンなくてもやろうかな
0.930766523,この時間からの豚汁作り夜勤で帰ってくる彼に美味しい豚汁を作るミッションでやはり至高シリーズにお世話になりましたいつもありがとうございます帰ってくるのが楽しみでもわたしの味見が止まりません軽く二杯
0.930726826,なぜか美味しい味噌ラーメンのスープが出来ました
0.930694878,このレシピで作ってて少し韓国唐辛子入れようと思ったら手が滑って死ぬほど唐辛子入って無事にむちゃくちゃ美味しいスンドゥブになりました今度は唐辛子少しにします
0.930625737,白だしと味噌だけかなんで味の素入れないの
0.930611491,今作り終わって食べて感動して早速おかわりしましたこういうの寒い日の炊き出しで出てきたらものすごく嬉しいなぜ炊き出しなのかはわかりませんが屋外で食べる豚汁のイメージです本当に美味しいです実家の家族に食べさせるのが楽しみです
0.93059355,誰も突っ込んでないですが徳利は巨神兵じゃなくてラピュタのロボット兵ですよね
0.930560529,突然のムスカそしてお兄さんの可愛い乾杯最高の豚汁最高やないか
0.930520833,いつも楽しく拝見してます大量に作る時にニンニク生姜も単純に倍になっていくのでしょうか
0.930487037,私の住む北関東栃木県の苺産地ではじゃがいも里芋など入れますなので良くけんちん汁と言う人もいますこの動画を見て早速食材を買いに行って来ます母親の自宅プチ介護と仕事でですがこのチャンネルを見てましたチャンネル登録させて頂きます
0.930362344,こんな寒い日は豚汁だね今日はみんな揃って夕食美味しい豚汁食べて話しも弾む最高いつもありがとうございます
0.930313945,休業中いつも拝見してます至高のペペロンチーノは何回も作ってます麻婆豆腐も作りました美味しいです豚汁は待ってましたアク取らなくていいんですね味噌はいつも最後に入れてました参考になります
0.930219591,豚汁作ろうと思ったのに大根買い忘れたもう
0.930156589,豚汁待ってた里芋とか入れても美味しそう
0.930150867,本当に豚汁美味しいの食べたい
0.930146575,おいしそうな豚汁は栄養満点ですねおいしそうなリュジサンを見るとこれは作らないとね
0.930143833,にんじん皮つき賛成たいがいの野菜は皮つきでいいようまいし栄養価高い皮剥く時間もったいないしゴミ出る特別な訓練受けてるので大さじ0がわかるんだどこで訓練開催してるんだろう
0.930131257,今まで肉入り味噌汁になってしまっていて何度作っても自分で美味しいと思えなかったのが今回こちらのレシピで作ったらとっーても美味しい豚汁ができました感動しました他のもこれから作ってみようと思います
0.930066288,最近肉を鶏ムネにしてお財布に優しくしてるそれでも旨い
0.930050433,これ旦那に作ったらすごく好評でしたラーメン入れて食べたいって言ってたから豚汁としてはどうなんか謎ではありましたけど笑また作ります
0.93003881,最近はリュウジさんの動画見ながら晩酌というパターンが多いのでカンパーイやってくれると嬉しいです酒が進みます
0.92990607,豚汁の材料を炒めるのはやっていましたがニンニクと生姜は初めて聞きましたっていうかフライパン満タンでハラハラした
0.929816723,具材そのままやいろいろ足したりしてるけど確かに至高であり嗜好
0.929767013,ハイボール飲みながら作る姿がデジャブすぎる笑料理にハイボールは必須ですよね笑
0.929743111,これは美味いニンニクと生姜が良かったです
0.929743111,これは美味いニンニクと生姜が良かったです
0.929706514,この人の動画を見るコツがついに分かりましたこっちも呑みながら酔っ払って見るそして細かいトコに独り言でツッコミを入れる楽しいo
0.929607928,アルコール飲み過ぎで真面目に取り組んでもらいたい仕事なんですよね
0.929474235,この豚汁はガチで美味い
0.929345548,野菜の甘みと豚肉の旨味が出てとても美味しく出来ました
0.929307997,今まで作っていたのはまさしく豚肉が入った味噌汁だったと実感しましたお兄さんありがとうございます
0.929294944,何回もリピートしてるリュウジさんのこの豚汁高校生の長男が豚汁が世界でいちばん美味しいスープだと思うって言ってて私もうれしかったのでリュウジさんに感謝だねって返しましたいつもありがとうございます
0.929244816,ゴボウから炒めるんですねー知らなかったにんにくも入れるんですねーびっくり至高シリーズリュウジさんの知識大放出で好きですーしかも豚汁大好きなので絶対作りますー私は厚揚げとか白菜とかサツマイモとか入れることもありますー日本酒注ぐ時の表情ほんまに嬉しそうノ
0.929113328,今日も安定のニンニク利用ですね美味しくなる元すぐにんにくきらしちゃいます使わなそうなウスターとか中華味を使うレシピなんかあると助かります
0.929042637,注意事項としてニンニク生姜は極ごく僅かにしないと豚汁としての味ではなくなると思うそもそもいらない
0.928972006,今日の夜ご飯に作りましためちゃくちゃ美味しかったです学生の一人暮らしなんでリュウジさんの料理動画見て自炊頑張ります
0.928910673,何度か作っているけど少し手抜きしてしまうと美味しくなくなる忠実に作るとめっちゃ極旨やっぱリュウジさん凄い
0.928905427,この豚汁大量に作って子供たちが0日間毎食おかわりしてましたまた食べたいと言われましたありがとう料理のおにいさん
0.928896308,にんにくとしょうがでパンチが効いている味でめちゃくちゃおいしかったです豚汁はそこまで好きではなかったですがこの豚汁は普通のとは全然違いますね余ってたしいたけを薄切りにして加えましたがキノコ類も最高に合います
0.928856194,昨日作りました今まで私が作ってた豚汁は何だったのという位味が全然違う豚汁大好きな夫も絶賛しおかわりしてました
0.92878598,リュウジさん見習って酒飲みながら作りました一人暮らしだからと半量で作り即無くなって全量で作っていればと後悔しましたね本当に美味しかったです
0.928635478,揚げともやしを入れたらもっと美味しく為ります味噌も少し白味噌を入れて見て下さい私は隠し味に酒粕を少し入れます試して下さい
0.928425908,主婦歴0年ですがこんな美味しい豚汁ははじめてで目からウロコでしたありがとうございますこれから他の料理もドンドン参考にして作らせていただきますね
0.928425074,ハイボール飲みながら楽しい面白い豚汁つくろっと
0.92839402,美味しそうこれが豚汁と豚の味噌汁の違いだったんですねさっそく作ってみたいです
0.928387046,今年もこの豚汁で決まりりゅうじさん最高のレシピありがとう
0.92837733,お酒飲むところホント少年のように楽しそうだから見てるこちらも楽しくなる
0.928330302,旨味がすごくてたまらなく美味しかったですほんっとにこれだけでご飯が進みます笑沢山出来たので次の日の夕飯にうどんと卵を入れて食べてみたらこれまた最高でした絶対リピします
0.928315639,毎回見ています最近料理にハマっていまして沢山の料理が出来るように頑張っています豚汁作りたいと考えていました参考にしたいです
0.92826134,作りました豚汁にこんな作り方があるんですねしっかり濃厚でパンチがあって大満足でした灰汁を取りたくなるのを我慢ほんとに気にならなかったです
0.928208172,これ作ってみたら豚汁はパパが作るのものになってしまった゚゚д゚゚
0.92818737,今作っていますが下処理が色と大変ですね自分にも下処理をしていないとやって行けないリュウジさんの気持ちよく分かりますせめてね主人がこの大変さ分かってくれると作る方にも張り合いがあるんだけど主人は食えれば良いと思っている人で昨晩は大根のステーキ美味しい俺好みと言ってくれました今日もその言葉が欲しいです
0.928182364,妻から今までで一番うまい豚汁との言葉を頂きましたいつもありがとうございます
0.928181171,うん豚汁はよくわかってないのが多いな俺が作ったほうが絶対美味いよってのがよくあるよ豚汁ってのは野菜の滋味と味噌そして豚の脂と味噌の融合が旨さのハーモニーを生み出すんだよただ入れただけでは全然うまくないんだな
0.928099215,豚汁ってやっぱ根菜の旨味だよな最後にうどん入れて食べる
0.928062916,豚汁おいしそうほんでとっくり可愛すぎるんですが巨神兵じゃなくてロボット兵です
0.928049207,ほぼ月イチで作ってる至高の豚汁自分で調理して手前味噌ですがううんまいただ年齢的な問題でしょうか自分作るときはニンニクと生姜入れないバージョンが良い感じですリュウジさんサイコのんべいなところが
0.928036213,早速作りましたとっても美味しくて家族に大好評でしたりゅうじさんの番組いつも楽しく観てます体を壊さないようにお酒飲んでくださいね
0.927900672,このレシピで前回作って味が少し薄かったので出汁を追加して調整しましたが0回目はめちゃくちゃ美味しく出来ました最後に使うにんにく生姜ネギが絶妙でめちゃくちゃ美味しくなります
0.927803218,ゴボウと豚肉炒めてる時点でもう美味しそう
0.927756369,今完成しましたいつもの豚汁と具は同じなのにごま油で炒めてにんにくしょうがをするだけでこんなに味が変わるとは美味しい
0.927683353,リュウジさんのおかげで思いっきり料理に目覚めました笑いつも美味しそうでワクワクをありがとうございます
0.927620173,材料見る時点で肉の割合が多いのだから誰が作っても美味いだろと言いたくなる悪く言えば単なる人真似料理だよく言えば自己満料理である
0.927571237,初めまして豚汁にニンニク入れた事ありませんやってみます
0.927382171,飲みすぎちゃうほど美味しかったさっき作った料理が気になる
0.927337587,0万再生おめでとうございますチャーハンから揚げカレーという0強の次が豚汁というのがリュウジさんらしいですねこの豚汁は本当においしすぎて何回作ったか分かりません
0.927212238,愛知県民で我が家は白味噌全く買わないけどこのレシピのためだけに買うか迷う
0.927193224,仕事が早く終わり夕食を作ってあげようと思いこの豚汁を作ったら家族に大絶賛でした今後も参考にさせていただきます
0.927126825,楽しく料理してるのがこちらにも伝わり美味しく見えるこれも才能ですね
0.927103817,今日初めて作りました美味しすぎて感動主婦0年目ですが今までの豚汁は封印今後我が家の豚汁はコレに決まりですリュウジさんありがとうございます
0.92705071,ニンニク入れれば大体美味しいですよね笑
0.926839769,豚汁旨味が伝わってきました御年0歳にして豚汁にチャレンジしようと思っていていつも母親製なんですが今度チャレンジしてみますゴマ油生姜にんにく最後に長ネギいいですね飲めないですけれど飲みっぷりもいいですね料理酒は大好きです
0.926819563,なんか見覚えがある包丁だと思ったら同じじゃないか
0.926806092,こんにゃく勉強になったいつも沸騰させたお湯でグツグツ下茹でしてたから今度からその方法でやってみます
0.926698446,家は厚揚げが入ってて味噌が染みて美味しかったな
0.92669636,実家を離れてリュウジさんの動画見ながら一緒に飲んで美味しい料理を作れて楽しいです
0.926582694,リュウジさんの動画見てると料理よりも飲酒したくなるから良くない
0.926538467,にーににはせり鍋とか芋の子汁とか見て聞いて食べて感動してさらに工夫して味を上げて頂きたいものです
0.926377714,この豚汁作ったら家族からいつもと違うといっぱい食べていましたりゅうじさんありがとう
0.926365256,大さじ入れるときに料理酒だけはやや多めに入れてるように見えたさすが飲んべえ
0.926363766,あさ開純米酒を飲みつつ楽しく拝見しておりますおすすめの包丁リーズナブルなもの等についても是非ともレクチャー頂けますよう御願い致します
0.926297903,リュウジさんの動画見るようになって自分もお酒呑みながら料理作るクセがついてしまった
0.926283896,今0分煮込んでいるとこですがすでに香りがヤバいー美味しそー
0.926275134,とんでもなく美味しい豚汁が出来上がりましたありがとうございます
0.926237643,お酒も良いけど塩むすびと一緒も絶対美味しい
0.926185071,同じように作ったら今までので一番美味いと嫁に言われましたありがとうございます
0.926158309,昨日から色観てますが途中の雑学的なお話が為になります今夜は豚汁にしたかったので観てましたが今回は蒟蒻のくだりが特にありがたかったです茹でないといけないと思い込んでましたし味が染み込みやすいとかそしてニンニク生姜入れるなんてビックリどっちも良く使うので入れてみるの楽しみです♩
0.926044881,豚汁に炒めたりみりん入れたりしたことないから試してみますちなみに我が家はじゃがいもや山芋など芋系も入れてます
0.925965786,言葉を慎みたまえ君たちはラピュタ王の前にいるのだよ中略美味ぇーがー
0.925942004,ミルクの粉orクリープ入れるともっと美味しくなる他にも入れると美味しくなる物あるけどね
0.925876141,本当に美味しいです深夜に爆食がとまらん
0.925831497,美味しすぎで自画自賛しましたこりゃお酒飲みたくなる
0.925814867,親におかず作ってといわれたけどなんか作るのめんどくさくてふと豚汁食べたくなり見つけた動画究極に美味しそうな豚汁を作ることが出来ましたもうおかず豚汁じゃん天才です
0.925723433,アクを取らない事とにんにくを入れる事が衝撃でした作ってみますー
0.925684929,巨神兵では無いかなあ豚汁作りたくなってきましたよ
0.925573111,乃木坂の山下美月ちゃんがまんま作ってたけどマジで美味そうだった本家はもっと美味そうだ
0.925503194,今日至高の豚汁作りましためっちゃ美味しかった幸せな気持ちにしてくれてありがとうございます
0.925450683,いつも楽しみにしておりますちなみにわが家でも豚汁は定番レシピです私は人参と大根はレンチンで0程度することで時短でやっています鍋だと柔らかくなるまで時間が必要なので結構大変ですよね
0.925330102,今日は一人暮らしの娘が帰ってきますまずは一品りゅうじさんの豚汁に決めました
0.925321162,めっちゃ美味しかったです今まではどうしても味噌汁感が抜けなかったのでこの豚汁はレシピ見なくても作れるように技にしたいと思いますありがとうございます
0.925131261,リュウジさんのお料理いつも見て真似して作っています♫めちゃ美味しい
0.925120533,ちょうど先日肉入り味噌汁が完成して絶望してたので助かります
0.925092041,楽しくお酒飲みながらっていうのを見たら料理の楽しさが伝わってきますね
0.924983919,至高シリーズの中でも0番リピートしています特に冬の時期はお鍋で作って毎日食べています夫もお気に入りのメニューで本当に感謝していますこれからも応援しています
0.924937546,りゅうじさんうますぎです海外留学中のためこんにゃくごぼう白だしと酒は無しでやりましたが普通においしくて感動しましたりゅうじさん一生ついて行きます
0.924881637,リュウジお兄さんに出会ってから自分の料理が初めて美味しいと思えるようになりました毎回上がるレシピセレクトもどストライクで感謝でしかないです
0.924858212,人生初の豚汁作りでしたが驚くほど美味しかったですとにかく美味しくて美味しくて私は今気分がいいです夜中だけどおかわりしますリュウジさんありがとう
0.924768627,昨日作って今日も飲んでるけど味しみっしみでまじ美味しい旨味がすごい
0.92474544,ママが作った美味しい料理n0にノミネートされました少食な息子がおかわり0回も初めて豚汁作りましたがとっても美味しくできました
0.924672306,リュウジさん初めましてリュウジさんを拝見したのは初めてですがなんだかすごい人ですねアルコール飲みながら料理してるし料理は超うまそうだしトークは軽快ウォーズマンなんて単語0年ぶりに聞きましたかんますってうちの親がよく使ってます
0.924658179,娘と作りました本当に美味しくて感動しましたありがとうございます
0.924647629,うちと同じ味噌だ美味しいんだよなぁ
0.924580991,リュウジさんの過去動画見て晩飯決めてますが今日は寒かったのでこれで現在最後の煮込み中に書き込んでますあもちろん自分の調理も欠かしてません私の場合はジントニックですが
0.924566269,私は里芋も入れて圧力鍋で作ります腸内の善玉菌がいつも喜んでます
0.924562693,酒飲み過ぎ笑だけど豚汁はうまそう
0.924535811,私も豚汁は大好きで自分の味も自信有りですけどこのレシピは試さないと0番好きなのは豚肉を手でちぎるところですね自分も肉とか野菜キャベツとか葉物類をちぎってしまうので大雑把は料理の極意ではと同時に繊細さも極意ですがリュウジさんはどちらも備えていてしかも酒飲みってとこが最高な訳で
0.924513757,豚汁とわかめご飯作ろうかなと思いますてかリバースって言い方
0.924268186,昨日作りましたがとても美味しく家族にも絶賛でしたあんなに旨味のある豚汁を食べたのは初めてでしたこの豚汁を完成させるまでに沢山の時間をかけたと思うしそのレシピをこうやって提供してくれるリュウジさんに改めて感謝したいですありがとうございます
0.924111247,馬鹿喋って無いで省略して短くしてくれたらチャネル登録する気無いわ
0.924072027,ただ料理してるのではなく飲みながらでも抜けなくコツやポイントなどを分かりやすく説明してくれて凄い今度作ってみます
0.924040318,いつも本当に良いレシピをありがとうございます至高の豚汁今まで食べた中で一番でした至福の時
0.924031734,男の僕でも何とか作れました子供と食べましたが美味しかったです
0.924005151,これから沢山リュウジさんのバズレシピを見ながらお料理作りの参考にさせて頂きたいなぁと思いますレパートリーをもっと増やせるように
0.924000323,ゴボウを最初によく炒めブタを次に炒めというこの順序は新鮮ほぼ煮えてきたらニンニクショウガをすりおろしてというのも新鮮ここで使われている細長くて鍋の上に橋渡しできるおろし金欲しい白だしというのも忙しい人に優しいつくってみます
0.923895538,美味しい豚汁は汁物でありおかずですよねめっちゃご飯に合いそうです笑美味しいことには貪欲だけど無駄なことはしない笑やっぱりあんちゃん最高ですわ笑
0.923884451,このレシピ最高で何回も作ってるけどリュウジから悪魔ってワードが出てきててまた変なやつに目つけられないか不安になった
0.923691869,コクが足らない感じで本ダシ入れました
0.923630714,作るたびに旦那に褒められますありがとうございます自己肯定感爆上がりです
0.923551083,これも作りました0品目これはもうほんとにメチャメチャ美味いかみさんと二人なので半量で作りましたお袋のが一番うまいと思ってたんですけど正直言ってこっちの方がうまい複雑な心境です
0.923541903,これほんとにおいしい最後のにんにくと生姜とネギが最高だもうただの肉入り味噌汁に戻れなくなってしまったやんどうしてくれるん
0.923508406,去年も何度も作りましたが今年もまたこの豚汁作りましたやっぱり美味しいわ
0.923452199,作ってみましためっちゃ美味しくて感動しました動画も面白いし最高です
0.923345089,これは誰に振る舞っても喜んでいただける一品となりましたリュウジさんレシピの中でも最高に気に入りました
0.923322201,今まで豚汁を作ったことがなくリュウジさんのこの動画見ながら彼氏に作ってあげたら美味しいって言ってくれて大成功でした他の動画もとても参考になりますリュウジさんの動画に出会ってから料理のレパートリーも増えました感謝しかないですありがとうございますこれからも一視聴者として応援してます
0.923300743,飲みながら料理する感覚が分かりません真面目にやっていると思えません
0.923064888,にんにく生姜抜きでしたが美味しかったです寒い朝に作ってホクホク大好評でしたありがとうございます
0.923030615,真面目な話この豚汁本気で美味しいですもう何回もリピしてます我が家は一生このレシピで作りますちなみに我が家ではごぼうをあまり食べないのでごぼうのみ無し他はこんにゃくにプラスして白滝を入れてますがそれでもめっちゃ美味いです
0.922866464,美味しそうですねこれ豚の代わりにモツでも美味しそう
0.922752082,うちは豚汁に玉ねぎ入れてますね
0.922645807,面白い里芋とか入れても美味しいと思います
0.922644198,初めて拝見しましたが美味しいし酒飲みながらってとても良かった
0.922639072,豆腐と七味唐辛子が入ってない
0.922635019,リュウジさん今日作ってみたらめちゃくちゃ美味しかったですなんというか濃厚で今まで食べたことない旨味でしたにんじん苦手なのですがこの豚汁ならにんじんも美味しかったこれからもリピートします好きだった豚汁がもっと好きになりました
0.922615588,スプーンで千切ったり野菜を大きめに切っておくと野趣溢れる感じで旨い
0.922614634,砂糖は加えなくて良いも美味しいんですね
0.922594011,いつも味噌汁みたいだな唐辛子かければ豚汁とか今一つでしたありがとう酒呑童子
0.922580123,今日このレシピで豚汁作ったら家族に大好評でしたすごく美味しかったです
0.922554612,豚汁がお店の味になった流石だわ
0.922451794,この酔っ払った時に解放されて気が大きくなる感じ凄くシンパシーを覚えます
0.92244339,かます亡くなったうちの親も言ってました宮城出身なんだかほっとするような涙が滲んだ豚汁でしたちなみに我が家は豆腐も入れます
0.922387719,今日作りました正に至高の名の通り美味しくて好評でした
0.922385097,作りましたリュウジさんのレシピ簡単で大雑把で大好きです豚肉手でちぎるとことかいつもほろ酔いで作るリュウジさんナイスです
0.922323227,これ旦那に作ったら今までで一番美味しいと絶賛してましたこれからはこのレシピでいきます
0.922234058,先日りゅうじさんのレシピ通りに豚汁を作りましたみりんが切れていてみりんの代わりにラカントシロップを使って見たら自分では作ったと思えない程とても美味しく出来て驚きました今日もまた違う味噌で作ってみて美味しかったですお酒は飲めないのですがまた違う料理を作ってみたいと思います
0.922206163,レシピ通りに作ることがまず大切なことなのでまず自分自身のテンションのために身体にアルコールを投入しました笑ちょっと脱線しましたがこの料理旨すぎてヤバいです
0.92216301,とても家族に好評でした味に深みがあってとても美味しかったですまたリピします
0.922030687,この豚汁美味すぎるご飯なくてもこれ単品でうまい
0.922026157,なんでいつもこんなグダグダな人のを見て元気が出るのかいまだに不明なんかニヤニヤしながら見てる自分が怖いで実際にすごく参考にしてる
0.921936572,リュウジさんの料理を拝見すると日日の料理が楽しいし生きる力が湧き出ますもっともっと教えてぇ
0.921929061,りゅうじさん楽しい料理は勿論のこと美味しいけどたとえ料理しなくても見てるだけでも楽しいのです
0.921826303,こんにゃくを包丁じゃなくスプーンで切る所やゴボウをアルミホイルで洗う所など目から鱗でした勉強になります
0.921803594,動画見る前あいさつの時点でアク強くてナレーション系の方にしようかなって思ってたのに動画見終わる頃には最高自分にも味付けしていくところ好きってなってたし目の前に出来上がった豚汁美味し過ぎてハイボール飲んでた
0.921660125,作りましたお肉が柔らかくて味がしみてめっちゃ美味しかったですд
0.921468675,作りましたおいしかったですダシ入り味噌だったので大さじ0杯にしてみましたがとてもいい感じでした
0.921443939,お腹空いてるのにわざわざ材料買いに行って余計お腹空かせて0分煮込むと知って絶望してこうなったら炊きたてのご飯もつけようと思ってすごく昼ごはんまで遠回りしてでも豚汁飲んだ瞬間にホワッってなるくらい美味しくてまじで豚汁飲んだだけで貴族になれましたあまりにも感動したのでコメント残します笑
0.921441019,至高シリーズで珍しく最初から飲んでると思ったらいつもより調子良かったですね
0.921398342,これに好みで鷹の爪を入れると絶品ですお試しあれ
0.921394229,具材も美味しいけど汁もめっちゃうまい砂糖なんて入れてないのになんでこんな甘いんだ今までうちの奥様の作る豚汁が一番だったけどうわ何をするgふぁdjyぁfぁ
0.921249628,旦那に毎回美味しい最高やなと言われるからありがとうと言ったら嫁じゃなくてリュウジやけどなと言われます笑リュウジさんに感謝とともに嫉妬します笑ありがとうございます笑
0.921184301,ゴボウのあくが本当に気にならないかレシピ通りに作ってみます
0.921093464,昔父も言っていた灰汁も旨味のうちだって思い出したよ
0.921011746,ネギの青いところ捨てる人いるの食べて当たり前だと思ってたからびっくりした
0.920964658,いつかウイスキーと白だしを間違えそうで怖い
0.920904398,ハイボール豚汁作るための体動かす燃料
0.920882761,自分用0材料紹介0大根さつまいも代用してみる0こんにゃく0フライパンごぼう→手でちぎった肉塩コショウ→肉に焦げ目→人参大根こんにゃく投入して炒める0水0l白だし大0味噌大0みりん大0酒大0入れて混ぜる0分くらい煮込む0火を弱めてにんにくしょうが投入数分煮込む0ネギを入れて煮込む
0.920874119,実家はコンニャクじゃなく白滝だったよ後しめじとあー食べたい
0.920830011,わたしもカレーとか煮込み系は灰汁取らない派
0.920826018,去年初めて作ったバズレシピがこれでしたそれなりに手間なので頻繁には作りませんが間違いない美味しさなので何度もリピしてます寒くなってきたしまた需要が増えますねー皆にオススメしたい至高の豚汁レシピです
0.920816779,動画冒頭から出来上がってるのは本当に素晴らしいとおもいました
0.920601487,灰汁を取らないで良いの楽でいいですね
0.920600176,作ってみました本当に美味しくてびっくりですこれが求めていた豚汁でしたー
0.920548201,ハイボールあんまり飲めないけどリュウジさんを見てると飲みたくなります
0.920521379,素人に三種のyoutube動画が配られましたがどれが旨いか解からんぞここ一番再生回数ですけど怪しいですが見て楽しいです
0.920512021,バスレシピも買ったし0回以上作ってますけどやっぱり忘れるから動画みにきてしまう
0.920465827,この無添加田舎みそを買ってきて作ってみましたけどえらく美味くてビックリです普段使ってる麦味噌よりも香りがあるなと感じましたさすがリュウジ先生またいいものを教えて頂いちゃったなぁ
0.920458198,作ってみたらタイトル通り美味しかったです今までごぼう炒めたり豚汁ににんにく入れたりした事なかったのですが美味しさが全然違ってびっくりしました次からも豚汁はこのレシピで作らせてもらいます素敵なレシピありがとうございました
0.920438826,材料をどんどん落とす料理研究家ってあまり見たことないけど酔っぱらってるっていう臨場感あり
0.920431435,これ作ったら彼氏が0日くらいあの豚汁美味しかったなぁって何度も伝えてくれましたこれからもついていきます
0.92040503,今0分コトコト煮込んでます出来上がりが楽しみですoo
0.920382977,お酒飲みながら包丁使って手を切らないのがすごい
0.920263529,観てるだけでメチャ旨そうリュウジ君には是非俺の手作り味噌で試して欲しい一品だなあ
0.920250177,豚汁の中の最高峰レシピだと思います大好きです
0.920249104,これは美味しそうですね作ってみたいと思います
0.920204103,この豚汁を彼に作ったらまじでおいしい人生の中で一番と言われ何回も作っていますありがとうございます
0.920203805,初めてリュウジさんの動画を見ましたお酒を飲みながら楽しくやっているのを見て楽しくなりました
0.920153975,めっちゃ飲んでますがちゃんと料理が美味しく出来上がってることが凄いです
0.920061111,めちゃうまかったです次赤味噌でやってみます
0.920039237,悪阻でも豚汁は食べれるので明日作ってみよー
0.920009136,今日作ったら美味しすぎて発狂しましたまた絶対作ります
0.919867873,豚汁大好きで今日ようやく料理することができました初めての豚汁挑戦でしたがめちゃくちゃ美味い今まで食べてきた豚汁を越えてきましたねーさすが至高シリーズお椀によそってまず0杯そして0杯と続き0杯食べてしまった次はにんにくと生姜の比率を変えたり具材を追加してリピしていきますいつも美味しい料理の紹介ありがとうございます
0.919855118,この豚汁は何度作ったか分からん笑気が付いたら0万再生してるし
0.919825733,我が家では里芋と厚揚げも入りますにんにくは入れたことなかったので今度やってみるのが楽しみ
0.919824123,美味しそう作ってみようこの動画を見ながらハイボール飲んでます
0.919739902,豚汁にまさかのニンニク生姜に白だしさすがりゅうじさんな味付けですねやってみます
0.919718921,決して酒は強くないけど楽しく飲んでるのがいい
0.91970104,初めまして飲みながらの調理に超楽しく見せて頂いております仙台の方なんですか
0.91969955,母が豚苦手なので豚なし豚汁にしましたがめちゃめちゃ美味しかったです最後天かす少し入れました久しぶりに美味しいご飯つくれましたありがとうございます
0.919615269,時間の余裕ある今晩に作りました息子が珍しくおかわりしましたとっても美味しかったです残りは冷凍にして料理する時間がない時に食べますまたリピします
0.919604838,いつも動画楽しく拝見させてもらってます豚汁私も大好きですがニンニクと生姜入れたのは初めてですこれ美味しすぎます0回連続で作っちゃいましたありがとうございました
0.919572651,乃木坂0の山下美月さんが配信で作られてるのを見てチャンネルを見にきましたいつかコラボしてるところ見てみたいです
0.919524729,地上波でもリュウジさんをよく見かけますが正直youtubeでのリュウジさんが一番楽しそうに料理というか飲酒してて最高だと思います何とか地上波でも飲酒してくれませんか
0.919427633,動画見て母に作ったら美味しいって言って喜んでくれましたありがとうございます
0.919386029,今作っております㎩㌉㇋乾杯も一緒にさせてもらいました先生の料理は簡単に作れるし味も間違いないんでいろいろ作らせてもらってます
0.919332981,豚汁にニンニクは入れないほうが好きです
0.919304132,何回作ったんだろうというくらい夫中0小0男子たちも大好きで豚汁と言っただけでやったと言う声が聞かれますすっかりうちの料理の定番となりましたいつも0倍量で作り翌日は汁をのばしてうどんを入れてけんちんうどんにして食べてます本当にありがとうございます
0.919242263,ヒロミさん動画を見てたどり着きました一つひとつに味が染み込んでとってもおいしかったです家族にも評判でした作り方もわかりやすかったので他のレシピも試してみますホットチョコレートも絶品でした
0.919237018,あの高倉健さんはカレーライスにとん汁が毎日レギュラー食だったとか自分的には超具だくさんこの動画と同じメニューの瞬間冷凍の冷凍食品有れば朝だけでも年中無休で食べみたい飽きないハズもち余分なもん無添加な自分的には人生にも一度チャンスがあれば具だくさんとん汁専門店持ち帰り有りのお店で仕事してみたい病気になって0院入院したが卵と肉が少なかったと思う朝からは牛乳ありで残さず食べたよだからかな思うに早く退院出来たと思う特に野菜の煮ものが多かったこれって肉より卵よりも深い意味が有るのかなあ野菜キノコパワーは凄いもしか季節物をちやんと食べたから話変わって笑たばいソフバンのスマホではシユンの食べ物のシユンが漢字で出ないんやねこの時代遅れのオモチャのスマホにうんざりたい次ぎはauかdocomoに買い換えるばい孫社長お客逃げるばい文字変換なんやねん見たこと無い変換漢字ばつかりでもう解約たいここは日本ぞバカタレが
0.919169784,今作りましたなんて美味しい豚汁教えてくれて有難うございます
0.919162631,旦那のお気に入りです長距離運転手の為家に帰ってくる日は何食べたいと聞くと必ずりゅうじの豚汁と言います我が家の定番になりました他にも生姜焼きを作らせてもらいましたが旦那からは今まで食べた生姜焼きで0番美味いと言われましたあまり褒めてくれないので嬉しかったしモチベあがった私りゅうじいないと無理やわ
0.919142246,こんにゃくはスプーンで千切るのか手でやると爪に黒いのが入り込んで痛いごぼうはアルミホイルで洗うのかいろいろなるほどがあって内容濃いですね
0.919136763,美味し過ぎて0回以上リピしてます動画見ながら調理してますが早すぎて付いていけないので再生速度0倍にしたら通常速度よりも酔い潰れたリュウジさんに会えましたオススメです
0.919089794,今まであまり料理を作った事がありませんでしたが妊娠し家にいる時間が多くなったので料理に挑戦している中リュウジさんのyoutubeを見つけました簡単に本当に美味しくできるので毎晩旦那が喜んでくれてます本当に有難う御座います
0.919064522,結構いい店から個人経営の料理屋まで色食べ歩いたけど松屋の豚汁が一番すきだなぁ
0.919057727,作りましたガチでほんまに最強に美味かったです
0.919057608,最悪にうまくない豚汁酒のつまみになるニンニクみそ汁になった
0.919019997,世界の料理ショーを思いださせる演出です美味しい料理は元気の無い人を元気にしますねいつも楽しいレシピありがとうございます
0.918995798,ごぼうを水にさらしてアク抜きせずいきなり炒めるのびっくり
0.91899246,この豚汁を作ったら豚汁嫌いな0歳の娘が完食してくれましたありがとうございます
0.918792665,ブラジルからフォローしてますっていうか本当に料理の教え方最高におもしろい
0.918717027,初めてですが主婦歴0年ですが飲みながらの料理番組めちゃくちゃ楽しい
0.918677926,昨日作りましためちゃくちゃ美味しくて感動です自分がつくったのかってくらい美味しかったですえのきも入れました食物繊維が沢山とれて一石三鳥くらいですこらから週一くらい作りたいです本当天才
0.918633819,何度もリピートしてますそろそろ寒くなってきたのでまた明日作ろうと思いますがこのレシピはごぼうのおいしさが最大限に引き出されてるなあと食べる度に思います
0.918616295,食材豚肉を投げ入れてるの見て悲しい気持ち残念
0.918615043,はじめましてリュウジさんのおかげで自炊に目覚めたオッサンです早速この動画を参考に豚汁作ります両親がお酒を好むため母親の作る豚汁には酒かすが投入されます自分はそれで育ってきたのでこれまで豚汁といえば酒かすです気が向いたら試してみてください廃人レシピです
0.918587744,今までごぼうに見向きもしなかった0才の息子がこの豚汁の中でごぼうとこんにゃくがうまいとむさぼっております動画を一緒に観ていたのですがお酒を飲みながらのリュウジ兄さんをみてお母さんの男バージョンだねっと満面の笑みで言ってました
0.918557703,夫婦円満のレシピに感謝です料理にこだわりのある主人がリュウジさんのレシピだと必ず美味しいと完食します分かりやすくて面白い動画で料理が苦手な私も楽しく作れるようになりました我が家は毎日リュウジさんのレシピで身体が作られてます笑これからも動画楽しみにしてます
0.918535054,豚汁に生姜ニンニク合うわけううまいカラダ温まる‪
0.918530643,他の料理もそうですがこの豚汁で彼氏の胃袋を掴めましたほとんどリュウジさんのレシピを真似して作ってるんですが料理上手と思われてて死ぬほど嬉しいですありがとうございますこれからも至高シリーズお願いします
0.918480337,豚汁は我が家もみんな大好きなので今度このレシピで作りますカンパイ私もとってもいいと思いますいつもカンパイってやってほしいです
0.918477952,山下美月さんがyoutubeでバズレシピやっててめっちゃ呑みながら料理するなって思ってたけど本家みたら納得した
0.918360651,今度試したいです味噌は麦味噌が最高かなぁ
0.918294251,大鍋で作ってみましためっちゃおいしかったです特に豚肉にニンニクとショウガの風味がからんで最高でした教えていただきありがとうございます
0.918209553,落ちた野菜は洗ってリバースこういう人が好きです
0.918131471,はじめましてキャンプで豚汁を0人分作る場合は調味料は約0倍でよろしいでしょうか
0.918100357,豚汁大好きなので至高の豚汁なんて出してもらえたら良いなぁって思ってたら最高です本当に美味いです
0.918066025,独立した子供たちが母の日に集まってくれたので作りましたみんな美味しい美味しいとたっぷり作ったのがあっという間に空っぽやっぱり母さんの料理は最高だねーと褒めてくれましたありがとうリュウジさん
0.918042064,ごぼうは酢水などで灰汁抜きしなくても良いんでしょうか豚汁作るときにいつもやってました
0.918035746,0ちょっと火を沸かしている間に僕も沸かしていきます何回見ても意味わからんくて好き
0.917946935,中0です今日の夜ご飯に家族に作りますうまそう
0.917910933,豚汁は里芋あったら美味い
0.917862058,作りましためっちゃ美味しかったですリュウジさんの本を持っていてよく作っているのですが動画は初めてこちらを見ましたとっても面白かったです他の動画も見てみますー
0.917828977,乃木坂配信中のyoutubeで山下美月さんが作ってるのを見て美味しそうだったので見に来ました
0.917791903,今日初めて作らせて頂きました具沢山なのでお酒のおつまみとしてもいけます美味しすぎます我が家では油揚げも入れました出汁をジュワと吸った油揚げがこれまた最高なのでオススメです
0.917705297,英字幕を付けてありがとうございます日本語はまだ下手なんですからあんな早い喋りがよく分かりません
0.917652607,これ本当に美味しくてリピートしまくってます
0.917613983,美月の動画でリュウジさんを知って飛んできましたサムネ見ただけでもどれも美味しそうでこれから参考にさせていただきます
0.917580068,今日作ってみましてとても美味しく作れましたこれからも豚汁を作る時は参考にさせていただきます
0.917469323,今年も豚汁の季節ですねまた作り初めましたよ
0.917402506,めちゃくちゃ美味しくできて夫はラーメンボール二杯食べ星0個いただきました笑笑
0.917312264,一人暮らしなので分けて食べるつもりで同じ分量作りましたがあまりにも美味しくて全て食べ切ってしまいました自分史上一番美味しく作れました
0.917104244,ついついコメントしたくなりコメントさせて頂きますまあ私も料理めちゃくちゃします何が言いたいかそれは灰汁の取るもの取らないものです取るものはすまし汁等汁の丁寧さに長けた物取らないものカレー豚汁シチューもつ煮等です一言で言うと味の混ざるもの混ざらないものです灰汁って旨味の塊とも言われているんですよ多分りゅうじさんが豚汁で灰汁捨ててたら怒ります笑突然のコメント失礼致しました
0.916955888,豚汁は赤だしだと思ってた愛知県民
0.916948318,急に豚汁作りたくなって豚バラの代わりにベーコン使ったんですがこのレシピのおかげでなんとかなりました
0.916912198,料理のお兄さんのお陰でビール片手に料理するようになってしまった匂いで呑める共感
0.91683805,妻が丁寧に作ってくれたこの豚汁がとても美味しかったですありがとう
0.916805923,なんだコイツ酒呑みながらレシピ紹介しやがってと思ってみたのが数週間前近頃大好き過ぎて辛い
0.916771591,優しいお兄さんぽい人がバリバリ酒飲みながら作るのあの人を思い出して好き
0.916703582,いや驚いたすばらしいです美しい自分の作り方に何足りないかわかりましたありがとうございます先生自分が作っていたのはまさに豚入り味噌汁だったのですねビバ至高
0.916684687,おおー昨日作って今日食べようと思ったら奥様が朝昼でほとんど食べててビビった次は倍仕込もう♫
0.916681588,めっちゃ美味しかったにんにくしょうがとネギがいい味出してた
0.916681468,これからビールの季節ですしぜひ至高の餃子も見たいです
0.916647375,これ豚ホルでも美味しそうね
0.916517615,至高の天津飯作ってほしーです
0.916428983,朝起きて見てすぐお昼ご飯に作ってみました足りない材料があったりしたけどめちゃめちゃ美味しかったですいつも間違いなく美味しいですありがとうございます
0.916364968,これメチャクチャ美味しいです何回作ったか知れん笑これに文句をつけてるやつは高級料亭の料理人か家事として家族の料理を作り続けた事の無い人ですね時間かけりゃ旨いのが出来て当たり前でも家事の0つになるとんな時間は無い毎日毎日毎日作る側からしたらこういうのが最高
0.916190624,youtube見てリュウジさんの大ファンになりましたーレシピも最高だし表現などもすごく面白い私もお酒好きですリュウジさんのほんのり顔が赤いのも可愛いです笑
0.916189194,連休中の朝ご飯にしようと思って作ったんですが作ったその日にほとんど食べてしまうくらい美味しかったですこんな素敵なレシピを公開してくださってありがとうございます
0.916177392,宮城県民ですかんますとかかったます使いますよ秋口になると豚汁作ります今作ってます笑おかずいらないんだよねちなみに巨神兵←ロボット兵だよ
0.916162431,酔っ払ってるのに鍋振る時真剣な表情になるのすこ
0.916140735,楽しそうに料理して楽しそうにお酒飲むとこすっきー
0.916133583,個人的に豚汁は里芋入ってるのが好き
0.91595304,油の時は強気だが調味料はしっかり量る料理人の鏡
0.915912211,去年の冬にこれを作って根菜の旨味に感動してまた作りたいと思ってそれから今年の冬が待ち遠しかったですやっぱりこの豚汁は美味しいリュウジさんの煮物鍋物系は美味しいものばかりなので冬が待ち遠しくなります至高のおでんは神レベルだったので今年は実家に献上するつもりですリュウジさんのレシピが自分の大切な人に美味しいって言ってもらえるほど嬉しいことはないです
0.915873289,オカンの豚汁はうどんも入るめっちゃ旨い
0.915870428,至高シリーズは飲まないという設定は遠く消し飛んだ
0.915809393,豆腐を入れたら調味料の分量変えた方がいいんですかねそのままでも大丈夫そうですかねー
0.915748656,今夜は豚汁予定だったので参考にさせていただきますあかんますは栃木でも使います
0.915735364,なんかまじで野菜炒めで食べるとこんなに量の野菜食べきれないのに豚汁に化すだけでたくさん摂れるのはうれしいよね
0.915696561,ごはんや日本酒もいいけど豚汁にはうどんをいれたい
0.915673137,こちらのレシピでもう0回も作りましたまた次もこのレシピで作ろうと思っています美味しいですありがとうございます
0.915394068,リュウジさんの料理って作りたくなるし美味しそうだから作るのが楽しいし美味しく食べれるとか控えめに言って神
0.91536504,リュウジさんリアルで見たんだけど飲み屋でyoutubeで酔ってるの演技って言っててなんか萎えた
0.915296674,乾杯のところ乙女ゲームの王子様みたい笑
0.915286481,里芋入れても美味しいですよー
0.915252984,これとは別のアクを取るやり方を試しましたがりゅうじさんの圧勝でした
0.915238142,洗い場のスポンジのヘタレ具合がより親しみを感じさせる
0.915209115,料理音痴な私でも美味しく作ることができ家族も絶賛してましたまた豚汁にゴボウは邪道だと思っていましたがはじめに炒めることで嫌なえぐみがないですね最高
0.915086389,ここまで具が多いなら最初から鍋使った方がよかったような他にも細かい事が色専門家にも色いるんだねバズるかなぁ
0.915080607,簡単美味しそうお酒も美味しそですの
0.914919436,里芋を入れるならどのタイミングが良いでしょうか沢山頂いたので使いたいなと思いました
0.914901555,白だしみりん酒生姜ニンニクこれは豚みそ鍋では無いでしょうか
0.914900124,真似させて頂きましたアルコール依存症には本当気をつけてある日やめられなくなったら平均寿命0歳です
0.914861023,何度も作ってます最高に美味しいです今度義家族が来るのでその時も作ります
0.914835453,こんなぶっ飛んだ料理動画面白すぎてやめられないです笑でもちゃんと為になるってゆーハイブリッド
0.914806783,今まで作ってた豚汁は何だったのかってぐらいめちゃくちゃ美味しかったです信者になりそう
0.914640844,もう何度作った事やら笑飲まなくても好評ですですが呑んで作った方が旨いです
0.914610624,今日はじめて動画みながら豚汁作りました野菜を切るところ調味料の準備だけでも時間がかかってしまいましたが豚汁ってすごく難しいイメージがあったので自分でこんなに作れると思いませんでしたありがとうございます
0.914592564,リュウジさんと友達になったら絶対楽しいと思うんだよねいや友達までいかずとも一緒に飲むだけで絶対楽しい
0.914453328,先日たまたまテレビを付けたら兄さんが出てました母が兄さんが真面目に料理してるお酒飲んでないと言うので一緒になって見てましたうわまじかよ仕事する時はするのかって思ったら編集されてただけでハイボールが見切れてました私も母も安心しました
0.914445281,呑みながら料理はホントに楽しいですよね
0.914413512,リュウジさんこんにちはいつも勉強で参考にして見てます母がまた入院中にあ色見て作ってみてみます
0.914347053,お酒飲みながらといえば昔放送してたカナダの料理研究家のグラハムカーの世界の料理ショー思い出したワイン飲みながら料理を完成させていくスタイル最後にぜひお試しをってウインクしてから完成した料理をスタジオの観客席にいる女性をひとり選んで一緒に食べる
0.914343238,料理のお兄さん料理さん今日彼女が豚汁を作ってくれました目ん玉飛び出す旨さでした二人でリュウジさんのことを話しながら食べました昨日誕生日だったようですねおめでとうございます
0.914125323,今日は寒くて思いつきで作ってみましたいつもは味噌を最後に入れますが今回は味噌を入れて煮込んでみました
0.914036274,じゃがいも白滝入れても美味しそうですね
0.913829803,今度具材揃えてやってみますありがとうございます因みに今回の動画で実演された例ではどんぶり0杯0人前として何杯分になりますか
0.913821816,酒飲み動画として見てますから飲んでくれないと困ります
0.913712859,キノコと厚揚げありかと思います作ります
0.913697004,今日の昼に作ってみたらとても美味しかったですまた作ります
0.913551331,今までの豚汁が覆されましたお金とれるんじゃないっていう味になりましたほんとやばいです料理が楽しくなる動画に出逢えて嬉しいです感謝します
0.913542807,あくも旨味の一種家系らーめんもその考え方の方多いです
0.91352582,豚汁の具秋からだとさつまいも五郎島金時入れてます
0.91329968,思ったより水分が飛んでしまったとはいえ美味しかったです
0.913210213,普段あまり買わない白ネギを買って作ってみました家族に大好評でしためっちゃおいしかったです
0.913198471,山下美月さんのyoutube見て作りに来ました笑美味しそう笑
0.913184464,私が今まで作ってた豚汁は具沢山のみそ汁だったんだ気付きました
0.913137794,もう分量も覚えるくらい何回も視聴しましたが定期的に視てしまう動画です✾それはナゼか❢気分がアガるから
0.91309011,カメラの前にちょっと飲み過ぎじゃなそんなに飲まなくても楽しいビデオできるよ
0.913086832,初めてこんにゃくをスプーンでちぎって初めてごぼうをアルミでごしごしして切って初めて豚汁を作ったんですが料理全然出来ない私でもめちゃくちゃ美味しくできて達成感もあって彼も喜んでくれて幸せしか生まれませんでした時間かけて作ってよかった我が家の豚汁はりゅうじさんのになりました笑
0.91308552,作りました美味しすぎて感動しました至高シリーズ大好きです
0.912962139,今日最高気温0°cだったけど久に食べたくなって作りました
0.912723899,味醂は本みりん使ってないんや自分酒は料理酒で味醂は本味醂使ってる
0.912709117,手を抜けて期待値の斜め上を行くとか天才だと思いましたー
0.912617564,ヒロミさん伊代さんの為にこの動画みてマネして作ってましたねヒロミさんとコラボしてほしい
0.912571013,飲むとこいらないってなるけど見るレシピ大体美味しすぎるのでスキップしながらちゃんと作ってるところ見てます
0.912542641,豚汁よりハイボール飲みたくなったわ
0.912474751,私かおりこの動画何度も見てるし何度も作ってるけどその度にかおりって呼ばれるの忘れててビビってしまう
0.912279844,落ちた大根洗ってリバースするのすき
0.912270606,ウチはお豆腐とジャガイモも入れますね
0.91211158,ヒロミさんから来ました作ってみたいと思います
0.91210717,自分用❶準備豚肉下味野菜ゴボウ大根人参ネギ蒟蒻切る❷炒めるごま油→ゴボウ焦げ目→肉焦げ目→根菜蒟蒻萎む❸煮る水0l味噌0白だし0酒0みりん0蓋なし0分❹仕上げニンニク生姜数分後にネギ
0.912103176,その都度火加減も教えていただければ分かりやすくありがたいです
0.912094295,丸めたアルミでゴボウ洗えるのかすごい
0.911957085,今日作りました至高は間違いないです最近お兄さんのレシピが食卓にあがる率高いです至高のドレッシングなどなどお世話になってます酔いどれお兄さんも楽しみにしています
0.911866426,0歳二児の父一品でも子供達にご飯を作ってあげたくてやってみますまずはハイボール買ってきます
0.911849737,うますぎてリピートいっぱい作ったから何日も幸せ
0.911839426,朝から作ってますみました本当に初めてこんな美味しいの作れて感動しましたありがとうございます
0.911803305,なんで料理してるだけなのに面白いのかなぁ不思議です笑
0.911750495,お疲れ様ですウチでは芋系を入れてますねー里芋やジャガイモ入れてもウマイですよでも豚汁に芋入れるのって邪道なんでしょうか
0.911692142,リュウジお兄さんtitterフォローしてて動画は見てなかったんだけどめちゃくちゃ面白いな笑笑
0.911654472,お酒飲むとき銀色のやつっって言うとかなり斬新だと思います
0.911653697,ごぼうは切ったら水に浸さないでそのまま調理して大丈夫なんですね
0.91149646,こんにゃく手でちぎると黒いのがツメに入るってのすごいわかる
0.911384583,いつも作りたいなと思って見てますでも家族分だったり0人だったりを作りたいので何人分のレシピなのかだけ毎回書いて欲しいです
0.911382496,酒飲みながら料理すると記憶ない料理研究家リュウジさんは的確に説明しながら調理していて凄いと思ました
0.91135174,キノコ類入れると凄く美味しくなるよ是非やってみて
0.911203384,にんにく生姜入れるタイミングでこんなに風味が変わるとは勉強になります
0.911076784,リュージさんお願いだから始まるときのリュージでーすって大声出すのはやめてほしいその時だけ凄い音量なんですよ壁の薄い家の部屋だから聞こえてしまうよの
0.911055624,自分はコンニャクをちぎる時瓶ビールのふたを使ってちぎりますギザギザ断面ができて味シミまくりです
0.91083163,本当にアルコールが好きなんですね酔わないのが∑0o口o0スゴッいつもどのくらい飲むんですか飲むスピードが早いからビックリちゃんと最後まで酔いながら調理するのが凄くてお口が開いてしまいます
0.910794795,めちゃくちゃ美味かったですこれキャンプで作れたら最高ですね̇꒳​̇
0.910757363,ネギの青い部分捨てる人がいるというの初めて知りました
0.910712838,この豚汁はまぢうまい何か難しい事をさせるわけでもなくちょっとしたコツでこんなに美味しくなるなんて
0.910498619,にんにくと生姜入れると味噌ラーメン感が強くなってちょっと苦手
0.910437584,美味しすぎたごぼうとネギごぼう0本しか入れなかったけどもっと入れるべきだった
0.910406709,これに厚揚げしいたけ入れるとまじ上手い
0.910306752,一緒に飲める感じが最高乾杯
0.910282373,料理のアクを灰汁と表記するのは間違いでしょうそれは別のアクです
0.910134435,具材を炒めて作ったことがなかったので作って見ます有り難うね
0.910133362,いま日本に必要なのはこんな動画よねありがとう
0.91011095,料理さんの動画を見てるおかげで何を作るにしても役立つ知識が付いてきて自分で適当に作っても天才だってなるようになってきました
0.910087228,この豚汁の作り方大好きでもう何回も作っています
0.910027921,今豚汁作りましためちゃめちゃ美味しい
0.910021186,いつも楽しくやってみようとさせてくれるのが為になりますこれも早速作りましたこんなに美味しい豚汁は食べたことがない家庭で見直されてます笑
0.910005748,何でこの人は酒飲みながらこんなに最高の料理ができるんだ
0.909953296,この人の料理初めて見たけど好きやわぁ登録させて頂きました
0.909900546,用意する物が最初からハイボールでおまけの食材は笑えた
0.909893513,旦那のために作りました美味しいって言ってくれましたリュウジさんありがとうございます
0.909893274,山形名物の芋煮も作ってほしい
0.909888983,虚無レシピから来ましたリュウジさんの0つの面が見られて楽しいですし頑張ってらっしゃるんだと優しい気持ちになれました応援してます
0.909532964,豚汁は絶対さつまいも要ると思ってる
0.909495115,0ヶ月前高0の娘が初めて麻婆豆腐を作ってくれました食べた瞬間めちゃくちゃ美味しくて0年も主婦をやってきた私は敗北を覚えました美味しさの裏にはリュウジさんがいましたそれからというもの多くの料理はリュウジさんの動画と共に作っています家族は皆んな美味しいご飯が出てくるので喜んでたくさん食べてます今回の豚汁も最高の美味しさでした白米の炊き方もリュウジさんに習って炊いたら家族全員に今日のお米いつものと違うって言われましたふっくらもちもちツヤツヤで最高でしたこれからもよろしくお願いします
0.909492373,僕も調理すると言うセリフがとても面白かったです
0.90948385,0滑舌が悪くて何度リピートしても聞き取れないのですがリュウジさんはお酒の何を持ってるのですか
0.909441173,おおコメントでリクエストしたら豚汁きたありがとう
0.909302592,ご飯に豚汁かけて食べたいお腹すいたよ
0.909261644,ついに出来上がった状態からの至高シリーズスタート
0.90925473,彼が豚汁好きで料理もほぼしないので豚汁自体を初めて作ったのですが作り置きもかねて0日分作ったのに晩御飯でほぼなくなり残りも取り合いでした笑びっくりするぐらい美味しくできましたありがとうございました
0.909189582,料理下手なんですけどリュウジさんの動画見て作ると毎回彼氏に絶賛されますリュウジさんのレシピで作ると絶対失敗しないので毎回頼りっぱなしです
0.909094453,いつも同じ料理を作りがちで料理が嫌いだったんですが友達にリュウジを教えてもらってから毎日リュウジのレシピでご飯を食べてますリュウジが作る料理が大好きです酔っ払ってるのも好きです笑これからも楽しみにしてます
0.909046888,レシピに忠実に従い作ったら激ウマでしたアリガトウ
0.909003496,リュウジさんしれっといいウイスキー飲んでるから侮れません
0.908993602,酒を飲みながら料理は楽しみながらやるものって最高ですこれからも楽しみにしております
0.908988833,おいしー今まで適当に作ってた豚汁は一体何だったんでしょうか
0.908978701,ヒロミさんかお酒飲みながら作る人って言ってたからもしかしてって思って来てみた
0.908974707,ニンニク0片はさすがに多すぎでしたとゆーかない方が良かった
0.908726692,全ての汁物もはや全ての飲み物の中で0番美味しいです感動しました
0.90872103,飲みながら料理すると楽しいですよね
0.908718705,ワインを飲みながらの料理は見たくない
0.90860486,残ったら手伝いにいきますよぉマイ箸ちゃんともってきますさばき兄さんみたく身体悪くせんように
0.908450723,大根と人参ないけど作ってみますあれネギもないシイタケとじゃがいも入れてみます
0.908373952,0お酒好きなリュウジさんだから北海道のお酒意識したのかな笑
0.90833962,お願いします里芋を入れて下さい更に最高に美味しくなりますよ
0.908327043,りゅうじさんのチャンネルには本当に勉強になってますペヤング生活から抜け出してます
0.908312917,白だしの代わりに本だし入れても大丈夫ですか
0.908276796,いや侮ってましためちゃくちゃ美味しいもうこの作り方以外したくないです笑教えて頂いてありがとうございます
0.908271372,これ本当に美味しいですおかわり炸裂なのでいつも大量に作りますパートナーが絶賛してくれました普段あまり料理のリクエストはしない人なのですがまたあの豚汁が食べたいと切望されました白飯は進むし焼酎と合わせても美味い我が家の豚汁はもうコレで決まりです美味しいレシピを本当にありがとうございます普段youtubeは観る専門なのですがあまりの美味しさに長文コメントしてしまいました
0.908228815,今まで作ってた豚汁はなんだったのってくらい美味しすぎて衝撃でした泣無料でこんな美味しいレシピ動画をアップしてくれてほんとありがとうございますっ
0.908206403,リュウジさんのレシピに出会ってから毎日料理が楽しいですおかげでちゃんと食べるようになって慢性的な立ちくらみも減って元気に過ごしていますありがとうございます
0.908089459,ぼそっと面白いことを言う人は多いけどスパッと面白いこと言う人少し新鮮で楽しい
0.908039212,こんにゃくをスプーンでくりぬくとかゴボウはアルミホイル丸めたやつで洗うといいとかそういうちょっとした小技を知れてほんと勉強になる
0.907975376,山下美月ちゃんがやってたので再度本家見に来て衝動的に作ったけどやっぱりめちゃ美味しいわ
0.907941401,これ作って親に出したら今までのマックスで0点を超えて0点に限りなく近い0点と言われました教えていただきありがとうございます
0.907879591,レシピを見て作られた方に質問ですこのレシピの分量で作ったら何人分ほどの量になりましたか是非作ってみたいのですが0人家族でこの分量で足りないと寂しいのでざっくりで構わないので教えていただけると嬉しいですよろしくおねがいします
0.907870114,夜食にこれとおにぎり作って食べようと思います
0.907859206,生姜汁って感じで豚汁じゃなかったこれはリピートしません
0.907857001,毎晩これがいいな豚汁大好きすぎる
0.907824934,この前作ってみましたがめっちゃ美味しかったです今日も作ります
0.907764196,さスーパーでごぼうと豚バラとネギ買ってこよ
0.907764137,純米酒が好き私も純米酒が好き思いもよらぬ嗜好のマッチでチャネル登録しました
0.907757044,妹が作ったの味見したんですけどすっごい美味しかったですもっと食べたかった笑
0.907746911,豚汁作りましためちゃくちゃ美味しかったですいつもは鍋で作りますがリュウジさんのマネをしてフライパンで作りました大根もすぐに味が染みてて最高でした料理は好きではないですがニンニクは潰してみじん切りとか簡単に出来るやり方を教えてくれるのでこれからも色作ってみます親子丼も気になるので作ります
0.907741606,何故かわからんけどネギを最後に入れる前と後で別次元の味がした
0.907627761,リュウジさんの廃棄率少ない野菜の切り方が好こ
0.907500148,今から作るうぅ真夜中二一人で料理作るとストレス発散出来て心も体も満たされるうぅ
0.907488167,肉と豚汁の素すでにカットされてある野菜だけで作ろうとしたがただ煮込むだけじゃダメだったやっぱり豚汁の素だけじゃなくて生姜とニンニクは必須なのかなぁ
0.907441139,作りました作り立ても美味しかったんですが0日目の少しトロみが出た感じが最高に美味しかったですリュウジさんが何入れてもいいと仰ってたんで家にエノキとレンコンがあったので入れてみました最高です
0.907421231,ihだと焦げ目がつかなくてどうしたらいいでしょうか美味しい料理が作れなくて困ってます
0.90707916,料理のお兄さん料理さんこれからの季節最高やね
0.907025874,何度も作ってます本当に美味しいですありがとうございます
0.906970382,よくコストコで見かける大量のシャウエッセンを使う動画をで゚゚∵グハッ
0.906862497,秋口のキャンプ豚汁は芋煮やん
0.906743228,使ってるのがカセットコンロって事になんというかすごく安心する
0.906736255,至高シリーズ最高です今月すでに我が家の食卓に豚汁0回登場しました
0.906601548,作りましたすいとんが食べたくなったので別の鍋ですいとんを作って食べる時に一緒にしましたとても美味しかったです
0.906258404,リュウジさんが引退したら料理出来なくなる人全国に0万人はいる説ソースはワイ
0.906225443,リュウジさん美味すぎてしんどいです笑
0.906218231,料理する人大さじ0とか計ってる人見た事ないって言った後に計量スプーンで計ってるリュウジさんを見て笑えた
0.906214714,今料理中0分待ちのところいい匂いすぎてお腹なる
0.906154275,リュウジさんはじめまして今日こちらの作り方を参考に豚汁作ってみましたがやばい美味しすぎましたうまーって叫びました笑ごぼうがなかったので代わりにネギの青い部分を先にごま油でこんがり炒めてから他の具材を炒めるという手順に勝手に変更させていただきましたがそれでも今までで一番美味しかったですこのコク待ってましたって感じですこれから豚汁作る時はこのレシピで作ります次はごぼう入りで
0.9058972,ヒロミさんが伊予ちゃんに作っていたのはたぶんこのレシピかなと思いますお酒飲みながら作る人なんだよーと説明してましたあの人面白いんだよーと料亭の味って言ってましたさすがですね
0.905871391,トンジルスキーも納得のお味
0.905700088,私は煮物以外は基本的に灰汁を取らない派です
0.905675888,とっても美味しそうなので早速今晩作ってみますありがとうございます
0.90565908,もう何度も作ってるこれとご飯あれば完全メシ
0.905649722,とても美味しかったので0回目作ってますにんにくと生姜がとても良い仕事してくれました
0.905636966,久しぶりに至高の豚汁作った0回目けどあまりのおいしさに泣きました一人暮らしには量が多くてどうしようと思ったけどこのおいしさなら毎食豚汁食べて0日間くらいで完食できそうですああおいしいです
0.905501902,癖が強いのにうざくない笑笑作るの楽しみ
0.905447006,これを至高の白米で喰ったら旨そうだ
0.905321658,初めて至高シリーズ作りました美味しかったです
0.905208051,丁寧やな丁寧大事まず丁寧にだよく適当でいいよと言う方がたに言いたいプロの適当と素人の適当は違うんじゃああまずは真似してみよっと
0.905192673,今日の僕は本気ですキメっからのグビっといくシーン編集最高です笑
0.905079603,今日作りました料理酒なかったから入れてないけどでも美味しかったですo普段なかなか採りにくい根菜類も採れるし確かにこれだけでおかずになる位具沢山で美味しいですねキノコいれてもいいかも
0.905059993,使っていた金属製の擦り下ろし器凄く欲しい
0.905041397,うんまみなさん美味しいと言っているので作りましたうんまこれ以上の言葉はないですうんま
0.905034125,去年の冬に0回以上作りました今年も作りまくろうと思います
0.905018389,一昨日作ってみました妊娠中の為お酒が飲めないのでちょっと味付けがしょっぱかったですがうどんにかけたら丁度良かったです美味しくいただきました
0.904972851,去年も一昨年も作ったけど今シーズン初めて作ったけど美味いやっぱリュウジは天才だ
0.904933095,本当に美味しかったです
0.904902279,味噌最初の方に入れるんですねやってみます
0.904861748,かんまするって懐かしい全然違和感なかった
0.904842377,今まで味噌は最後に入れてたので途中で入れて煮込むのは新しかったです食べてみるとあっさりしていて食べやすくだけどごぼうの香ばしさが美味しくてなるほどっと感動しましたこれからも楽しみにしてます
0.904830158,野菜たくさん摂れそうで美味そう
0.904764295,うますぎてこの冬0回以上作りました本当にありがとう
0.904691756,めっちゃ美味しかったです家族にも大好評でした
0.904676139,タイトル可笑しくない肉入り味噌汁じゃないとか言ってる意味がわかんないただの豚汁じゃんでもただの肉入り味噌汁って言うのもありかも私は豚汁に味噌は使わないし
0.904637933,美味しすぎて味見が止まらない
0.904614985,見てるだけで旨そうなの分かる
0.904513597,至高シリーズの豚汁とからあげを今日の夕飯に作りましたさいっこうでしたいつもカレーパウダーで作っていたからあげをリュウジさんのレシピに変えたらむちゃむちゃ美味しかった豚汁も大好きなのでよく作ってましたがリュウジさんのレシピで作ったら全然違ったこれはハマりますありがとう
0.904420733,テレ東で見て食べたくなって復習しに来ましたー
0.904336751,リュウジさんのレシピではこれを0番作ったお気に入り
0.904234171,これを参考に作ってみますありがとう
0.904123485,久しぶりに食べたくなったんで明日作ります
0.904080272,今日作りましためっちゃ美味しかったです家族みんな喜んでたのでまた作りますほんとに今まで食べた豚汁の中で一番美味しかったです
0.903970361,最初のオープンニングの挨拶だけの動画の総集編みたい少なからず私にとって需要がある
0.903864384,もう0回作ってる本当に美味しい
0.903776109,え千葉もかんます東北の方言だと思ってた
0.903771758,冷めても美味しいですお腹いっぱいでもめちゃくちゃ食べてまいます笑鳥汁でもおいしそうです
0.903714657,家で料理しだしてから約0年リュウジさんの料理しか作ってない本当に感謝しかないありがとうございます便秘で悩んでた家族がこの豚汁を食べだしてからお通じの悩みが解消して凄く喜んでいます気に入って0週間に0回のペースで食べていますお通じ改善薬やきんぴらごぼうも試してみたのですがどうも解決しなくてずっと自分ごとのように悩んでいたんです笑感謝
0.903653502,ちょうどいいくらいに適当だけど適当じゃなくてめちゃめちゃ好き乾杯しながら同じもの作ってます
0.903602302,こちらを作るためにはじめてごぼうを買いましたごぼうの処理の仕方も教えて下さりありがとうございますとてもおいしく夫から好評でした
0.903520882,ヒロミさんが作っていた豚汁から見に来ました作ってみます
0.903447211,これに何か他の具材を足すとすれば俺の場合はきのこですかねしいたけしめじ舞茸えのき何ならなめこも良いかもしれません上のどれか一つ二つ足してやると良いアクセントになるような気がします
0.90343076,実家に帰省したときにリュウジさんのやつを母と一緒にいろいろやったらすごく興味を持ってくれたので後日至高のレシピ本を贈ってあげたら毎日いろいろ挑戦してくれるようになりましたそれで今日この豚汁を作ったら父さんに今までで一番美味しいと言ってもらえたそうでとても喜んでおりましたありがとうございます
0.903415143,りゅうじさん生まれてきてくださって本当にありがとうございますおかげで毎日美味しいもの食べれてます
0.90340668,この作り方は本当に旨い俺も同じように作ってる
0.903392494,めちゃくちゃ美味しかったこれは間違いなく主役ですねご馳走様です
0.903372705,帰ってきたヨッパライ肝臓大事です
0.903311789,リュウジさんは料理人だから技術もあるだろうし手間掛けて美味しくすることはいくらでも出来ると思うんだけど一般人にも出来る手法材料って縛りでやってくれるのがありがた過ぎるんよ
0.903259039,美味しかったですこれからはこのレシピで作ります
0.903100193,これって本当に水0リットルですか
0.903079331,料理初心者でどの工程がガチでどの工程がふざけてるのかわからなかったのでまたしっかりハイボール飲むタイミングまで合わせました
0.90304178,美味しかったけどあと一歩って感じでした
0.903038025,今まで作った豚汁で一番おいしいですありがとうございます
0.902914703,今まで作った豚汁で一番美味しかったです
0.902881384,ごぼうは水につけてあく抜きしないんですか
0.902879596,うちはこの材料の他に里芋と油あげと豆腐を入れます
0.902789414,これさっき作りましたが人生で0番旨くて笑ってしまいましたヤバすぎますこれだけでお店出せますわ
0.902774334,自分が料理上手になった錯角をおこします
0.902772248,0リュウジさんと乾杯したい人用わぁい乾杯ノ
0.90277034,いやこれは至高すぎるだろ至高シリーズのさらに上のジャンルを加えて欲しい
0.902680576,ウォーズマンは悪魔ではないけどね笑
0.902609468,ありがとうございます訳あって一人暮らしごぼうもネギもおいしく食べられるようになりました
0.902598381,豚汁が金色になりましたありがとうございます
0.902536631,ヒロミさんの動画をみてココへ来ました
0.902379453,この動画の前の日に豚汁作ったからめちゃくちゃ後悔してしまう笑
0.902366579,これもうまいけど牛丼屋にあるようなもうちょい色の薄い豚汁作りたいなぁ
0.902357638,出だしの料理のお兄さん料理でーすでしばらく笑えるのすごい
0.902312696,ごぼうがいいアクセントになって美味しく頂きましたありがとうございました
0.902298212,キノコが入ってないですね椎茸必要でしょ
0.902172804,いつも拝見させてもらってますもし可能ならば材料に何人前とかの記入をして頂ければ尚の事と思います出来ればよろしくお願いいたします
0.902128518,のではとても不快ですのでは使わない日本語を勉強してはどうですか
0.902014315,これ見て初めて豚汁作りましためっちゃめっちゃ美味しかったです
0.901937604,具材大きくして鍋としても行けそう
0.901802003,この分量は何人前でしょうかご返答頂ければ幸いです
0.901667774,かんぱいの決め顔笑イケメン路線でいくのですね
0.901630998,素晴らしい料理を本当に毎日ありがとうございます大好物の豚汁でしかも至高シリーズということで動画がアップロードされた瞬間に食材を購入しに行きました明日から妻が第一子出産予定日の為入院をします夫婦0人で食べる最後の食卓がそして本日のレシピでついに0レシピ目を迎えました夫婦揃って大好きなバズレシピを見て早速料理をしました本当は夕食あさりの酒蒸しでしたそれを食べてからの動画を見てその後急遽買い物行きました先程食べましたが本当に最高の味でしかありません豚の味噌汁ではなく豚汁名言ですリュウジさんも相も変わらず最高なテンションといつもの酒呑みっぷり最高の滑舌と最高のフレーズをありがとうございますこれからも夫婦共そして0人家族になってからもお世話になりますこれからも頑張って下さい本当に応援していますたくさんの動画いつも本当にありがとうございます
0.901558876,パンチがきいていてとても美味しかったです旦那も息子もペロリでしたリュウジさんありがとうございます
0.901548088,このレシピは本当にすごいですおいしすぎますあまりにもこのレシピで豚汁を作っていたため分量覚えましたこれは中身の具材を変えてもおいしいです
0.901494265,動画見てるとハイボール飲みたくなります笑
0.901421309,飲んだくれ状態になってる人を久しぶりに見てなんだか嬉しい
0.901403129,たんたかたんって言ってるから鍛高譚飲んでると思ったらいつものでした
0.901341736,どうせアク取りすぎるんだろと思ったらちゃんとアク残してるのは本当に共感できて素晴らしいと思った
0.901339293,美味しそうですねうどんを居れても美味しそうですよ
0.901308239,いつも頬がほんのりピンク色になっているのと出だしの妙に変なテンションが好きです
0.90129149,おまけが豚汁ってハイボール今日作るかなー
0.901210785,何品か作ったけどリュウジさんのレシピはハズレがないっすこれからもヨロシクお願いします⌒ー⌒
0.901176631,これ絶対作ろう̖́‬何人分くらいなんだろうか
0.901109099,何度目かのリピですレンコンとかさつまいもを入れてもすごく美味しかったですいつも美味しいレシピをありがとうございます꒳リュウジさんのレシピ以外作らなくなってしまいました笑
0.901068807,単なるアル中元料理人なのはわかったからアル中直してから社会復帰してくれ
0.901016653,これ私が作ったのってくらい美味しい
0.900920928,ほんとに美味しかったありがとございました
0.900886059,家族にも好評ですもう三回作りましたありがとうございます
0.900864422,すごい美味しそうです明日作ってみます
0.900726199,仙台出身年齢仙台住みだったけどかんますって初めて聞いた仙台弁とかあんまり聞かなくなってるのかな
0.900724351,料理は上手いけどアル中はそれ以上アル中で人生を終わらせそう
0.90068233,毎回毎回ためになるのになんでこんなに面白いんだろう僕を調理していきます
0.900675297,今日も寒いのでまたこの豚汁を作ろうと復習に来ましたところでもうこの動画も0年近く前ですし今のリュウジさんならこの至高を更に超えた豚汁を作れるのではと思ったりするんですがどうでしょう
0.900595427,自己紹介で酔ってるってわかった時の安心感
0.900384903,早速このやり方で作りました家族に大好評でした
0.900358379,コイツ鼻汁王子に似とるやないか
0.90032649,日本人の夫のために作ってみましたレシピありがとうございます
0.900203526,美味いのはわかるけどハイボールはどーなの作ったよー旨し
0.900112033,家でいつも入れる材料で今日作ってみましたあと生姜は私は苦手なので使いませんでしたなので全く同じレシピとはいかないですけど美味しく出来ました旦那も豚汁かなり美味いと絶賛してくれましたあと大根フライも作ってみたところこれも旦那に好評でした箸が止まらなくなるって言ってました私も止まらなくなりました
0.900097132,たんたんたんたんたんたかたんに思わず酒かよってツッコんでしまいましたてかめっちゃ呑みますねより酔っ払ってる日の方が意味わからんけどテキトーでおもしろいです笑笑でもいつもおいしそうですね皮もむかなくていいしめっちゃ楽そーなんで私も作ってみようと思います
0.900081217,初めて見たけどめちゃ飲むやんそして謎の声優感
0.900077343,ごぼうが最初で豚肉勉強んなりました
0.899912894,里芋いれたら超旨かったー
0.899866462,何回も作ってます大好評ですホント美味しい
0.89986527,これまじで美味しいから全人類作ってほしい
0.899688721,ちょっと前から思ってたけど至高シリーズは素面スタートってルールが迷子
0.899573863,乾杯生放送でリュウジさんと一緒に料理して飲み会がしたいですあらかじめ準備しておく材料を紹介して視聴者がそれを準備しておいてリモートクッキングしたいです
0.899571419,0年ぶりに作ったけどやっぱり美味かった
0.899546206,最近見始めたけどこの緩い感じめっちゃ好き
0.899490595,本気で酔っていきながら料理するスタイルtvでは絶対見れないので見てて楽しいです
0.899469554,ズボラな私でも旨く作れましたありがとうございます
0.899435043,鶏汁作ったからにはこっちも作るっしょ今作ってます楽しみ
0.899421394,ハイボール無いんですが大丈夫でしょうか
0.899387956,0年前から一人暮らし始めて初めて作った料理がこの豚汁で炒めが足りなくて単調な味だし野菜の土臭さとかが若干気になってまだまだだなあと思っててその後ずっとリュウジのマネして自炊続けて0年ぶりにまたこの豚汁作ったらめちゃくちゃ上手く出来て本当に感動してリュウジが毎日動画上げ続けてくれるから自分もほぼ毎日料理作ってたらこんなにスキルアップできたんだなって実感できてとても嬉しくなりました
0.899354458,みりんと酒はきっちり大さじ0測ってて草
0.899340749,リュウジさんの料理って気張らずつくれるから好き
0.899291873,夜中に見るんじゃなかったお腹すきます明日作ろう
0.899166286,たんたんたんたかたんって草たんたかたんしそ焼酎は好きですか私はまぁまぁ好きですでもやっぱりリュウジはビールやハイボールなんだろなー
0.899141431,今日作りましためっちゃ美味しいですいつもありがとうございます
0.89913702,0オイル大匙0は計ったことないけど醤油大匙0は必ず計るつまり前者は大匙0になっても味に影響ないけど後者が倍量入ると大惨事
0.899125099,必要じゃない事を絶対しないタイプ俺と同じで共感但し必要じゃない判断が時間違っている事が笑
0.899094105,すごく美味しいのでもお何回も作ってますはじめて作って食べたときは衝撃でした豚汁がこんなに美味しい食べ物だと思っていませんでした本当にメインのおかずになりますにんにくがうまうまーっ旦那さんも大好きです
0.89904058,作りましためちゃくちゃ美味しかったです何より今まで味噌は沸騰させちゃいけないと思ってたんですけど煮込むことでこんなに美味しくなるんだなと発見できましたありがとうございました
0.899037719,冷え性でもすぐ体ぽかぽかするしすごい美味しかったです
0.899036348,いつかガスコンロではなくihで作ってみてもらえると嬉しいのですが
0.898824811,0本目取れないな飲み過ぎ笑
0.898659229,昨日豚汁自己流作ったのですがほぼほぼ作り方似ててあたしも天才だったわって思いましたただ違っていたのはこんにゃく手でちぎってあー爪ん中また黒くなんなーって思いながらやめなかった今度からはスプーン使います
0.898614228,今作ったけど本当に美味しい天才
0.898465812,ニンニクがどーしても苦手なんだけど入れなきゃダメかな
0.898380399,リュウジさんなしでは生きていけません今日も家族から大絶賛でした
0.898165643,美味しすぎました旦那さんも美味しい美味しいと沢山食べていました
0.898044944,テンポ良くてわかりやすくてなおかつ面白いそして見やすい美味そう天才ですか
0.897925854,うどん入れても美味しいかもです
0.897885919,こんなにハズレの無いレシピあげてくれるのこの人しかいない
0.897775054,乃木坂0の山下美月さん絶賛の豚汁ですね
0.897726893,我が家で大好評でしたこれから我が家はこちらが定番になりそうですありがとございます
0.897648752,あくを取らなくていいっていう言葉待ってました
0.897630692,料理のお兄さん料理でいいね押したわ笑酔っ払いが作る料理を酔っ払いは楽しみにしてるよ笑
0.897545338,先に炒めるですねやってみますニンニク生姜ゴマ油メモりました
0.897428274,0倍量作って毎日食べてます0日目の豚汁は野毛でした最高です
0.897201836,大根切るときの人差し指と中指にょきにょきかわいい
0.897056818,至高シリーズはりゅうじ自体が至高だね本買ったよーこれからも頑張ってね
0.89702791,もう何回目か分からないくらい作っていますこのレシピだいすきです
0.89666611,ろぴあさん味出しの塩リュウジさん味出しウイスキー
0.896636307,ヒロミさんが見て作った豚汁私も作ろう
0.896607339,ごま油垂直何秒とか言って下さい
0.89654696,毎回このレシピ本当美味しいです
0.896536648,0歳児のパパです育児休暇中にパパ料理としてとても参考になりましたありがとうございます
0.896446347,うるさい喧しいハイすぎてひく料理に目がいかない飲まないで料理ができないのか
0.896423697,私はお料理ヘタですが一生懸命にまねして作ったら0点くらい近づいただけでビックリするくらい美味しくできました0だったらどんなに美味しんだろうしょうかいして頂いてありがとうございます
0.896329761,これ作ったけど本当に美味しかった
0.896286845,か肝臓が心配になって来ました汗
0.896218181,生姜とニンニク入れるんですねやってみます
0.896002591,ラピュタのロボットとっくり私も持ってる
0.895902753,料理のお兄さん料理ですに全て奪われた
0.895812631,これはほんとにヤバいくらい美味しすぎました食べながら美味しいとため息をついたり思わず笑いがこぼれてしまうことが何度も笑食べ終わった後もこの味を思い出して笑ってしまうレベルです彼氏に振舞ったら0回おかわりされたので翌日のつまみ用にとっておこうと思った分がなくなってしまいましたこれは絶対また作ります
0.89558655,これはお金払う価値はあると思います
0.895410597,最近知って過去のものも見させてもらってます味付けも家庭にだいたいあるもので参考になりますしお酒に合うところが我が家にマッチしてます応援してます
0.895174682,今度初めて豚汁作るので参考にさせてもらいましたありがとうございます
0.895160794,めちゃくちゃ美味しくて何度も作ってます妻も子供も完食してくれます
0.895011604,落ちやつは洗ってリバースは自分だけじゃないんだって安心しました
0.894849539,おそらくカオリさんという元カノがいるに違いない
0.894788802,ずっと気になってて今日初めて作ったけど今まで作った豚汁の中で一番美味しいいつもありがとう
0.89467299,本当に美味しいです殿堂入りです
0.894664526,これは味噌煮込みの要領ですね
0.894611537,たんたんたんたん鍛高譚とかいう酒飲み語録すき
0.894592524,動画を何回も巻き戻して見ながらレシピ参考にさせていただきましたとってもおいしく出来上がって嬉しいですたくさん作ったのであと0日は楽しめます
0.894566178,料理しながら酒飲むのは危険ですマネしないでください
0.89443332,これもう千回は作ってるうますぎ
0.894432425,他に何入れたほーがいいのかぁ←個人的には油揚げ入ってて欲しいすあかんぱーい
0.894321322,煮込んでいる時の味噌のいい香り味見をした時点で今まで作ってきた豚汁とは違うこれが手間をかけたレシピならわたしはこれまで相当な手間をかけてあの程度の豚汁を作っていたのか出汁をとって味噌を入れたら煮立たせないように離乳食を作りながら子育て本や子育て情報を見ているとよく出てくる豚汁でいい豚汁さえ作っときゃいいこれからは豚汁がいいほとほと料理に疲れてしまったんですがこんなおいしい豚汁が作れるなら少しやる気が出てきましたありがとう
0.894308388,アメリカからこんにちは海外在住なのでなかなか手に入らない食材もありますが出来る範囲で無限そうめん作ってみましたお酒に合う感じの味付けでしたが生卵私がいる地域では生で食べれる卵がなかなか手に入らず妊娠中の為サルモネラ感染リスクは控えたいので使いませんでしたラー油も近くに売ってないのでうまいけど全部たべるにはちょっと味が足りないなという感じで終わってしまいました日本のようなネギにんじん大根も手に入りませんがネギと玉ねぎの雑種のネギもどきや細いにんじん繊維の多い小さい大根になってしまいますが近いうちに豚汁に挑戦したいと思いますレシピありがとうございますちなみに私もお酒大好きでほぼ毎日飲んでました出産したらレシピ参考にさせてもらりまた飲みます笑
0.894209921,料理のお兄さん料理で死ぬ程笑った
0.894164503,巨神兵じゃなくてロボット徳利めっちゃかわいい
0.894002855,作りましたとても美味しく出来上がりましたありがとうございます
0.893895209,かんまかし懐かしいなぁ母が手を回しながらかんまかしといてって言うからなんだかわからないけどその通りにやってたの思い出したこうやって言語って覚えていくのですね
0.893838465,テレビで見て早速作りたいと思いました
0.893798769,次の日がまた美味しいんですうどんとかいれたりして
0.893797874,あまり料理に知識がないのですがごぼうのあくぬきとかは必要ないですか
0.893768609,最初のあいさつすげえそしてほんのり赤い頬のかわいさよ
0.893722594,今日カレーにしようと意気込んでいたのにこの動画のおかげで豚汁になりましたありがとうございます
0.893642068,やっと言うてくれた笑料理のお兄さん料理です笑
0.893463373,寒くなってきて作ってみましためちゃくちゃ美味かったですありがとう料理のお兄さん
0.893434167,これねまーじで美味いです
0.893262446,最高に美味しかったですありがとうございました
0.893244445,さつま芋はいったのも好きなのよねぇ
0.893207252,こんにゃく忘れたけど美味かった
0.893011212,私はお酒飲みません仕事に専念してください
0.893010914,とうとうアイドルまで触手が伸びてますねいつかはコラボなんて出来たら面白いだろうな
0.892933011,うますぎて月0で作ってる笑
0.892818034,私は元お料理は嫌いじゃなかったのですがシングルマザーでワンオペやることが多すぎて家事やお料理が半分嫌になってしまっていたのですがリュウジさんの動画を見ながら一緒にお料理していると楽しくなってきてまたお料理して美味しくごはんを食べれる時間が増えました楽しいって大事ですねいつもありがとうございます
0.892791808,以前今日は私まだ飲んでませんシラフです私がシラフで調理するという事はそうです至高シリーズですなんて言ってた気がするんですが
0.892789781,これ巨神兵じゃなくてラピュタのロボット兵なのでは
0.892713308,絶対に辛い酒飲みながらだからだょ
0.89263016,作ったけどめっちゃ美味しかった
0.892553091,料理のおにいさん料理ですオープニングからめちゃくちゃ面白くて引き付けられます料理が苦手でもとっても美味しく作れましたかしこまった感じじゃなくてやってみようと思わせてくれるチャンネルでとても楽しいです
0.892458975,ササガキじゃなくていいのは衝撃マネしよ
0.892393172,自分はいつもそこに里芋となめこを入れます
0.89229548,酒呑みながら楽しそう笑
0.892278552,すみれ系ラーメンの味がする感激
0.892258048,今まで自分の作ってた豚汁はなんだったのだろううますぎます
0.892099679,里芋と豆腐を入れたい
0.891038895,君たちはラピュタ王の前にいるのだよ最後の最後に大笑いしました
0.891001284,りゅうじさん最高エンジョイクッキング勉強になります有難う御座います
0.890894532,この程度で至高って知らない事は幸せですね
0.890883088,俺も灰汁は取らないです
0.890801489,めっちゃ美味しかったです
0.890793324,この通り作ったら本当にうまくてびっくりしましたうんまっ
0.890723228,テレビ○鳥並みに飲んでるリュウジさん好き笑
0.890681326,至高シリーズシラフでやるんじゃないんだそしておまけの食材がメインの食材じゃない不思議
0.890629768,このレシピが一人暮らしの今年の冬の最高のお供でした
0.890342891,これまで一切料理しなかったけどコロナの件で自炊が必要になりましていろんな方のyoutube見て勉強させて貰っていますがこの方のレシピ動画見始めてから一段と料理を続けられるようになりましたリュウジさんがいつも楽しそうにお料理してるから仕事で疲れてても今日はこれやってみようかなって気分になって家帰ってから深夜にちょこちょこ作ってます
0.890335023,至高シリーズでは呑まないとはなんだったのかいい意味で
0.890287042,至高の豚汁ねぇ·ならば究極の豚汁とは
0.890098035,リリースじゃなくてリバースなの腹抱えて笑った
0.889914334,ヒロミさんが伊代さんのために作ってました
0.889912486,観てるだけで幸せ自分で作ってみて幸せ人に作ってあげたら至高の幸せ
0.88991046,はいどーもー料理のお兄さん料理でーすってくらい酔ってて最高すぎる
0.889749527,豚汁はよく作ります
0.889589965,じゃがいも入ってたらマジで至高
0.889525235,ヒロミパパさんがお酒を飲んであの人は作ってるんだよのyoutubeからやって来ました絶対リュウジさんだよと思いましたわ豚汁胡麻油で牛蒡も炒めてから作るのやってみますね生姜やニンニクいいですねお酒の飲みすぎに気をつけてくださいね
0.889434457,リュウジさんこんにちは私は面倒くさがりなんでチューブになっちゃうと0倍ですね
0.889405489,和食嬉しいです健康だあ
0.889211595,美味しそう料理しながら自分を調理niceリュウジ先生''ノノ゙パチパチ
0.889180481,巨神兵ではなくてロボット兵ですねえ
0.889117062,作ったら大変喜んでもらえましたありがとうございます
0.889106989,乃木坂0の山下美月ちゃんの動画から来ました
0.888985693,乃木坂0山下美月ちゃんの動画から来ました
0.888892114,まじで美味すぎるんだが
0.888819337,作ってみましためっちゃくちゃ美味しいです
0.888789594,何度も作らせてもらっていますごぼうが本当に美味しくてハッとしますすりおろしのにんにくとしょうがも最高です楽しくて美味しくていつも感謝ですリュウジさんありがとうございます
0.888784885,いつも楽しく拝見させて頂いてますリュウジさんって嫌味がないからいいですよねちなみにですが今度はウイスキーでなくブランデーのソーダ割りを試してみてくださいウイスキーよりいけますよ
0.888748348,飲み過ぎアルチュウですか
0.888748348,飲み過ぎアルチュウですか
0.888508856,この丼ぶりは本来何用ですか海鮮丼用ですか
0.888293266,ちくぜんに用の野菜かってやってみますねズボラだかね
0.88829267,途中で飲むお酒はワインでも可能ですか
0.888047099,お肉ちぎって自分も入れてていいのかなこんな適当でって思ってたんですけどリュウジさんもちぎってて安心しました笑
0.887664437,こぼうはなくても良いですかとか絶対言うなよごぼう入れないと至高にならないめちゃくちゃおいしい
0.887615263,具だくさんの豚汁ってちゃんこ鍋みたいですね
0.887250364,巨神兵ナウシカでロボットはラピュタなんだよう
0.887170851,日本酒もってキャンプ行って作りたい
0.887111366,明日きのこごはんと同時に作って優勝します
0.887105525,玉ねぎは入れたらどうなります
0.887103081,どの野菜も余ってないのが素晴らしい
0.887007833,大爆笑しちゃいました笑えて料理も覚えられて最高です
0.886922717,巨神兵のとっくり欲しい
0.886742532,りゅうじあんたスゲェよこれは美味すぎるよ
0.886679828,どうもー料理のお兄さん料理です0回みました
0.886306643,これ作るのに何時間くらいかかりますか
0.88622123,うわーうめー今まで食った事もない美味さだうっめーわ
0.88594085,手間かかるな手間がかからないありあわせでないとなプロじゃないし簡単にそこそこ美味けりゃ良いわけで
0.885782301,ぶた汁派ととん汁派で毎回戦争が起きる
0.885600746,敬意を持って豚肉を調理して欲しい
0.88555187,落ちたやつはリバース好きですっはー笑
0.885480762,それは巨神兵ナウシカではなくラピュタのロボット兵ですね
0.885409236,もううちは至高シリーズで生きてる気がします
0.885324955,いま作ったけど感動的に美味い
0.885286272,りゅうじさんレシピはよく活用させてもらってます今日は豚汁を動画みて作ってみたらめちゃくちゃ美味しかったですこれからもりゅうじさんレシピ活用させてもらいます
0.885130346,飲まなくていいから作れ
0.884975612,この人のおかげでちょっとずつ真似して料理するようになりました
0.884903491,さつまいも入れても美味しかった
0.884699583,料理の上手い人はリスペクトしますリュウジさんとは立場が違いますのでなんだろうなおれてきには飲んで乗っていかないとはっきり言ってめんどくさくて飲んだ勢いで料理します個人的に料理は大変だけうまくなりたいうまくなりてー
0.884277165,リュウジさんのレシピはどれも美味しいけどこれは本当に美味しいこのレシピだとアク取らなくて良いってのは衝撃的だったけど取らなくてもマジでなんの問題もなかったやるべき事はやるやらなくて良い事はやらんってスタンスが好きです
0.884222865,作りましためちゃくちゃ美味しかったです
0.884209096,やはり豚肉のアクはとってほしいアクは血液
0.884195805,見る度にハイボール飲みたくなる笑
0.884109914,アル中ですね同じ仙台でざんねんです
0.884109616,いつも酒飲んでやってる何のことはないただの酒飲み
0.883959413,初めて作ったらクソうまい
0.883646965,豚汁作りたい
0.883567631,いつニンニクと生姜入れてる
0.883089185,料理苦手でしたがりゅうじさんのコツをちょこちょこ真似してたら初めて自分で作った料理に感動しましたttありがとうございますこれからも動画楽しみにしてます
0.883007407,イヤイヤ初めて見させていただきましたが至高シリーズ濃いめのレモンが進むってわかるわそこだけでもまた見させていただきます
0.882921636,美味しいそうですね
0.882887065,初めまして今日初めて作ったのですが0分煮込んだ後出汁が殆どなくなってしまったのですがあってますか不安になってしまい水を0ml足してしまったのですが大丈夫ですか
0.88272512,リュウジさんの酒飲むくだりおもろい
0.882492125,節子それ巨神兵やないロボット兵やんか
0.882434964,お酒の飲み過ぎじゃないですか
0.882369578,巨神兵じゃなくてロボット兵だよぉおお
0.882341206,山下美月さんが作ってました
0.882314086,今作りました今までで0番美味しくできた
0.881943643,お酒の呑みすぎまじめにおねがいします
0.88177532,彼氏が美味い美味いとたくさんおかわりしてくれましたありがとうございます
0.881716967,いつも楽しみにしてます私もお酒が好きで飲みながらのスタイルなのですがりゅうじさんのさんの参考にいろいろ作れるようになりましたこれからも楽しみにしてます応援してます
0.881607115,仕事の休憩中に音無しで見てても面白い
0.881590307,面白いチャンネル登録しまーす
0.881381154,料理に興味もなくしてこなかった人間でしたがリュウジさんの動画を0年前から見様見真似でしだしてから料理が大好きで楽しくなりました最近では料理上手だね美味しいとか言われて料理を振る舞うのも嬉しいですリュウジさんの至高シリーズは本当に美味しくて大好きでとにかく真似してますこれからも投稿楽しみにしてますたくさんありがとうございます
0.881351411,イケメンのくせにリバースとか面白い
0.881345749,いつも拝見していますリュウジさんのお酒飲みながらクッキングはとても面白いです私は母が肉も魚もが嫌いでほとんど食べたことなかったのですフライドチキンも0歳まで食べられませんでした気味が悪くてトン汁も0年前まで食べたことありませんでした今0歳ですなので日本のいろいろなお肉を使ったレセピーをこの動画でいろいろ学んでいますありがとうございます私は0歳からずーっとアメリカ在住ですなので西洋肉料理は食べれるようになりました大学の寮では食べないと飢え死にしそうだったので笑これからも母が作らなかった料理をいろいろ学んでいきたいをおもっています
0.881337762,これ見て作りましためちゃクソうまかったですでも母ちゃんの豚汁にはかないませんでしたなんででしょう
0.881326377,自分への味付けが最高です
0.881241739,やっぱりこの時代のリュウジが一番好きだわ
0.881233156,かんますって長野でも使いますよ
0.881215096,ただの酔っ払いで草
0.881197214,僕の下処理に爆死しましたからの僕も調理
0.880865455,アク取らずに作ってみましたうっうまいありがとうございます
0.880625308,このレシピ何人分になりますか
0.880250692,あのこれ次の日うどん入れたら超絶うまだった∵
0.880234599,こんにゃくのつぶ爪に入るのめっちゃわかる
0.8798756,ちょいちょい入れてくる酒レシピがハマる笑
0.879772604,一本目じゃない至高何の次ですかこれ
0.879473984,美味しかった何度でも作りたい
0.878991842,酔い方可愛すぎて面白い
0.878902376,これは大体何人前になるのでしょうか
0.878434181,飲みながらするのは感じがわるいです見ている人をばかにしているようですやめて下さい
0.878426969,真似させて貰いましたなんとも言えない旨みがあって家族みんなペロリでしたゆっけちゃんとまりなちゃんとのコラボ笑いましたー
0.878198743,俺のパパめちゃくちゃ豚汁好きやねんけど
0.878184617,もう酒だけを飲む放送がみたい
0.878166795,お兄さん大根も皮剥かなくて大丈夫ですか
0.878059864,自分もアクは取らない派ですカレーも取らない
0.878026724,去年の今頃りゅうじさんの動画を知りましたそれまではなにがバズレシピだただキャッチーな名前付けて売れると思ってんのかよ買わねぇよって思ってたんですが作ってからはがらっとイメージが変わって至高のレシピを中心にこの0年間週0くらいで作らせてもらってますなんの因果か至高のレシピ本の豚汁のレシピを作った時に0年作ってたんだと気付かされてこのコメントをしていますこれまで動画を上げていただきありがとうございますこれからも楽しみにしてますシンプルなシューマイとか中華イタリアンのレシピ希望です地味だけど親しまれる和食でも良いです
0.877819538,もう計量スプーンで調理するのは定番化
0.877761841,ムスカのモノマネがすごい上手い
0.877728343,キャンプ料理で最高に喜ばれました
0.877640367,わーゴボウ買い忘れた泣
0.877375901,動画見ながら作ったら美味しすぎて感動
0.87736398,ごぼうはアク抜きしないくていいんですか
0.877326131,味噌は最初にいれるんですねぇやってみます
0.877170563,決壊しそうでハラハラする
0.876849711,kに瓜二つですね
0.876749933,今まで具材炒めてなかったなやってみます
0.876744747,至高シリーズに間違いはない
0.876670301,白だしは測るんですね笑笑
0.87662375,世界一素敵な酔っ払い
0.876598597,家で言われる通りに作りましたもの凄く美味しいですありがとうございました僕が全部作りましたありがとうございましたこれからも楽しみにしています
0.876588881,邪道かもですがキャンプならプラスうどん最高です
0.87632823,最高に面白い料理好きになりそう
0.876106024,我が家の豚汁はこれになりました
0.876033247,汁物を作ってもあまり食べてくれなかった旦那が初めておかわりまだあるのと言っておかわりしてくれました笑至高シリーズこれからも宜しくお願いします
0.875933409,夫にめちゃくちゃ喜ばれましたリピ確定
0.875551343,とっても美味しかったです
0.875412822,さつまいも入れるのが好き
0.875381649,美味しかったです
0.875374019,他の至高シリーズ色と紹介して下さい
0.875362456,至高普通の豚汁や
0.874838114,この人の味つけ濃いわね
0.874734998,0歳のおっさんですこのチャンネルはおじさんが料理を覚えるのに丁度いいです笑
0.874631584,真似して作りました彼氏に褒められました
0.874602914,作り方と調味料いつも参考にさせていただいてます個人的にはにんにくとしょうがは無い方が好きかな入れたら入れたでとってもおいしいですでもいわゆる豚汁のイメージをしているとだいぶ味が違うので家族にびっくりされますちょっと抵抗があるみたい味変したいときに後入れするといいかもですね
0.874545217,ごめんなさい西日本育ちにはは不味いでしたりゅうじ兄さんすきなんですがこういう地方性があるやつはごめんなさいかなり作ったんで捨てました
0.874475479,これまで何回もお世話になりました覚えられない
0.874374449,里芋の入ってない豚汁はぶたじゅりじゃないゅりじゃない
0.874277294,塩分キツソーですね
0.874232531,0くっそイケメンで草
0.873855293,ムスカっぽかった笑
0.873850763,メッチャ美味しそう
0.873679101,どうも料理のお兄さん料理です酔ってんだよなぁデロデロに
0.873648584,今さっきの深夜に作ってこの味だよおれが豚汁に求めていたのはって感じでめちゃうまかっためんどくさがり屋でなにかするのになんでって理由知りたいタイプだから蘊蓄あるとそういう理由でするんかってなったり他の料理にも応用できるやつもあったりでめっちゃ勉強になりましたありがとうございます
0.873621523,うちは里芋入れますうまいです
0.873404145,至高はシラフでやる言うたんちゃうんかい
0.873149574,最近食べ物を粗末にする方が増えており嫌でしたがとてもら大切にしておられてすごくファンになりました登録させていただいてもよろしいでしょうか
0.873012125,個人的に里芋入りは必須ですね
0.872994661,これはガチでうまかった作ったが
0.872724771,豆腐入れるとしたらどのタイミングですか
0.872624815,めちゃめちゃ旨かった有難うございます
0.872622967,巨神兵じゃないよロボット兵だよ
0.872515798,めちゃくちゃ美味しそう
0.872395456,豚汁ってこんなに変わるのかよ
0.872117102,こんなの旨いに決まってるだろワンパターンなんだよな
0.871593833,肉どうやったら柔らかくいためられるんですか
0.871433854,こんにゃくのつぶつぶはひじきですよろしくお願いします
0.871106029,一口コンロ使ってるの好感持てる
0.871086001,急に料理のお兄さん料理はさすがに笑う
0.870738864,めちゃめちゃ美味しかったです
0.870728314,もやしは入れないのですか師匠
0.870500922,もう至高だからシラフスタートなくだりはなくなったのか笑
0.870087564,めっちゃ上手く作れました
0.869630814,落ちたやつは洗ってリバース
0.86929673,スタイルアサヒに載ってるとは
0.869084895,これめっちゃくちゃ美味そう
0.86890918,酔ってるとさらに愛おしさが増すのはなぜだろうリュウジさんに沼ってるなこれは
0.8687765,さつまいもも加えたら良い感じだった
0.868670464,ヒロミさんのyoutubeから来ました
0.868493855,ヒロミさんはこの動画をみたんだな
0.868243337,作ってみましたうま酒も
0.868017554,もう何回作ったかわからないくらいお世話になっています
0.867743671,いつも以上にハイボールが進んでおります
0.867336035,電子レンジ豚汁plz
0.866957247,この方のテンションの高さはなぜかイラっとしない
0.866882145,参考になります○
0.866784215,ジャパネットの高田社長若い頃そっくり
0.866543651,料理のお兄さん料理ですーでやられた
0.866061866,アルコールの濃度で完成度が変わります
0.865661085,ついに全てが料理になった
0.865654945,白だし入れ忘れた
0.864278376,酒のむ所が何故かおもしろい
0.864131987,油揚げいれたらうまそう
0.864003241,今日はもう豚汁
0.863975585,大変参考になりましたありがとうございます
0.863969982,料理のお兄さん料理でぇーす
0.863675594,ヒロミさんがレシピチェックしてるチャンネルはここですか
0.86334151,今更ですがリュウジレシピハマってます
0.863133371,またこの季節がやってきた
0.863023639,ニンニク生姜なしでしたがおいしかったですありがとうございました
0.86211884,長芋を入れるのはアリですか
0.861807346,楽しく料理できます
0.861793816,巨神兵の徳利超欲しい
0.860366523,これありえんくらいウマかった
0.860081851,里芋が入ってないだと
0.85999167,材料トップバッターハイボールは草
0.859740973,私が今まで作ってきたものはきっと豚汁ではなかったのだな
0.859681904,巨神兵じゃあないロボットだよう
0.859645486,群馬県人ですがかんます言います
0.859215856,今回も笑わせて頂きました≧∇≦
0.859087944,旨さ大爆発やな
0.858931243,初めましてひとり分ですか
0.858813167,灰汁取りたくてうずうずする
0.858567059,かんますがわかってしまってウケました
0.857492805,包丁どこのやつですか
0.856937766,釣られて飲むわ
0.856876373,何でお酒入れるんですか
0.856628656,何度もリピしてます立派なおかず
0.856457114,すごくおいしくできましたーまた作ります
0.856241286,これは絶対旨い
0.855455697,0あっ氷使うんだーへーいやそっち酒かーい
0.855366647,りゅうじお兄さん今日もカッコいい爽やか
0.855318427,フライパンじゃないとダメですか
0.855136216,かんます群馬出身ですか
0.855134606,必要じゃないことはやらないっていうところ好きだなー
0.85474056,あなた高血圧じゃね
0.854610562,これはほんまにうまいありがとうございます
0.854591131,かんますワイ北関東だけど分かる
0.854421496,ひとつ前にしたレシピも気になる
0.854046762,豚汁大好きです
0.853478909,北海道ではジャガイモが大事
0.853414655,0たんたかたんって焼酎
0.853218198,何人前とか出してくださるととても助かります
0.853102386,里芋も入れてもらいたかった
0.853078842,今日は雪が降ってさむいのでりぴしまーす
0.852584004,このレシピは何人前でしょうか
0.852340758,絶対うまい笑
0.852326214,後作品違ってるんだよう
0.852176428,何でみりん風を使うんだろうか本みりんだとダメなのかなぁ
0.852077544,かんますって言っててってなった
0.851569057,めっちゃ美味しそう
0.851169169,豚汁みんな好きだよな
0.851006925,0洗ってリバース好き
0.850850999,ニンニクが強いかも
0.850560188,ぼくも調理しておきます最高じゃないですか
0.850414932,群馬でもかんますって言いますよなからかんますんね
0.849265516,里芋入れたい
0.849151492,巨神兵の徳利ほしい
0.848773777,ウォーズマンは残虐超人
0.847891748,笑飲みすぎでしょ
0.846880019,山下美月さんから来ました
0.845971942,ヒロミさんから来ました
0.845971942,ヒロミさんから来ました
0.845887423,共有させていただきましたありがとうございます
0.845762193,絶対うまいって
0.845586598,0適当でいいがウケる
0.845050633,ジャガイモエノキも入れたら0点
0.844554305,めちゃうまでしたありがとうございます
0.843425632,私の住んでいた所でもかんまします
0.842579722,きのこ嫌いだった子供がもりもり食べておかわりもしてくれましたーめちゃくちゃおいしかったですー
0.842465401,豚汁王子
0.84219414,ヒロミさん見てるやつ見つけた
0.841724098,汁が少ないくない
0.841229022,こぼれないのすごい
0.841228783,寒くなってきたので作ってみたらうますぎてやばいっすよこれ今まで自分で作ってたのまじで肉入り味噌汁だったんだなといやそれはそれでうまかったんだけどうまさのレベルが違いすぎましたわ食べててありがとうという気持ちになりました
0.840302587,お酒を飲み過ぎ
0.840199471,美味しかった
0.839062214,おらが村でもかんまわすとかかんますっていうよ
0.838044286,これにうどん入れてもうまそうだなぁ
0.837618172,ニンニクどこでいれます
0.837446988,具が多過ぎない
0.837186396,めっちゃ飲む爆笑
0.836545229,料理のお兄さん料理です笑
0.83629638,0ハッハッハッハここ好きすぎる
0.836071372,ムスカモノマネ似てる
0.836003065,それ巨神兵ちゃう
0.835903466,バウアーに似てるね
0.835489333,毎年これ見にくる
0.834421277,大根は皮むきますか
0.833768606,これって何人分ですか
0.832905591,このレシピ0回リピしてます今回0回目です
0.831992865,仕事中は酒飲むな
0.831965029,りゅうじさんって元女子
0.831879735,生姜がきいていてすごいおいしかった
0.831844628,レシピは何人分のですか
0.831711292,作ってみます
0.831435025,豚汁いいね
0.830742598,すげー量だよこれは
0.830459952,りゅうじさん笑顔最高
0.830052614,美味しそう
0.830052614,美味しそう
0.829748809,先生バナナはおやつにはいりますか的なノリでハイボールはおやつにはいりますか
0.829361796,コンニャクの粒粒はラメ
0.828001797,乃木ヲタ集まれ
0.82712847,呑み過ぎ
0.825900078,0アルミどこいっとんねん
0.825852573,こいつおもしれーな
0.825735211,これは何杯分ですか
0.825672626,超ゴキゲンなリュウジさん可愛すぎる
0.825268328,声が少し石田さん感が出てる気が
0.824365795,さじ使ってるやん
0.822955847,里芋入っとらん里芋命
0.822802126,anyotherreasonnottopeeloffsurfaceofゴボウbutjustscrub
0.822422385,材料紹介0調理開始0
0.820943713,乃木坂配信中から来た人
0.819700956,すどうりりかさんににてるね
0.81953758,料理のおにいさん料理です
0.818539619,僕を調理好き
0.818372786,芋入れないんだな
0.817857742,ありがとうございます
0.817312539,若い
0.817301869,ゴボウとネギまじうまい
0.81666702,参考になります
0.81542176,至高でした
0.814880908,お世話になってます
0.814756155,山下美月ちゃんから来た人
0.814597011,これって何人前ですか
0.81408149,あれはなんですか0
0.814060211,作るの0回目ꉂˊᗜˋおいしすぎぁ
0.813834131,作りましたおいしい
0.8118186,0回目来ました
0.811535001,たんたんたんたんたんたかたんっとんとんとんとんひののにとんっ最近そんな動画ばっか見てる
0.810933173,だいたい何人分ですかー
0.810027957,料理のお兄さん料理です
0.809127331,お鍋いっぱいいっぱいになっちゃったーと思ったらリュウジさんもいっぱいいっぱいになってて嬉しかった
0.807573259,美月から来た人ー
0.806516051,飛行兵な
0.806387484,おもろすぎる笑
0.806334674,料理のお兄さん料理
0.806334674,料理のお兄さん料理
0.805119932,しいたけ入れたいな
0.804546535,とにかくありがとう
0.804448724,絶対やります
0.803980589,特殊能力おもしろい
0.802924156,めっちゃうまそう
0.794951081,深夜食堂
0.793757021,ぶたじるいうてたわ
0.792276442,こらまじうめえー
0.792236209,私は里芋も入れる
0.791732252,何回もリピしてます
0.789912641,にんにくどこでいれるんだろ
0.78941226,カメラワークかavなんよな‪
0.788763344,もう0年経つのか
0.787645459,豆腐いれないんだ̇⌓̇
0.787452638,0至高のギャグ
0.786714137,ギョロ店どうしてるギョロ店はばそばそばそ
0.786347389,めっちゃおいしかった
0.783817887,何人分ですか
0.783817887,何人分ですか
0.783401966,めっちゃ飲むやん
0.780967236,美月ちゃんから
0.780218363,估计会很好吃我明天试试
0.778826296,ジャガイモは正義
0.778814852,食べたい
0.778545558,ちょっと電動包丁使えよぉ
0.776130915,ヘリウムやってるだろ
0.773677647,何人前ですか
0.772346735,0たんたんたんたんたんたかたんまかない道場を感じた
0.76748997,酒粕は
0.767482162,アルコール依頼症
0.767219603,何人分なの
0.766161084,このグツグツ音好き
0.764074564,じゃがいもなし
0.763751328,おかしんじゃあないの
0.758091927,これは何人前だろ
0.756449163,そろそろ0versionplz
0.753702402,アル中なん
0.750593126,君の瞳にkp
0.749447763,やはりるほれら
0.748376131,かんます
0.743778348,里芋tдt
0.743778348,里芋tдt
0.743729472,料理さん
0.743729472,料理さん
0.7427935,アル中で草
0.739391744,ロボット兵な
0.735051036,嶋津亜矢
0.733981371,最高ありがとう
0.733904779,最高やったわ
0.733902991,わからわ
0.733181953,ラピュタ王
0.732140183,乎
0.73186177,リュウジ君ありがとう
0.730509341,もう最高
0.723678231,0になったら0を
0.723000109,自分用0
0.720766723,̄y ̄
0.720208883,ハイボール大事
0.718605995,バoスバoス
0.715825796,乾杯
0.708710074,メインがハイボール
0.70697087,生姜など
0.702430844,最悪
0.700558722,最高です
0.681153476,人
0.658965647,おいしい
0.636944652,かっこいい
0.602492094,食
0.573898256,は
