Column1,Column2
25,大好きなラーメンが作れるくらいビッグな男になったヒカキンさんマジですごい他の商品も当たり前だけどこうやって試作を重ねて作られてるんだなぁと思うとなんだか感動しました絶対食べたい絶対見つけ出して食べます
21,みんな恋人作ればリア充とか金持ちが自由とか言ってるけどヒカキンみたいな好きなことを本当に頑張れて嬉しさに溢れてる人が真のリア充だと思う
20,学生だからyoutuberとかが出すものって高いけどhikakinさんは学生の気持ちも考えてくれたのか0円という化学でこだわりのラーメンが食べれるのは楽しみです友達と買いに行きます
19,お店に行かなきゃネットで会員にならなきゃとかではなくて普通にコンビニで帰るのが本当に素晴らしい何より本人が楽しんでるのが最高必ず買いに行きまーす発売日に行くつもりだけど買えるかなーすっごく楽しみですヒカキンおめでとう
19,私もラーメン大好きなので絶対買いますおめでとうございますここまで努力できるのが本当に尊敬します
19,深夜に見なきゃよかった美味しそうすぎる味もそうだけどhikakinがラーメンと一緒に色々乗り越えてきた想いを聴くと自分もそういう日に食べたいと思った楽しみ初日買います
18,もう涙が止まりませんヒカキンさんの一生懸命努力出来るところとか本当に尊敬します絶対に買います
18,ほんとまだ全然人気出ない頃にヒカキンを友達から勧められて観てたけどそのヒカキンがいまこうしてhikakinpremiumのラーメンが出るそして今となってはyoutube界を代表するくらいの人となってるほんとにすげーこれからも応援してます
18,夢を叶えたいことを叶えるhikakinさん本当に凄い息子もラーメン大好きなので発売されたら即購入して食べますね
17,尊敬でしかないめちゃくちゃ努力を感じるし普通にめっちゃ美味しそう私もラーメンものすごく好きなので嬉しすぎます絶対買いに行きますおめでとうございます
17,カッコよすぎる絶対に買います味噌ラーメン好きなので早く食べたいです
17,正直ここが僕一番見ていただきたいんですけどっておっしゃってますが自分の好きな人の夢が叶う過程を見せていただけるなんて光栄でしかないから見るに決まってますラーメン見かけたら絶対買います楽しみにしてますね
17,凄くこだわって作ったのもあってめっちゃ美味しそうちなみに白味噌派なので尚更食べたーい⌯¤̴̶̷̀ω¤̴̶̷́✧開発中大変そうだったけどもヒカキンさんがとてもキラキラしてて少年のようでした長年の夢のひとつの実現おめでとうございます発売を楽しみに待ちたいと思います
17,絶対買いますhikakinさん素敵です休んでないですよそれみんなのために頑張ってるとか尊敬です
17,キン兄弟がラーメン大好きなのをずっと見てきたからこれほど信頼における商品はないと思ってます絶対食べたい争奪戦になりそうなのでゆっくり手に入れますね笑一つ夢を叶えること本当に素晴らしいし勇気をもらえますおめでとうございます
17,自分の好きな事ラーメンで視聴者をも一緒に喜ばせれるのってhikakinさん位だと思う幸せを独り占めせず皆んなで分かち合える形に出来るhikakinさんはやっぱり凄い絶対買います頂きます
16,努力は報われるってこの人のことをさしてるってぐらい努力してるラーメンは言い方悪いがお金を出せば手に入るだけどヒカキンの努力はお金なんかでは買えないほんと凄いおめでとう
16,ラーメン大好きなhikakinさんが作ったラーメンとか絶対に美味いやんあと手軽に買えるとか最高買うしかないわ
16,なんとなくヒカキンラーメン好きだな〜って思ってたけどまさか作ってみたいと思ってたとは食いて〜楽しみだな〜
16,これだけ魂込めて完成させたラーメン本当に凄いです発売日に近所のセブンイレブンにも並ぶかな田舎だから地域差ありそうですよね見付けたら絶対食べます楽しみです
16,コンビニで売ってくれるのはありがたい味噌ラーメン普段食べんけどhikakinさんのラーメン食べてみたいと思いましたこれからもずっと応援しますがんばってください
16,まってまさかのみそめし美味しそうすぎるヒカキンのことだから本当にこだわって作ってくれてるはず絶対食べまーーす
16,このラーメンを同じように元気が無い時腹ペコの時ヒカキンさんの話を思い出しながら食べたいと思いますインフルエンサーの方で夢を叶えたと聞いてこんなに本当に良かったここまで長い道のり努力と信念つらぬいたんだなって感動したのは初めてかもです
16,味噌ラーメン好きとしてとても気になる絶対買う味噌派閥にも嗜好が違う事があるからhikakinさんがどんな味が好きなのか楽しみ
16,0年ほど見続けていたのですが初めてコメントしますヒカキンさんがラーメンを作ったという報告が何故かめちゃくちゃ嬉しくて幸せで発売日に絶対食べたいです幸せそうに食べるヒカキンさんを見て笑いながら泣きそうでした
16,人生と共に過ごしてきた0番大好きなものを商品化したヒカキンさん素晴らしい絶対食べたい楽しみすぎて発売まで待てなすぎ
16,ラーメン本当に大好きですhikakinさんをずっと前から見てきました小学生だったけれど今はもう高校生で大学受験に向けて勉強しいます勉強のお供として食べていきたいです
16,ヒカキンtv好きなので絶対食べます発売待ってるよコンビニで買えるのは嬉しいです
16,自分の好きなラーメンをいつも見てるhikakinさんが作ってくれるとは思ってもいなかった勉強の夜食に食べます0日は朝イチでセブンに直行だ
15,私も以前落ち込んでいた時ラーメンを食べてこの一杯でこんな幸せな気分になれるって本当すごいなぁって思ったの思い出しましたhikakinさんおめでとう早く食べれるの楽しみにしてます
15,0日まで待ちきれない私もラーメン大好きです本当にすごい行動力だよhikakinさんおめでとう
15,すぐ食べたいと思って買いに行こうとしたら0日ですね早く食べたい私ラーメン工場で働いてるのでなんか嬉しいです楽しみにしてます
15,hikakinpremium立ち上げおめでとうございますヒカキンさんの夢が叶ったこだわりのラーメン楽しみです
15,ヒカキンさんおめでとうございますラーメンへの熱い想いが伝わってきました本当に美味しそうで今すぐ食べたいです追記沢山のグッドボタンや返信本当にありがとうございます
15,ヒカキンプロデュースの濃厚味噌ラーメンと濃厚味噌メシ買う人ちなみに私は買いたいんですけど買う時間があったら両方買います
14,〇〇店舗限定とか〇〇期間限定発売とかじゃなくて皆に味わって欲しいって言う思いで全国に出してくれたのマジで嬉しい後単純に自分ラーメン好きだから絶対買う
14,しょうもないとか言ってる奴ら人の夢を0文字で片付けるなよhikakin本当におめでとうこれからも一生ついていくわ
14,ラーメン苦手だけどその中で0番好きな味がミソだから嬉しい絶対食べる〜
14,夢が叶って嬉しそうなヒカキンを見てるだけでこっちは嬉しいよよかったねーラーメンもご飯も絶対買う
14,普段あんまりラーメン食べないけどヒカキンさんのラーメンなら食べてみたい
14,だからラーメンダーツとかやってたんだね好きなものを本気にできるのって本当に尊敬できる
14,正直かなり楽しみ自分の口に合うかはもちろんわからないけどhikakinさんが思う至高の一杯がどんな味なのかは食べてみたい
14,別にヒカキンさんファンではないけどこの人の努力凄いと思うあと普通にラーメンうまそう
14,hikakinさんのラーメンに対する本気が伝わりました発売が本当に楽しみです
14,これあれだねスーパーでも発売して欲しいくらい食べたいです僕も小さい時から0年生まれなんですけど味噌ラーメンが大好きで近くに札幌ラーメンがあって毎日のように言っていますそれぐらい味噌ラーメンが大好きです
14,まっすぐで真剣で真摯でやっぱりヒカキン大好きヒカキンの夢が叶って嬉しいラーメンもカップメシも食べるの楽しみ
14,おめでとうございます楽しみー早く買いたいみんなを勇気づけ幸せにできるラーメンヒカキンさんの想いが詰まってて素敵です
14,ラーメン美味しそうですけどめそらーめん食べれないのでしょうゆとかでもいいので食べたいです
14,ヒカキンさんのこだわりや夢思い出が詰まったラーメン頂きたいと思います本当におめでとうございます
14,ヒカキンさんが超こだわったラーメンはやく食べてみたいです楽しみすぎます
14,このコメント残念だわまずそうとか言ってる奴は絶対買うなよヒカキンさんの努力の何も知らない奴が語ってんじゃねーよ
13,東京にラーメン店を開くとかじゃなくて手頃な価格で全国で買えるカップ麵にしたところがヒカキンって感じして好き
13,特別hikakinがすきってわけじゃないわたしでもめちゃくちゃ凄いなって思うしやりたいこと叶えてること尊敬するしもうなんか凄いなって思います語彙
13,他のラーメンより美味いとかそういう言葉使わないのがやっぱりhikakinって感じがして大好き
13,味噌ラーメン好きだけど辛いだろうなと思ったら辛くないのほんとにありがたい食べたい
13,そんなにラーメン好きで救われる人がいるんですね私もラーメン屋さんで働いてるけどもっとラーメン屋さんで働いてる事に自信をもって働こうと思います
13,店舗じゃなくてカップにした事で気軽にみんな食べられるのがなんかhikakinさんの人柄が表れてるなぁって思いました地方民なので東京でお店構えられても食べられないので食べるのとっても楽しみです
13,ヒカキンにも苦しくて辛い時代があったんですね第0部がすごくよかったですラーメンに助けられたっていう思いとみんなにも元気になってほしいっていう思いが本当に伝わってきて涙が止まりませんでした00の発売を心待ちにしてます
13,服とかじゃなくてラーメンってのがhikakinらしくて好き
13,味噌ラーメン好きなので見かけたら絶対買います
13,コンビニで買えるのは嬉しいヒカキンさんの本気のラーメン絶対食べる
13,味噌ラーメン自体が好きすぎるし絶対買うめっちゃ楽しみ
13,服とかじゃ無くてラーメンなのほんとに好き流石hikakin
13,hikakinの凄い所はラーメンとカップ飯を両方しっかり食べてるところ
13,嬉しいそうに紹介してるhikakinさん見てるとこっちまで嬉しくなります発売日絶対買います
13,初コメですご自身の夢の実現本当におめでとうございます発売日には店頭に沢山並んでいる姿が想像できます味噌味大好きなので店頭に並んだらぜひとも購入したいと思います楽しみにしてます
13,完成おめでとうございます発売楽しみですラーメンは豚骨とかが人気が多いですがそこを味噌でくるところがたまらないしかもニンニクいり最高楽しみにしてますあちこちのセブン巡りしよ
13,夢実現おめでとうございます味噌ラーメン大好きなんです絶対食べます
13,いやもうほんっと幸せそうすぎてこっちまで幸せになりましたラーメン大好きなのでどちらもぜっったい食べます楽しみ
13,ヒカキンさんホントにラーメン好きですね自分の好きなもので夢が叶えれるのすばらしいと思う
13,僕もラーメン大好きです僕もラーメン作ってみたいなあ田舎なので買えないですけど旅行行った時買いますね
13,セブン少し離れてるけどhikakin大好きだからセブン行こ
13,hikakinが0年かけて編み出したラーメンが上手くないわけがない絶対に速攻出たら買いに行く
13,ヒカキンのyoutubeほとんど見てないけどテレビでヒカキン見て知ってました人柄がいいよねえヒカキンラーメン食べまーすう
13,ヒカキン完全こだわりのラーメンならいいけど味的に元のラーメンをちょっと変えただけならわかんないなーラーメンに関しては厳しい世界だからヒカキンってだけで売れると思うけど美味しくなかったら売れなくなると思うけど人それぞれの好みだからわかんないけど
12,youtuberが知名度を使ってアパレルとかは聞くけどラーメンとかまじで角度違ってまじで逸材なのを知らせてくれるわほんとすげえ尊敬しかねえ
12,服とかじゃなくてラーメン売るのは本当に好きだわ
12,いやー他のユーチューバーと違って金持ちしか手が出せない高い洋服とか出すよりこーやって誰もが買えて一回は食べてみたいと思うラーメンとか出すの良いね
12,hikakinさん忙しい中でも本当に好きなことして生きてる感じがしてすごくいい
12,まずyoutubeを0年間休まずにやってるのだけでも凄いのにyoutubeをやりながら他の夢を実現させるためにも全力を注いで頑張るヒカキンさん本当に尊敬します
12,これは絶対買って食べますラーメンは本当に食べると幸せになりますよね
12,ただ発売するのでなくラーメンに助けられた感動的なエピソードがあるのがやっぱりヒカキンさん神だなって思う
12,同じラーメン好きとしてここまでやるhikakinさんを尊敬するラーメンうまいよね
12,ラーメンの味で味噌が0番好きだからめっちゃ嬉しいしかも安い買うしかないなヒカキンさんありがとうそしておめでとう
12,しょうもなって言ってる奴お前らが高く見すぎただけやろ本当にhikakinさんおめでとう
12,セブンイレブンに0月0日に出るんですか買って食べて見ますね東京にラーメンやさんでやるかと思いましたヒカキンさん人気あるからめちゃくちゃ混むよねセブンイレブンに出るんだら良かったです
12,ヒカキンさん新しいラーメンを発売されるということでおめでとうござまいす発売を楽しみに過ごさせていただきます
12,hikakinさんおめでとうラーメン絶対買うわ
12,ラーメンもカップ飯も絶対食ベますhikakinさんの思いがつまったラーメン絶対美味しそう
12,最近のヒカキンあるあるかもしれないけど後付けの夢っぽくてなんかねって感じここまでやる熱量とかは尊敬してます
11,実際口に合う合わないは絶対あると思うけどここまで頑張った過程を考えるとそんなの関係なく食べたいって思う
11,みんなと苦しい気持ちとか頑張ろうという気持ちとかを共有したいっていうのが凄く伝わる商品ですね早速発売日に買って食べたいですそして夢を叶えられたこと本当におめでとうございます
11,ラーメンとかだけじゃなくてhikakinプレミアムの最初の商品なの夢があって嬉しい
11,東京に住んでいなくても食べることが出来る名義だけ貸してるとかでもない本気の一品絶対食べます
11,疲れてるからとかじゃなくて報告準備に集中するために休むといういつも視聴者思いのヒカキンさんならどんな報告でも応援できます
11,先日本当に生きているのが辛くなったんですが今日hikakinさんの夢が叶った姿を拝見して凄く元気をもらいましたいつも視聴者を気づかってくださる姿努力し続ける姿尊敬していますどうぞこれからも無理はなさらず楽しさを追い求めて活動してくださいいつもありがとうございます
11,ラーメンに対する想いだったり幼少期からの思い出の味噌ラーメンのことも知れて感動で涙が出ました絶対買います
11,本当に努力してきたのが伝わりましたラーメン絶対買う
11,0年がかりでの商品化は気合いが入ってますね食堂ミサの味噌ラーメンが原点の味ということで私もミサの味噌ラーメンは大好きなので味には期待できます早く食べてみたい
11,ヒカキンさんの育った地域にはニューミサもあったし味噌ラーメンは0番身近なものだったんだと思うな
11,ラーメン大好きだから嬉しい絶対買います
11,密着映像見てすごくこだわったのが伝わってきてラーメンの中で味噌ラーメンはあまり食べないけど食べてみたいと思った
11,夢が埋まってる鉱山をみんな掘っててでもいつ発掘できるかわかんないから途中で諦めたり投げ出したりするけど踏ん張った先には自分自身を支えてくれた夢に辿り着けるって思えましたhikakinさん夢実現おめでとうございます
11,こんなに楽しみな発表なかなかないから嬉しい絶対食べますこの勢いでラーメン屋さんも作ってください
11,hikakinさんのお陰で夢って叶うんだなーって本気で思った何かが好きなだけでこんなに頑張れるんだねまじで勇気というか希望というか貰った気がするやっぱりyoutuberの中で0番尊敬してるし0番大好きだなー•ᴗ•
11,ほんとに自分のことみたいにうれしいそしてヒカキンさんが忙しいなかでいろんな人にハート押してるのがほんとに感動するやっぱり皆のこと第一に考えて行動していけるからみんながついてきて超人気のyoutuberになれたと思うしこうやって夢を叶えられたんだと思うこれからもこの人についていこうと改めて思ったほんとにすごい
11,夢を叶えるってなかなかできないことそれをこんなんでとか言ってる奴なんか気にすんなというか本人は全然気にしてないと思うけど
11,0年間かけたラーメン絶対買いに行きます楽しみです
11,これ絶対買って食べるラーメン大好き
11,hikakinさんが作ったからとかいう補正は一切抜きにしてラーメンとして美味しそう
11,勝手に報告だとばかり思ってたから予想外すぎたけどヒカキンさんのyoutuberとしての夢とは別の夢が叶って本当に嬉しい
11,自分の好きな物を形にしてこだわって作るのってすげ〜よ本当にかっこいいよ発売されたら買う食べたいもんいや〜尊敬
11,hikakinさんにほんとに元気貰ってますし尊敬してます00❛ᴗ❛00ヶ月入院してて大変ですが退院したら絶対食べますψч☆
11,味噌ラーメン大好きだし大好きなhikakinが作ったラーメンなのが最高
11,是非食べてみたいヒカキンさんをずっと支えていたラーメンこだわり抜いた一杯を食べて元気を貰えるといいなぁ
11,hikakinさんが美味しく食べてるのを見ると発売が待ち遠しいし早く食べてみたいー
11,自分の夢を叶えるhikakinさんスゲーやラーメンの中でも特に味噌が好きだから味にも期待しちゃう飯系の報告と知らず深夜に見たらガッツリ飯テロで腹減った
11,hikakinさんの一生懸命作ったラーメン食べてみたい ́
11,半年後とかにスプラトゥーンのフェスで味噌ラーメン派対味噌メシ派の戦いあると思ってだけど今のスプラトゥーンフェスの選択肢三択なの萎える
11,わぁー夜中に再生してラーメンクッソ食べたくなったー発売したら買います0月0日楽しみ
11,このラーメン食べるために一日頑張れる日が自分にもあるんだろうなと思うと嬉しいどうにか生きてる自分でもギリカップ麺に出せる値段で嬉しい
11,おめでとうございます絶対に買って食べたいと思います本当に美味しそう急上昇ランキング0位素晴らしいです
11,自分の誕生日にヒカキンのラーメンが発売とは最高のプレゼント楽しみにしてます
11,なんかhikakinさんはyoutuberで成功してるからとかそういう妬み全くない努力が実った人だなぁって見れる
11,絶対買うこんなの買わないわけ無いじゃないですかまずヒカキンさんの作ったラーメンってとこで買わないわけ無い
11,hikakinずっと大好きだから絶対食べます
11,hikakinさん大好きラーメンたべたいな
11,ヒカキンさんおめでとうございますいつもみていますずっとみていますお体大切に永遠に0番星で輝いていて下さいラーメン必死で買いに行きますね
11,hikakinさんは神なんなら仏の域にまで達してるただ普通に頑張っただけじゃあんまり夢って叶えられる物じゃないと思うからhikakinさんはものすごい努力の上にこの夢を実現してるんだと思う
10,再生回数見て思ったけど今でもみんなの関心を惹き付けてる事が凄いちゃんとみんなhikakinの事気になってるんだね
10,ラーメンなら豚骨以外断固拒否の自分だけどなぜかこれは食べてみたいと思った
10,映像で作ってる普通のラーメンが食べたい
10,いくら企画とはいえしっかり色々と研究して自分なりのラーメン作ってるのがすごい尊敬するわ
10,ラーメンとかtシャツとか誰でも買える値段にしたとこに好感もてる
10,夢を叶えるためにyoutube活動で忙しい中でもこだわり抜いて商品開発をしてたというヒカキンさんの裏側を見てると本当に勇気を貰える
10,ラーメンばばあのときを思い出す本当にラーメンが好きというのが伝わります
10,好きな事を趣味として生きていくの本当に尊敬してる
10,俺的に一番好きなのが味噌ラーメンだからとんこつとか醤油とか王道のやついかずに味噌をチョイスしてくれたのがとても嬉しい
10,ラーメンの中では味噌が0番好きだから地元でも売られるようになったら絶対買う
10,出来ることなら毎日食べたいくらい同じくラーメンが好きなので必ず買って食べます
10,本当に尊敬する自分もヒカキンさんみたいな素晴らしい人間になるために色んなこと一生懸命頑張りたいです
10,味噌ラーメン好きだから食べてみたい ́
10,マジですげぇわ休んでも休まなくて準備して一刻でも早くみんなに知らせれるよう努力してるとことか本当に美味しそうなのが伝わってるくる
10,長年の努力が色んなところで反映されてるところが本当にすごいと思う
10,内容ちゃんと見る前はラーメンとカップめしならラーメンがいいかなって思ってたけどこのカップめしめちゃくちゃ美味しそうやな発売日に買いに行こう笑
10,こんな休みのない多忙の中でラーメンの商品作りも進めてたの凄すぎでしょ絶対食べます
10,自分の好きなことしたいとか好きなもん作りたいとかは誰でも思うしお金とかがあればできるでもここまでしっかり自分で考えて色々試してみて0年掛けて自分が作りたかったもんを実現出来るってのは大変なんてもんやない自分のすることに熱意持ってとことんやっとるからみんなから人気になったんやと思う誰がどう言おうと俺は尊敬するな
10,めちゃくちゃ楽しみワクワクだねー絶対食べたい買いに走るよー
10,さすがしか言えないなこれはもうなんて言うかホントにヒカキンさんはすごい俺は思うよもう拍手しかできないなもう最高絶対に買う
10,夢を叶えるって本当にすごいことだよね自分がずっとやりたかったことをできたヒカキンを心から尊敬するわ
10,しょうゆラーメンが美味しすぎて味噌ラーメン食べたことないのに凄く美味しそうこれは買いだな
10,本当に楽しみです絶対食べます
10,本当に努力してみんなを明るく元気にさせるラーメンにしたいっていう気持ちがすごい伝わった
10,この機会で思ったけどヒカキンさんが存在してないどyoutubeがつまらなくなったヒカキンさんが活動休止してから少し寂しく感じた事があった私はヒカキンさんを0年前くらいからしか見てないけど本当にいい人なのは分かる誰よりも長生きして欲しいヒカキンさんにどれだけ救われたか本当にありがとうございます
10,同い年で一番尊敬と安心感がある人柄ですラーメン発売おめでとうございます当日買いに行きます
10,ヒカキンは今回夢を叶えたけどヒカキン自身もまた色んな人の夢になってるんだよね素敵な世界だ
10,味噌ラーメン味のカップ飯は売ってないからめちゃくちゃ嬉しいです絶対買います
10,ラーメンメシめちゃくちゃ美味しそうなので買って食べて見たいと思います夢を現実に叶えられて良かったですねおめでとうございます
10,素敵自分もラーメン好きなので発売を楽しみに待ってます
10,おめでとうございますまさかの誕生日に発売絶対買います早く食べたいです
10,おめでとうございます私もラーメン大好きなので楽しみ過ぎます
10,味噌ラーメン大好きなので楽しみです
10,あのhikakinさんがここまで上り詰めたのはこのラーメンのおかげでもあるのはすごすぎるそしてそのラーメンを作ったのももっとすごいし感動しました
10,麺処くるり行きたくなるなぁラーメンひたすら食べたくなるhikakin頑張って
10,おめでとうございますセブンでかえるの有り難い元気がない時に私もヒカキンラーメンでパワーもらいます✾
10,何かヒカキンクラスが初の商品開発って凄いな普通もっと格下のインフルエンサーでも出してるのにそれだけ慎重に製作してたって事かなこれはさすがに食べてみたい
10,普通にいい話なんだけど恩師を紹介するかのようなテンションでラーメンについて語ってるのなかなかにシュールで笑った
10,ヒルクライムのライブで初めてヒカキンさんを見て知ってあれからもう何年も経ってるけど今では今でもヒカキンさんtocさんの大ファンです
10,hikakin様がラーメン食べてた所の店長びっくりするやろなぁ
10,hikakinの夢って俺らに想像できんよなどんな凄い事なんやろ本当に楽しみすぎる
10,本当に純粋に発売が楽しみになるヒカキンの熱意人柄息子がカレンダーに書いていました
10,小さい頃にhikakinのグラセフ実況見てたけど母がそんなアマチュア見てないでテレビでもみなさいとか言われてたけど今は明らかにアマチュアじゃないだろババァ
10,hikakinさん大好き𓂃𓈒𓏸𓂃𓈒𓏸𓂃ラーメン美味しそうですね
10,ヒカキンのラーメンだね買います
10,ラーメン好きアピール多すぎて嫌味が差してくるけどめちゃくちゃうまそう
10,ヒカキンは本当に充実してるなぁそうに決まってる
10,あのラーメン作るのはいいんですけどちゃんと休んでくれませんか応援してます早くラーメン食べたいです
10,このラーメン好きアピールがしたいから何ヵ月前からラーメン旅とか始めたのかな
9,こうゆう有名人の商品ってぼったくり多いけどヒカキンさんはちゃんと商品として出すのは尊敬
9,ラーメンの無い世界なんて考えられないほんとにラーメンって多くの人を救ってると思う
9,服とかコスメじゃなくてラーメン出すの好き
9,他のyoutuberがやるぼったくりアパレルとかじゃなくて本当に自分がやりたいことを実現できるのは尊敬ですo゚▽゚o
9,東京の店舗だと地方民は食べに行くの大変だけどセブンだったら全国のみんなが気軽に食べられるし0時間いつでも買いに行けるからすごくありがたいですあー早く食べたい
9,やっぱり好きなものを突き詰めるって大変だしやっぱり飽きもあるけど大事だよなマジでhikakinを見るとほんとに頑張ろうって気になれるわガチで元気もらえる
9,好きなことを極められる人は本当に努力をしてきた人だと思います尊敬
9,これ見たらヒカキンがどれだけラーメンを愛し夢に本気だったか分かる素直におめでとう
9,本当にhikakinさんは聖人だなたとえ0週間休んだとしても視聴者の事を考えていて本当に尊敬するわ
9,アレルギーの関係で小麦がたくさん食べれないのでメシ版が凄く嬉しい味噌大好きです絶対食べます
9,ヒカキンが食べてるものなんでも美味しそうに見えるのなんでだろう
9,ここまで何度も何度も試食を繰り返し人生を支えてくれたラーメンをヒカキンさんや他の方々との協力でやっと出来たラーメン情熱努力いかに本気であったかが伝わる
9,夢を持つ事楽しさも夢を叶える楽しさも自ら体験して映像化してくれるhikakinさんは本当に尊敬しますこれからも応援してます
9,味噌ラーメンあまり好きじゃないが見かけたら0食食べてみます
9,本当に心からおめでとうと伝えたいヒカキンはほんと凄い
9,凄く思いの詰まったラーメンに仕上がったと思いますセブンが無くて買いに行けないのが残念ですが出かけた際に買いたいと思います
9,お店を出すのではなく全国民が気軽に手に出来るようにセブンで販売するところがヒカキンらしくて心暖まるね夢に向かって努力して実現したヒカキンを誇らしく尊敬する
9,向上心あって素晴らしいラーメン旅もしてるくらいだから好きなんやね
9,0月0日になったらすぐセブン行って買ってきすラーメン好きだしめっちゃ楽しみ
9,こうやってがんばってるヒカキン見てると自分も諦めないでがんばるぞって思う
9,インスタで見ましたラーメンとカップ飯絶対食べますψч☆
9,数百年後とかhikakinの人生大河ドラマになってもいいと思う
9,すごいおめでとうございます絶対買って食べる美味しそうかっこいい大好き
9,ヒカキンさんの努力は本当にすごいこれからも頑張ってください
9,もうすまんけどhikakinさん超えるyoutuberはほんとにいないもう俺が決めたこの人は人としてもyoutuberとしても最高って感じで大好き
9,私も同郷なのであのミサのガツンと感のある味噌ラーメンは脳に刻まれてます笑おめでとうございます楽しみにしています♪
9,キタ━━━━゚゚━━━━やっぱりヒカキンさんが0番だよねどんなご報告なのか気になるけどファンの皆さんには喜んでいただけるって言ってたから楽しみだなぁ
9,ラーメンはもちろん食べますtシャツも買いたかったのにサイズがもう残ってないみたいです
9,hikakinさんの夢が叶って良かった絶対買って食べます
9,絶対買いますhikakinさんこれからも頑張ってください
9,ヒカキンさんかっこいい絶対食べます
9,食べたかったけどたまごアレルギーだつらいたまごなしのもだしてヒカキン
8,0年振りくらいにhikakintv開いたけどオープニングが全く変わってなくてなんか安心したいつでも帰ってきていいっていう安心感ある
8,夢はいくらでもあるけどそれを叶えれたっていうのが本当に凄いことだと心から思う
8,hikakinさんが休止したと聞いてどうしたのだろうかと見に来たけどいつ見ても安心するすごいhikakinさんで安心した
8,エビとかカニを入れずにアレルギーの人でもなるべく楽しめるように作ってるの好き
8,0人の人間がこうやって死ぬ気で頑張っているのを見てるともはや伝記に見えてくるこの方は本当に澄んだ晴れた心を持っていると思う
8,ヒカキンてほんとに人として出来すぎてるよな
8,味噌だからって安直にコーン放り込んでないヒカキン信用できる食べたい
8,すごすぎる夢を叶えていくのすごいよo̴̶̷̤◦o̴̶̷̤発売されたら絶対食べる人気すぎてすぐ無くなりそうで怖い
8,ラーメン好きだから見かけたら食べてみるわ
8,ラーメンを初めて作った人ラーメンを広めた人ラーメン屋の人みんなヒカキンさんを支えてヒカキンさんをこんな大物にまでさせてくれてありがとう
8,最近味噌ラーメンハマってるからマジで嬉しい
8,夢を見るのは簡単だけど夢を叶えるのは難しいでもそれを叶えたhikakinさんは凄すぎる
8,本当に努力の塊でしかないhikakinさんが頂点で本当によかったぁぁぁぁぁぁぁぁぁぁぁぁぁ
8,ラーメン大好きだから必ず食べます
8,感動だなぁラーメンの色んな袋付いてないの楽すぎて神すぎるめっちゃ良い急いでる時に0袋とか面倒だから
8,ラーメン食べてみたいニッシンとすごいね元スーパー定員とは思えないよね
8,うわぁぁぁぁあすごいよかったね絶対食べる夢に向かって全力で頑張る姿心から尊敬します
8,今までの様々挑戦を経てたどり着いたラーメン食べるの楽しみです
8,復帰おめでとうございます絶対買います見てたら食べたくて仕方ないです
8,姉も食べたいて言ってた絶対買います
8,おめでとうございます楽しみです絶対に食べます
8,絶対食べるそうに決まってる
8,本当に楽しみにしてますカートンで買いたいです
8,ほんとにうれしそうつたわってきます東京に行ったりせずセブンで買えるなんてヒカキンさん本当にありがとうございます
8,おめでとうございますとても美味しそうなラーメンですね早く食べてみたいです
8,本当に今までずっとみていたのできっとhikakinさんならみんなをワクワクさせるご報告なのかな
8,こってり好きにはたまらん楽しみに待ってますラーメン大好きだぁ
8,味噌ラーメン食べたい
8,夢を叶えておめでとうございます本当にhikakinさんは凄い人
8,味噌ラーメン好きにはたまらんなーおめでとうございます
8,濃厚味噌ラーメンが税込で0円なのなぜかひかきんの優しさ詰まってるような感じがしてすき
8,hikakinが作ったラーメンってだけで埋もれないね
8,味噌ラーメンで良かった他の味だと食べないので食べてみます
8,ニンニク味噌ラーメンって妙高のラーメンから来てるかなだとしたら新潟県民として凄く嬉しい
8,一時期すごい太ってた時あったけどラーメンの味作ってたのか
8,ただヒカキンの名前を使った商品ではなくヒカキンが作りたかったラーメンていうのが良いよね
8,感動するなぁヒカキンさんの夢が叶ったの本当に嬉しいなおめでとうございます
8,あたしもラーメンは大好きです ́楽しみにしてます
8,復帰は0日か0日って言ってたけど早い方にしてくれたのはありがたすぎますご報告楽しみです追記報告見ました発売日gじゃないのと平日ってのがまたいいですね欲しすぎる
8,しょーもなとか言ってる人人の夢をそう思うことがしょーもないと思うよ
8,hikakinのラーメン買わない人いない説
8,おめでとうございますヒカキンさんの熱い想いがめちゃくちゃ伝わってきて感動しましたセブンさんに並ぶのを楽しみにしています
8,どうせhikakin印のラーメンでも作ったんでしょ鼻ホジ
8,味噌ラーメンは普段あまり食べませんが流石に買わずにはいられません0日セブンに走ります
8,おめでとうございます全然関係ないけどサービス終了が決まったアプリゲームをサ終取り消させてみたみたいなの出来たら見てみたいですガンダムブレイカーモバイルとか
8,ヒカキン特せいラーメン出来た
8,平成時代のヒカキンうんーーーtodayshikakinpointトゥルルルルルルルルルルマイナス0万点ー
8,ヒカキン俺このラーメン買うよサイコーじゃんyoutubeドリーム見せてきた男の夢の結晶でしょ
8,ヒカキンは何回ラーメンと言ったでしょう
8,本当に尊敬するけどごめんなさいパッケージがやばいクレーマーのすするにしか見えん笑笑
8,ファン視聴者を大事にするヒカキンさんプレゼントだとかばら撒きすぎないで欲しいな
8,ヒカキンー今日買って食べたよメシすごく美味しかったまた買います
8,hikakinさん花月嵐ラーメン屋に行ってくださいお願いします
8,このみそキンラーメン買わない人いるいないよねヒカキンのラーメン買うぞー
7,視聴者の意見どうこうじゃなくてちゃんと自分の好きなこと貫いて努力してるのかっこよすぎる
7,活動休止中も休まずに夢を叶えるために行動してたと思うと本当に尊敬する
7,好きなことに本気になれるの本当に尊敬するわ
7,服とか鞄とかじゃなくてラーメンってのが個人的に最高
7,自分のやりたいことにここまで真剣に向き合って努力してしっかり結果残すことってできるようで中々できないことだから本当に尊敬する
7,元スーパー店員の経験とか活かして商品開発してるのすごいそのままスーパー続けててもその内商品開発部とかに異動してたかもしれないね
7,こういう有名人が関わる商品って大体ちょっと口出すくらいで後は全部任せるって感じの印象だったけどヒカキンはめちゃくちゃ従事しててやっぱこの人違うなって思ったわ
7,ラーメン店にするの飲食だからインスタントより異物混入系の事件が起こりやすくなるから絶対こっちの方がいいよね
7,嬉しいよ嬉しい前年は抜かされたけどそれまでは新潟がラーメン支出額0位だったんだラーメン王国新潟の誇りだよ
7,ヒカキンが笑ってるとこっちまで幸せになる
7,疲かれたから休むとかじゃなくてみんなを喜ばせるために休むなんて本当凄いさすがみんなのヒカキン
7,〇〇監修って名前だけ貸して開発とかはほぼ任せっきりな人もいる中こんな0から0まで全部本気で本人が携わってるのすごいな
7,ラーメンなら手軽に買えて嬉しい一つ一つのことに真剣に向き合う姿は尊敬しかありません他のyoutuberを非難するわけではないのですがいつも全力で取り組んでいて結果がでているのも納得です
7,本当にどこまで人を笑顔にすれば気が済むんだかヒカキンさんは
7,自分の夢の中にみんなを笑顔にしたいという想いが込められてるのって本当に素敵優しさが味にも出てそう
7,休んでた理由ラーメンかいて最初は思ったけどなんか想い伝わって泣けてきたわ
7,味噌ラーメンからもやしメンマネギ赤い調味油って感じがくるり意識してそうで好き
7,hikakinってたまに見るとほのぼのしてふふってなれるなんか疲れてたけど少し心穏やかになれたhikakinありがとう
7,0年間大好きなものに熱中して本気でできるの本当に尊敬
7,胸が熱くなりました泣きそうです泣いてるけど感動の涙〜おめでとう御座いますこれからもお身体にお気をつけてください
7,ヒカキンが嬉しそうなの観てるとこっちも嬉しくなるね
7,何事にも本気でどんな時も頑張ってきたからできたことだと思う本当に心から尊敬します
7,ヒカキンのやっていくことが凄すぎて距離を感じるはずなのにすぐそばにいる感じがめっちゃ好き
7,ラーメン食べたい
7,夢を叶えるって素晴らしいなーなんかヒカキンさん見てると明るい気持ちになる
7,こっちまで嬉しくなるわぁ絶対買うてかセブンで売ってるのすご
7,服とか鞄とかじゃなくてラーメンってのが個人的に最高
7,若い頃に死ぬ程努力して今夢を叶えたり今の成果があるそう思うとやっぱりhikakinさんには憧れる僕もサボってばかりいないでひと踏ん張りしてみようかな
7,ラーメンに凄くこだわって作られたのが伝わってきます発売日楽しみです
7,すぐ完売しちゃいそういつ食べれるかわからないけどめっちゃ楽しみです
7,ラーメンが食べたいよ良いな
7,ほんとにみんなに喜んでもらえるように作ってくれてるのがほんとに伝わるhikakinさんの夢が叶って良かったです
7,絶対にどっちも買います休んだ理由がこんなことでよかったですこれからも頑張ってください大好きです
7,夢を叶える人って裏で相当苦労してるのが垣間見える本当にすごい
7,ヒカキンさんみたいな人も最初は苦労してたマジ尊敬
7,めちゃくちゃ美味しそうに食べるからお腹すいてきました絶対どっちも買います
7,絶対食べるよ楽しみにしてます
7,自分が叶えたい夢を叶えられて本当にすごいと思う自分も見習っていきますそしてどんな報告でも受け入れていきます
7,大好きなラーメン旅企画が商品開発の伏線だったの嬉しすぎ
7,味噌ラーメン大好きだから嬉しいー
7,この人がちでまじもんなんて言うんだろうここまで誠実で真実で素直な人見たことないんだよねヒカキンさんを見てると大人って素敵だよな捨てたもんじゃないって思える
7,味噌ラーメンが一番好きだから嬉しい
7,ラーメン食べたい
7,これだけの熱量で作ったラーメン絶対おいしい
7,夢を叶えられた事おめでとうございます素晴らしい発売したら絶対買いに行っちゃいますスバラシイ
7,シンプルにラーメン好きすぎだろ笑
7,絶対うまいやん買うか本当におめでとうございます
7,カップ飯大好きなので凄く楽しみです発売日にセブン直行します
7,ヒカキンの熱意というか思いが分かるまず真っ先に自分で思う通りにするヒカキンが凄くて羨ましい
7,ほとんどコメ0個はみんなついてるhikakinさんもっと休んでも良いですよ体調お大事に
7,取り敢えず二種類買うヒカキン応援してるから
7,hikakinさんは安心して一生推せる発売が楽しみ
7,なんかヒカキンさんって自分の節目とかにいつも誰かの為にやる事ばかりでyoutubeを始めた頃から芯とか根本が全く変わらないんだろうなと泣きたくなる
7,おめでとうございます0年間も私達の事も考え食べやすく美味しそうなラーメンを作って頂きこちらも凄く嬉しいです0月0日が凄く待ちどうしいです̖́
7,映像ヒカキンが作ってるの何気に凄い00
7,ヒカキンさんの人生って夢あって好きすぎる
7,hikakinの夢が叶って本当に良かった
7,うっわめっちゃ美味しそ絶対ラーメンとカップ飯買うわ
7,字も綺麗なところまで本当にヒカキンさんの才能にびっくりですこれからもずっと応援してます
7,お疲れさまですヒカ様の努力と笑顔が多くの人々の心に自然と入って来るのがヒカ様おめでとう御座います喜んで買わせて頂き応援していきたいと思いますヒカ様の声が笑顔が私達の元気の素です本当にありがとう
7,いつもはhikakin面白いなぁ〜って感じで見てたけど今回のhikakinはカッコイイやっぱり夢を実現できる人はカッコイイです
7,世界の紛争を全て根絶しましたとかでもhikakinなら許せる
7,中野来たら札幌ラーメン味七上手いから食べてみて味噌ラーメン
7,ヒカキンさんって本当にいい人だなぁ
7,サムネ変えるところとかさすがだな〜と思う常々youtubeのご報告サムネには嫌気がしているので発売まであと0日たのしみー
7,濃厚味噌ラーメンと濃厚味噌メシどれも美味しそう買う時間があったら両方買います
7,初めどれだけすごいか分からんかったけど冷静になって考えたらとんでも無いことしてるの草
7,おかんがラーメン出すかなんかの商品ちゃうん言うてたんマジで当たってんやけど笑笑笑
7,ヒカキンが青色の服着てると嬉しい
7,hikakinが生きてる時代に生まれてこれて良かった
7,本当に早く食べたい0日セブン回りまくります
7,絶対買いに行きます楽しみにしています
7,久々に見たらソファの人形がヒカキンだらけになってる
7,色んな人が先走った噂を流してて嫌だったけど0月0日が楽しみでも抗がん剤治療中で退院まだだから退院したらすぐ買いに行く
7,突然国家転覆やぁりましょうとか言われてもヒカキンさんなら株上がりそう
7,何かとドキドキするけどヒカキンさんの夢が叶うんだったら嬉しい
7,絶対に行く待ってろよヒカキン
7,ジジキンは天国で笑ってるヒカキンのゆめが叶ったから
7,うまそうだけど糖尿だからしばらく食えんごめんなヒカキン
7,うっひょー早く食べたいヒカキン最高
7,好きだったラーメンを作るなんてすごいな
7,ヒカキン開発とか向いてそう
7,ヒカキンさん早く食べたいヒカキンさんの人柄が皆さんが携わってれるんでしょうね
7,誰だよヒカキン宇宙にとか言ってた奴
7,ヒカキンいつもみてるよあいと0さいより
7,ヒカキンさん何百億って持ってるんだから0円くらいにしてよー
7,作ってるというか味見して文句言って作らせてるだけよねこういうの作るってのは自分でダシとって作って初めて持ってってそれを再現させるのがいいのに名ばかりラーメンでわなぁ購買意欲にはつながりませんぬ
6,小さい子はにんにくは刺激的に感じるかもとかそういう配慮ができるのがすごいと思う
6,マジで努力してるのが感じられる尊敬やわ
6,これだけ成功してても夢に向かって走り続けて実現させるとかカッコ良すぎる一人の人間として尊敬
6,全国で販売してくれるのめっちゃ嬉しいし絶対食べたい
6,絶対食べたいお腹すいた› ́ω‹
6,疲れたから休んだとかでもいいのにさこんなとんでもない発表するために休むとか視聴者想いの域超えてる
6,hikakinさんってなんでこんなに私利私欲みたいなのを感じないんだろうみんなを笑顔にしたいっていう思いですごくすごくこだわって作ったのが伝わってきてなんか泣きそうになっちゃった
6,努力が報われる瞬間はまさにこの事なんだろうなヒカキンさんおめでとうございます
6,本当にすごいひかきんは嫌味なところが全くなくてすごく好きです
6,早く食べたい絶対買うぞーっ
6,こんなに有名になってもまだまだ夢に向かって努力するヒカキン素敵すぎる
6,絶対買うこんなに苦労してまで本当にお疲れ様です
6,俺やっぱ純粋で何事にも本気なヒカキン大好きだわ
6,田舎はないかと思ったけど全国で嬉しい絶対買う
6,ラーメン好きだから嬉しいあと落ち着いたらちょっと休んでほしい切実
6,マジで努力してるのが感じられる尊敬やわ
6,あのラ王より高いのはびっくりだけど0円なら全然食べたい
6,夢の実現おめでとうございます伝えたいことが箇条書きなのがわかりやすく誠実でラーメン屋っぽくもある
6,自分的にはラーメンの方がそのときに食べたかったからおいしかった長文すいません
6,好きなことで生きていく報告前は視聴者の心を昂らせ報告後は自分の夢を叶えることで視聴者を喜ばせるやっぱhikakinさんは本物のyoutuberだ
6,0円本当にいつでも誰でも食べたいときに食べられる価格設定で泣ける
6,ちっちゃい頃からラーメン好きなんすよね
6,ラーメン好きだからまじ嬉しい
6,いつでも視聴者のこと考えていて本当にすごいと思う
6,hikakinさんこんなに有名になったんだもう尊敬
6,youtubeのみでここまで来れるって本当にすごいことだと思う
6,絶対にうまいそうに決まってる言うまでもないね
6,ちゃんと全国のラーメンを回るという伏線をはっていたと思うと鳥肌もんだわ
6,こっちも来たらちょっと高いけど絶対買う
6,やっぱりhikakinは人間性もパーフェクトだし表の人間としてもパーフェクトだと思う
6,白味噌も入ったベースのニンニクのパンチあるラーメンの味の意味がわかりましたニューミサ僕も大ファンですコレは試してみたい
6,絶対食べたいっ
6,本当にこの人youtubeで自分の夢全部叶えるんじゃないかなずっと応援するけども
6,ヒカキンの努力って半端ないここまで努力出来る事がすごい事
6,そのラーメン買いたくなります
6,なんか0年くらい見てるけど感動するわ
6,hikakinさんのこれまでの歴史と努力の結晶が詰まっててすごい体調も崩さないくらいに頑張ってくださいω
6,休止といえど結構働いてたのねいやすごいな食べるの楽しみすぎる
6,本当におめでとう夢を叶えられて本当に良かったね楽しみにしてます
6,hikakinまじでかっこいいよ夢を叶えていくその姿尊敬
6,絶対に食べたい
6,発売日が0月0日ってさドラゴンボール好きなことも込めて悟空なのかなって思ったけど偶然だよなぁ ́ω
6,濃厚味噌で香味油白味噌使用麺処くるりが本当に好きだったんだなって分かるわな
6,一年間夢を叶えるために頑張ってたヒカキンさん凄いし尊敬した
6,わかりみが強いですラーメンは人生です必ず買います
6,努力という才能かほんとに尊敬します僕の働いているところで販売させていただけること嬉しく思いますもちろん食べます
6,体質がらラーメン小麦粉が食べられませんがメシも出してくれたなんて心から応援いたします
6,号泣してしまいました本当におめでとうございますかっこいいです発売されたらセブンにいきますね♪
6,セブンイレブン無いから食べれないいつかセブンイレブン見つけたら入って絶対買う
6,私もラーメンが大好きでとても共感できました
6,発表するまで0分もかからないの流石ヒカキンって感じして好き
6,いつでも好きな事に全力なヒカキンさんやっぱり好きだなぁ
6,小麦アレルギーだからご飯あるの嬉しいお母さんにラーメン食べてもらおうヒカチャンよかったね
6,hikakinってほんとすげーわまじで尊敬
6,発売おめでとうございます食べるの楽しみです
6,予想外だったけどこれは絶対買う
6,本当にかっこいい絶対食う
6,味噌ラーメン苦手なので醤油か塩も作って下さい
6,買いたいけど売り切れてそう
6,凄いですおめでとうございます絶対買いますねっb ́ネッ
6,絶対売り切れなってるやろな
6,絶対に食べたいです感動しました
6,味噌キンカップメン食べたい0☆楽しみ♪♪
6,もう絶対買うんだけど
6,夢を叶えるヒカキンが僕は大好きです
6,俺やっぱヒカキン好きだわ
6,多分都会の方でしか流通してないと思うセブンイレブン行ったけどなかった
6,ぼくもラーメン大大大好きです夢が叶ってよかったー
6,ちょっと高いけど絶対買う
6,待ってましたヒカキンさんの夢の報告楽しみです
6,一年賭けたラーメン食べますね〜近くで買えるの嬉しい
6,尊敬する人物hikakinレーニンゴルバチョフ
6,hikakinさんが嬉しそうに楽しそうにしてて元気でるなーアレルギークリアしてたら買って食べます無理だったら誰かにプレゼントします
6,hikakinさんの作るご飯食べてみたかったんですめちゃくちゃ嬉しいですhikakinさんの夢が叶って良かったです
6,めっちゃ素敵ですね♪ラーメン食べますねナイスゥyoutuberが飲食に手を出す流れが出来てますね焼肉カレーパンラーメンありがとうございます♪あと唐揚げも食べてみたーい
6,家族みんなで食べるよ〜ヒカキンさん
6,醤油ラーメンも作ってくれませんか作ってもらえたらうれしくていっぱい買います
6,買いに行くね美味しそうもし叶うならヒカキンさんが着ているtシャツプレゼントキャンペーンしてくれますか
6,僕もラーメン食べて0万人にザーメンかけます
6,ヒカキンさんかっこいいと思う人↓
5,元スーパー店員が好きな商品を作れるまで有名になったのが本当に凄い
5,お店に行かなきゃ食べれないとかじゃなくてコンビニで買えるっていうのに優しさ感じる
5,自分の好きな料理を自分が手を加えて商品として出せるのって本当に凄いことだよなぁ
5,本当に真面目な方やな尊敬するわ
5,夢を実現させるのは困難でもヒカキンは努力でその困難の壁をぶち破ったほんと凄い
5,好きなことで生きているを体現したまさに偉人私たちに夢を与えてくれて本当にありがとう
5,本当にこの人尊敬する
5,ラーメン屋さんって入りにくいって思っていたからセブンで買えるのはうれしいです
5,ヒカキンこそ努力に努力を重ねたtheyoutuberって感じまじですげぇ
5,自身のメンタルの支えになってたラーメンに対してyoutubeで結果を出して恩返しするのカッコ良すぎて
5,辛いのが苦手な人にも配慮して幅広い層に食べれるようにしてるところが良いですねo
5,ヒカキンって報われるまで努力できるの凄いな
5,すっげって漏れた本当に尊敬できる人物です
5,好きなことで生きていくを貫き続けていて本当にかっこいい
5,こうやって夢叶えちゃうからhikakinはすごいよ
5,そういう事だったんですね夢を持って努力して叶えるなんて凄いです本当におめでとうございますこれからも応援してます
5,絶対買いますでも売り切れてそうで怖い
5,何にでも真摯な姿勢を崩さないんですよねそういう所が大好きです家族の分も買ってみんなで食べたいです
5,シンプルになんか感動した笑やっぱヒカキンってすごいな
5,ラーメン聴きすぎてゲシュタルト崩壊起こしそう0z
5,スーパーで働いてて商品売ってた側なのに自分がプロデュースして販売するの本当に感動する0日当日買いに行こ
5,こんなに本気で食べたいと思うプロモーション初めて
5,めちゃくちゃこだわり抜いて作られたのがすごく伝わりました絶対買います
5,僕らに出来る最大の応援は買って美味しく食べるこれに尽きると思ってます絶対食べます
5,これこそホントのyoutuberだと思います誰かのことを取り上げるわけでもなく自分の夢をちゃんと実行して視聴者にお届けする素晴らしいですhikakin
5,どんな事も諦めず前を向いて立ち止まらず頑張りつづけたら夢も叶うって教えてくれたヒカキンさんやっぱりすごいです
5,これは売れる未来しか見えませんね絶対買います
5,急上昇0位おめでとうございます0年かけてできたラーメンが買える日が待ち遠しいです
5,手に取るの楽しみにしてる
5,食べてみたいです楽しみ
5,嬉しいおめでとうございます食べたいすごい気になる
5,ラーメンに目をつけるとはセンスというかなにもかもスゴすぎてさすが神と呼ばれるだけある全youtuberびっくりしてんだろうなぁ
5,絶対食べる
5,美味しそう絶対食べます
5,やっぱhikakinさんは努力のが凄い
5,やりたいことをなんでもできちゃうそれがヒカキンの力短いお休みで休めたかなもうちょっと休みたいよね
5,セブンだけじゃなくてスーパーとかにもあったらすごい売れそう
5,天才って才能とかじゃなく好きな物にどれだけ取り組めるかなのかもな
5,本当におめでとうございます元気出したい時にたべよっと
5,泣けましたおめでとうございます0日セブン出勤なので必ず買わせていただきます出勤前に売り切れちゃいそう楽しみです
5,言いたいこと沢山あるけどとにかくおめでとうございます
5,夢を叶えることが出来るヒカキンさんを皆らいたい
5,めちゃくちゃ楽しみ美味しそうだから早く食べてみたい
5,絶対食べる
5,ヒカキンさんは下積みがすごいからここまで有名になって夢が叶ってくれるのはこっちも嬉しい
5,故郷のラーメン屋さんのくだりは涙出るね具材や調味料だけじゃない背景や思い出が何よりの美味しさに繋がる隠し味
5,ラーメンはラーメンでも味噌に限るよなぁ
5,ヒカキンはまさにお金∞努力を証明した男
5,すごく食べてみたくなりました見かけたら絶対に買って食べます
5,上手くいくか失敗するか分からんが絶対食べるわ
5,すごい興味あるラーメン0年間とは凄いですねでもほんとに何もしない期間を作って欲しいです
5,楽しみです早く食べたい
5,絶対食べなきゃ
5,シンプルに凄い本当に頑張ったんだなって尊敬できますね
5,hikakinさんみたいな色んなことに夢を見てチャレンジできる人になりたいと思った
5,感動しました絶対食べます
5,これは売り切れなるだろうなー買いたい名言食べ終わったら容器は綺麗に保存だほんと美味しそうで
5,絶対食べますね
5,美味そうー絶対買います
5,絶対買います
5,楽しみにしてる笑すぐ売り切れそうだね
5,絶対買いますとても感動した
5,絶対食べますψч☆
5,hikakinさんの血のにじむような努力が伝わってきますわ
5,hikakinさんの元気が出て嬉しく思います
5,やはりラーメンは僕たちにとって最高なものですよね
5,絶対買います
5,絶対食べよ
5,市ヶ谷の旧くるりが好きなの同じだし味噌だし楽しみ過ぎる
5,涙出てきた絶対食べます
5,食べるのが楽しみです娘にも食べさせてあげたいです
5,地元に味噌吟とゆうラーメン屋がある
5,絶対おいしい買いますね
5,絶対買いにいくー
5,めっちゃ美味しそうですね絶対買います
5,こんな素敵な人本当に居ないしもうほんと大好き頑張ってほしい
5,絶対買いに行きます
5,絶対に買います
5,絶対買います
5,ニンニクが効いた味噌ラーメンは食堂ミサイメージかな
5,やっぱhikakinだわおめでとう
5,絶対買います
5,絶対買います夢がかなって良かったですね僕までもうれしくなりました
5,絶対買います
5,絶対明日食べる
5,0月0日絶対見つけたら絶対買いに行く
5,すげぇよヒカキンさんそしておめでとうこれからも応援しています
5,絶対買います
5,0日前で0万回再生えぐすぎだろ世界のhikakin
5,ヒカキン急上昇一位おめでとう
5,みそキン必ず買いに行きます行く時間であればいいけど
5,ずっとドキドキして待ってましたヒカキンさんの夢が叶うのなら心から応援したいです
5,絶対買います
5,絶対買います
5,絶対買います
5,絶対買います
5,え絶対食べますありがとう
5,絶対食べます
5,初コメどのyoutuberが食レポしてくれるんだろう忖度なしで私的にはサッポロ0番味噌ラーメンを越えるかどうか
5,ヒカキンさんのことやからしおきんつけきんすでに準備しとると思います
5,頑張ってくださいぼくも絶対食べます
5,おそらくしばらくお目にかかれないと思うので世間が落ち着いたら食べます
5,絶対食べます
5,夢がついにだなおめでとうヒカキン
5,hikakinプレミアムおめでとうございます
5,絶対食べる
5,絶対買います
5,youtube黎明期から変わらない安心感のあるコンテンツを続けているhikakinさんに拍手を送ります夢の取っ掛かりがかなったのでこの夢を更に大きくしていってくださいいつまでも応援してます
5,ヒカキンさんおめでとう
5,ミサの味噌ラーメン
5,味噌をこだわるとか具体的なコンセプトがないゆえどんなものを作りたいのかよくわからなかった
5,感動しました絶対買います
5,好きだけどなんかお金配るのは
5,ヒカキンの癖に廃課金だな毎回散財しすぎ
5,毒入ってるから食べ無い方がいいろ
5,hikakinさんこんどでいいので薬品のシャンプーとリンスとボディーソープを作ってくださいよお願いします
5,ヒカキンの癖に廃課金な行動するな散財しすぎ
4,この人は周りからすると小さな事に見えることも好きな事に諦めず取り組み続けてこうした結果を残せているから尊敬します希望の星です
4,本当にこの人は努力が凄いな
4,たいしたファンでもないけどなんか涙出るね
4,この努力は絶対報われるファイト
4,下積み時代も諦めず努力した結果これなの最高すぎて大尊敬
4,店をひらくなら遠すぎてヤバい青森だからだけどコンビニなのがいいしお手頃価格なのがいい
4,夢があってもなかなか叶えられないことが多い中それが叶うだけでも凄いですそれだけでも感動です本当に夢を叶えることが出来て良かったですねおめでとうございます
4,0年前からbgmも変わってない純粋にビロガーで商品紹介をしてたヒカキンと何も変わってない最高なyoutuberだわ
4,休むじゃなくてシンプルにすごいことしてる本気度がすごく伝わる
4,夢を持つこと自体は誰にだってできるけどそれを叶えることはそれだけの努力をした人しか出来ないほんとに凄い
4,ラーメン作るためにダーツの旅やってたとしてもあれは辞めないで続けて欲しい
4,塩や醤油豚骨のバージョンのラーメンも出してほしいなー
4,グッズじゃなくて自分自身のラーメンを出すなんて凄いです
4,同じ新潟県民として全力で応援し続けます頑張れhikakin
4,発売されたら即食べたい
4,具材がくるりのラーメンぽいのも感動でしかない笑
4,0年もかけて研究されたラーメンを0円で味わえるってめっちゃお得だなぁ
4,初期の頃から忘れられないものってめちゃくちゃいいよねぇ〜しかもそれが実現出来るなんてロマンあるわ〜本当におめでとうございます
4,発売したら食べたいですねでもすぐに売りきれそう
4,ただ休んでただけじゃなくて頑張ってラーメン作ってたのは感動
4,うわあすごく感動してなんかうるうるしましたこんなに頑張ってる人がいるから私も頑張らなきゃなって思います
4,こんな美味しそうなのコンビニで買えちゃうのすごい早く食べたい
4,こういう時のhikakinあるある→ファンが心配するような事じゃなくてむしろ応援するようなことしかない
4,塩ラーメンだとしおきん豚骨ラーメンだととんきんじゃあ正油ラーメンだとせいきんになる
4,youtubeもやってて忙しいはずなのに0年くらい努力してんのはすごいなと思った必ず食べます
4,いつかラーメン屋さん作りそう
4,変なアパレル系に走る奴も多い中ラーメンで勝負を仕掛けるってのは素晴らしい
4,叶えたかった夢を実現するためにyoutube活動で忙しい中でもこだわりながら商品開発してきたって本当にすごい
4,なんか泣けてきたよヒカキンさんあなたはほんとにyoutube界の宝だよ
4,なんかめちゃくちゃラーメン食いたくなってきた
4,早く発売されないかなー早く食べたい
4,こだわってる理由がもし上辺だけだったとしてもやさしすぎる
4,一切妥協しないこの人の出すラーメンなら味も期待出来そうですね後は値段か
4,youtube続けながらもこれを着々と進めていたと考えると本当にすごい
4,本当に凄い努力の賜物ですね
4,早く食べたいなー発売日が待ち遠しい
4,発売日に絶対買う
4,ラーメン何回も買うからとりあえず0週間ただただ休んでほしい
4,人の夢が叶うのを見るのは最高hikakinなら尚更
4,熱湯入れたら0分じゃなくて0分待つのかさすがヒカキン全てがオリジナル
4,息子と一緒に食べたいと思います
4,やりたかったifルートを同じ人生でどっちもやってるの凄すぎる
4,発売が楽しみすぎて毎日見てます見れば見るほど美味しそう
4,口角が上がるラーメンってすっごくいい
4,夢叶ったというより叶えたの凄い買います楽しみ〜
4,ヒカキンさんありがとう一般庶民が手を出せる商品を作ってくださってこれで高級なものだったら買えませんでした
4,ほかのyoutuberとは違ってラーメンなのいい
4,好きなことにほんと全力一生懸命な方観てて面白いし楽しい尊敬沖縄でも販売あるかな
4,体を休めるための休みも必要だけどだだの休みじゃなくて自分のやりたいことに集中するための休みってかっこいいな
4,うわわ美味しそうすぎる絶対買う
4,パッケージのデザインもセンスあって素敵ですね下積み時代も人生が変わるその日もラーメンと共に感動的です
4,休止理由もヒカキンらしくて応援したくなるなぁ
4,ええすごい買いに行くーおめでとうございます
4,ラーメンダーツの旅は伏線だったのか
4,僕の夢は記憶がある時に東京に行く事でしたヒカキンと共に夢を叶えられて嬉しいです
4,ニューミサのラーメンはほんとおいしい
4,ヒカキンさんのガチファンだから泣くくらい嬉しい一生買う
4,ヒカキンのことだから妥協せず真っ当に頑張ってこだわって制作したんやろな
4,hikakinさんの真剣さがこっちにまで伝わってきて感動しました元々スーパー店員で僕の人生の諦めない部分をhikakinさんが救ってくれましたありがとうございます
4,夢を叶えられるって凄い事だな自分の好きな食べ物を商品として出せるなんて凄い
4,このままいけばヒカキンさんも0日で0万再生いけるぞ
4,もうhikakin教科書に載ってもいいレベルだろ
4,hikakinから溢れ出る優しさに泪がでる
4,最初のオープニングをhikakintveveryeekでも許される
4,hikakinの商品だから買わなくても安心と信頼があるのやばい
4,ラーメンって言った瞬間吹いたひかきんおもろいわ
4,ラーメンダーツの伏線かも知れない
4,夢を叶えようと努力して叶えるってすごいことだと思う
4,ラーメン製作の関係者から情報もれなかったの凄いな
4,夢を叶えられて良かったですねおめでとうございます諦めなければ夢は叶うセブンで出会ったら買います
4,早く食べたい早く発売しないかな〜
4,食べるの楽しみ〜
4,ケースで予約しました来るの楽しみ食べるの楽しみ
4,0番びっくりしたのがhikakin様の書道が想像以上に上手かったこと
4,今までと全く違うトーンのヒカキンさん感動しました
4,ラーメンでまさかこんなに感動させられるとは思わなかった
4,グッズ系じゃなくてラーメンメインなのが個人的に嬉しい
4,発売決定おめでとうございます0月0の発売日に0つとも買いますこれからも応援してます頑張ってください
4,いっそのことラーメン店作りそう
4,本当におめでとうございます本当においしそうにすすりますねごはんもとっても美味しそうです
4,ヒカキンさんの夢が叶うと見ている自分も嬉しくなってきます
4,何度も繰り返し観ています観ているだけで気持ちが幸せになるhikakinさんありがとう
4,はよ食べたいおめでとうございます夢を叶えていく瞬間をこうやって見ることが出来て同じ時代生きれて幸せです刺激もらいました
4,めっちゃくちゃうまそうマジでヒカキンさんは凄いなぁ
4,買いたい近くにセブンあるから買える
4,0年間やってて初めての休みきっといいご報告だと思うまじ楽しみ
4,ラーメン0円か買う穴確定演出
4,ラーメンいいな
4,youtube活動だけでも忙しいのに他の夢も叶える事が出来るヒカキンさん凄いです
4,なんかhikakinが幸せそうで私もうれしい
4,ラーメン美味しそう
4,これがヒカキンがの視聴者側へのドッキリだとしたらマジで笑える
4,みんな触れてないけどロゴの字書くの美味すぎん
4,このラーメン青森でも売りますか食いてえ
4,ラーメンアピールするために0週間休んでて草
4,ラーメンダーツはこのための伏線か
4,ラーメンがゲシュタルト崩壊した
4,ヒカキンの元気な姿が見られるのは嬉しい
4,ラーメン最高
4,くそー食べたいのに近くにセブンがないあったとしても二時間かかる
4,hikakinさんが幸せなことならこっちも嬉しい気分になれる
4,まだなんかわからんけどおめでとう
4,ヒカキンってすげーなー
4,00この若かりし頃のヒカキンちょっとカッコいいの草
4,ヒカキンは期待を裏切らない
4,だめだ商品のヒカキンがもこうにしか見えない
4,ヒカキンのいつもの癖ならみそおって名付けそうなのに
4,同じ地元民ですやっぱりミサのラーメンですね
4,↓hikakinが休んでいい日にち
4,ラーメンの旅してたもんな
4,おい休めよラーメンは食っとくから
4,ねつ伝わってきましたおめでとうございますぜったい食べます
4,嬉しいけどこの人の休み少なすぎ
4,ヒカキン習字上手い
4,ラーメンか
4,ヒカキンあんたやっぱすげぇよ
4,こんな期待したラーメンねえよ
4,この度わたくしヒカキン眼鏡を新調しました
4,ラーメンゲシュタルト崩壊した
4,oロo0わぉ0月0日の発売日私の誕生日だわセブンに買いに行きますね
4,ヒカキンさんは生きる伝説
4,次はラーメンチェーンですね
4,ラーメンゲシュタルト崩壊したわ
4,じゃあ次は卵とネギを使ったラーメンを作ってください
4,楽しみ食べます
4,0人で成り上がってきたヒカキン素敵
4,久しぶりにヒカキンポイント聞いた
4,hikakinの夢が叶うのならいくらでも休んでいいのよ
4,ミソキンラーメンの残り汁にご飯いれたらミソキンメシにならんの笑
4,ヒカキンは留まるところを知らない
4,ぼくもラーメンだいすきです
4,hikakinさんやっぱ凄いわ誰でも手に入れられるコンビニでの販売嬉しいです
4,僕の誕生日にヒカキンが精神的におかしくなりそうだったのほんと草
4,ヒカキンさん頑張ってくださいずっと応援しています
4,hikakin自分で自分を超えちゃったかな
4,ぼくの将来の夢はyoutuberとラーメンを作ることですまさかの同じ
4,ヒカキンさんもし可能でしたらtシャツ再販希望しますωペコリン
4,hikakinさんが監修したやつなのかなすげぇ
4,ヒカキンさん素晴らしいですね
4,0万個は売れるだろうねってなるといくらの儲けなんだろヒカキンに0億くらいは入ってくるのか
4,hikakinさん醤油味も作ってくださいお願いします
4,明日から発売ですけどちゃんと手に入るかなーすぐ売り切れてたりして
4,ヒカキンお前すげぇよ
4,ヒカキンさんがんばってください
4,ラーメン三杯いただきやす
4,trendhikakinpoint久しぶりに聞いた
4,ラーメンは買う休んで
4,そうだったのか僕もうれしいしヒカキンさんもうれしいのか
4,hikakinさん頑張ったな
4,hikakin同接0万人どりゃああああああああああああああああああああああああ
4,ヒカキン字上手いね
4,味噌味きいて本当に美味いの
4,なんぼラーメンってゆうねん
4,ヒカキン習字うまい
4,コンビニでかえるのうれしいよありがとうヒカキンカッコイイだいすきたべたらいれものかざっとくよ
4,hikakin‘spoint0億0万点から挽回
4,幼なじみyoutuberhikakinさんマスオさん
4,食いたいけどたけぇよ
4,果たしてサッポロ一番みそラーメンとどっちが美味いのか
4,hikakinさん私に希望を与えてくれてありがとうございます私も頑張ります
4,0円拾いやしたラーメン三杯いただきやす◎
4,ヒカキンさん今年セイキンさんとの曲作らないんですか
4,00秒のヒカキン
4,ラーメンの方が美味しかったです
4,私ヒカキンの誕生日のまえがたんじようびです
4,ヒカキンさん0年前ゲーマーと言いましたよね
4,0万なんて売上だけですぐ回収できるのよhikakinはだから大したことない
4,うへへ0円広いやしたラーメン0杯いただきやす◎
4,ヒカキンゲームズのホームから来た人
4,ラーメンとカップめしはくどくないんですか
4,ヒカキンのバ力舌具合が露呈するいい機会
4,何事かと思ったらラーメンで草0円も出すならすみれでええわ
4,開発チームに作ってもらってよく自分のラーメンだって豪語できるね
4,お前が実際ラーメン作って客に対して永遠と対応するなら応援する裏切るなよ
4,誰がやっても同じだろヒカキンである必要性がない
3,夢を実現させることが出来るのは努力し続けたからなんよなぁマジで尊敬する
3,0ヶ月でも休んでくれてよかったくらいすごいことしててほんと尊敬する
3,一週間休むのが夢でしたとかでも全然納得
3,好きなことで生きていくを実現させた漢かっこよすぎる
3,本当に幸せそうな人を見るのってこっちまで幸せな気持ちになるからいいよなぁ
3,これはさすがに食べたい
3,早く食べたい
3,どうでもいいけど0時間で0万回再生はやべえな
3,早く食べたい
3,本当にこだわりを感じる
3,コンビニで見かけたら絶対買うしかない
3,本当に向上心が止まらないなこの人は
3,めっちゃ美味しそう食べてみたい
3,商品紹介を主にやってたyoutuberがこうして今自分の商品を紹介してるのほんと感慨深い
3,人気出て買えなさそう食べたい ́
3,発売が楽しみすぐ売り切れちゃいそう☻☻
3,絶対買う出来ることなら店も出して欲しいね
3,好きなものを自分の商品にしちゃうっていう偉業ほんとにすごい0年かかったり活動休止になるのも頷ける
3,売り切れたら終わりとかじゃ無くどんどん作っていつでも買えるようにしてね♪
3,食べたい
3,絶対うまいね言うまでもない
3,ガチお腹空く早く食べたい
3,活動の休み時間が夢を追い続けていた時間とかカッコよスギル
3,自分の予想のお店出すんじゃないかなと思ってたちょっと異なってましたただ是非とも食べたいです
3,自分の好きな商品を自分で監修して商品として販売できるなんてすごいな
3,どこかに行かないといけないとかじゃなくてどこでも手軽に買えるってのが神夢叶えれて良かったです
3,夢を叶えるために頑張ってきたことが本当に素晴らしいです
3,食べたすぎる待ちきれない
3,辛い事を乗り越えた人だけに娯楽が待ち構えてるんだな
3,前回より明らかに彩度上がってる
3,試食してる姿やパッケージのこだわりを語る姿がもはや有名店の凄腕ご主人感があってかっけぇ
3,めちゃくちゃ美味しそう早く食べてみたいo
3,早く食べたいです
3,これはこれは努力の結晶でしかないですねぜひ見かけた際は食べて見ます
3,美味しそう食べたい
3,ここまで言われたら絶対たべてやる
3,ご報告系youtuber最近腐るほどいるけどやっぱプロyoutuberのご報告の内容は訳が違う
3,食べてみたいです
3,これは素直に食べたいそう思える熱量でした
3,早く食べたい〜
3,はやく食べたいわ〜о ́о
3,活動のおやすみ期間も動いてるのはもうよー分からんくらい動くやんたくさん寝て
3,えスゴすぎるほんとに尊敬しますこれからも頑張ってくださいでも体調には気おつけてください何時でも応援してます
3,あんなしっかりもやし入ってることあるんや
3,発売楽しみにしてます ́出来たら違う味もお願いしますmm
3,食べたいー
3,商品紹介を主にやってたyoutuberがこうして今自分の商品を紹介してるのほんと感慨深い
3,売ってあったら絶対買う
3,絶対買う
3,ふむふむ品薄になる前に絶対買う
3,絶対買ってやる〜
3,早く食べたいなあ
3,美味しそう発売日楽しみです
3,0個ずつ買いたいなぁー
3,youtubeやりながら0年これを作れたのはすごいと思う
3,台湾ででもでも買いたい
3,言うこと忘れましたとか言っても全然許せる
3,どんな報告でも応援することに変わりはないんだけど全国ツアーだといいなぁー♪♪
3,普通に美味しそうだし一般市民に気軽に手に入りやすくて凄くありがたいです買いますね
3,めちゃ早く食べたい
3,絶対手に入れる
3,夢を叶えるその力凄すぎです尊敬
3,絶対買うぞー
3,絶対買うぞ
3,カップメシの方0食目からはチーズ入れて食べてみたい
3,誰でも手に取れる価格帯ってのもありがたい必ず買って食べますそしてみんなのコンビニ紹介気になりますね
3,食べたい
3,めっちゃ美味しそう絶対買う
3,応援しとるで絶対買うわ
3,両方とも必ず購入しますっ発売日が楽しみ
3,早く食べたい
3,わー食べたいー
3,絶対買う
3,早く食べたい
3,この人はたった一週間の休みのために盛大にみんなのことを考えてるんだなこの人こそ本物の聖人だ
3,色々考えていることが好感持てるまだまだたくさん好奇心いっぱいワクワクしかない
3,絶対買うのだ〜
3,0時間で0万再生超とはどれだけヒカ様の復活を心待ちにしてる人が多いか分かる
3,プルルルルルルルルルルルが過去一気合い入ってる
3,早く食べたい
3,つよぽん絶対に0月0日買ってみようかな超美味しそうだね
3,わーいいぇーーいおめでとうございますコンビニで買えるの嬉しいです楽しみー
3,早く食べたい
3,夢を叶えることも凄いけど夢が叶う方の瞬間を共にできることは一視聴者としてとても喜ばしいです
3,頼む復活にしてくれ皆あなたを待ってるんだよ
3,早く食べてみたい
3,味噌ってのがいいですね食べてみます次あれば豚骨も期待してます
3,美味しそう食べたい〜
3,第二弾とかでシオキンとか作って欲しい
3,絶対買う
3,夢かなって良かったねおめでとうセブイレに並ぶの楽しみに待ってます
3,父に0年育ててたアロエ捨てられてショックだったけどなんか元気出た
3,めっちゃ食べたい食べてみる
3,セブンに行けばあるのよね売り切れるかな買いに行こ〜
3,みんなあんま触れてないけど習字上手ない
3,おーまいがーー絶対買う
3,発売楽しみにしてます
3,まじうまそーはやく食べたいぜ
3,食べたい
3,絶対買う
3,絶対買う
3,食べたい
3,絶対買う
3,待ち遠しいです早く食べたい
3,絶対買う
3,買いたい
3,美味そうだなぁそうに決まってる
3,ずっと商品紹介してとうとう自分の商品ができたんですねおめでとうございますセブンのオーナーなのでたくさん発注しますね
3,早く食べたいよー
3,絶対に買う
3,食べたい
3,絶対買う
3,美味しそうですね発売が楽しみです♪
3,食べたい
3,絶対買う
3,美味しそう食べたい
3,いつかブタキンてきなやつも食べてみたいな
3,もやしが入ってるって珍しくね
3,しょうもなってコメントちょくちょくあるけどこれのどこがしょうもないのか説明して欲しい笑笑
3,これは絶対買う
3,絶対買う
3,品切れしまくってる未来が容易に想像できる笑
3,食べたい
3,けどなんか美味しそう
3,一度は食べてみたい
3,みそキン早く食べたい
3,いいねの数×0個買うわ絶対いいね来ないだろうし笑
3,見てるだけで腹減ってくるわ
3,人気過ぎて即売れきれそう絶対買う
3,000えっ凄っ絶対に買う
3,食べてみたいてかコメ欄に未来人現れてて草
3,楽しみすぎて昨日から寝れんかったわ
3,めっちゃ食べたい食べたい食べたい食べたい食べたい
3,想像の斜め上でビビった絶対買うわ
3,絶対誰も予想しない結果で草
3,絶対たべる
3,これからこちらの新商品のpop作りをさせていただきますセブンイレブン社員です売り切れそうわたしも食べます
3,絶対たべます
3,食べたいです
3,絶対買う人↓
3,絶対買うしかないだろー
3,食べたいです
3,誕生日だ絶対買う
3,当たりでたらせめてtシャツとかあげたら良いのに笑
3,絶対たべる
3,しおきんとしょうゆきんも食べたい
3,次は塩キンとか出してくれるのかな
3,休んだけど休んでなくて草
3,絶対買うから
3,おめでとうございますかならず買いに行きま
3,発売されたら両方食べます
3,おめでとうございます今度食べてみますね
3,うまそうだけどちょっと高そう
3,サムネ変わってる
3,絶対買うは
3,こだわるなら人工甘味料とか使わないで欲しかった
3,食べてみたい人
3,買わないわけないなぁそうに決まってる
3,見付からないそれほど売れてるのか
3,休むほどのことかよく解らない
3,絶対かぃますoooどっちとも
3,おいフレンチ見てるか
3,たべたいたべたいたべたいたべたい食べたい食べたい食べたい食べたい食べたい食べたい食べたい食べたい食べたい食べたい食べたい食べたい食べたい食べたい食べたい食べたい食べたい食べたい食べたい食べたい食べたい食べたい食べたい食べたい食べたい食べたい食べたい食べたい
3,偏見だけどさこういう体型の人が作ったものって美味くない
3,税金対策も兼ねてるのかな
3,アンタ味見してるだけやん
3,絶対買う人↓
3,美味しくなさそう買うけど
3,体に悪いので買いません
3,いや報告こんなことかよ
2,内容がなんであれ夢を叶えるってのは普通の人ではなかなか成し遂げれないことだからほんとに凄いと思う
2,単純に小麦アレルギーで麺が食べられないからカップ飯あるの嬉しい
2,視聴者を楽しませるために頑張ってて好き
2,好きなことにここまで全力を注げるのも聖人と呼ばれる0つの理由なのかもな
2,好きなものがあるって大切なことなんだな
2,00ここで無駄に謙遜しないで0億点を自分に送るのすごく好き
2,これだけ夢を叶えた人なのにまだ叶えたい夢があったなんて凄すぎる
2,これこそ好きなことで生きていく
2,こんなに成功してもちゃんと辿ってきたことを忘れてないところがとても好きです
2,同年代でハモネプやってたって思うといつも鳥肌というか感慨深くなりますˇωˇ
2,下積み時代ほんとうにしんどそうなのにここまで頑張って夢叶えてて尊敬します
2,これだけの成功を収めているのにまだ夢を追う姿勢が好きです
2,お金を考えないで自分がしたいことできるのは努力の賜物だな
2,実質全く休みではないの草純粋に尊敬できるわ
2,好きなことをして生きていくのがyoutuber
2,好きなことをして人生を楽しんでいる姿に私も頑張りたくなる気持ちが出たよyoutuberの鏡だよ
2,内容がなんであれ夢を叶えるってのは普通の人ではなかなか成し遂げれないことだからほんとに凄いと思う
2,自分のやりたいことを全力で出来るのカッコよすぎる
2,好きなことで生きるってこうゆうことなんだなぁ
2,心からおめでとうを言いたいですほんとに自分の夢を次から次へと叶えていて憧れでしかないです僕も頑張ります
2,ほんとに尊敬する
2,すぐ買いに行く
2,自分のやりたいことをずっと貫いてんのすごすぎるこれが本物のyoutuberか
2,夢が叶ってすごく良かったですね私たちも夢を諦めずに頑張りたいと思います
2,買います
2,ガツッとくるカップ飯楽しみ
2,世の中の色んなものを見たり食べたりしてきた人がこれは良いと思って作ったものたち興味あるわ〜
2,早く食べた〜い
2,大好きなものを磨いていくその姿大人の私も勇気づけられるかっこいい
2,いよいよ明日かホント楽しみ
2,食べたーい
2,この人のこだわりましたほど説得力のあるものは無いよねめちゃくちゃ楽しみ
2,マジで楽しみ
2,食べたーい
2,めっちゃ美味しそう ́••0つとも買います
2,自分の夢のために活動をお休みは全然いいと思う自分の夢を誇りに思え
2,自分の夢を追うという事は凄く良い事とだと思う
2,食べたくてウズウズ
2,自分が好きなものを自分が満足するまでつきつめて作れるって素敵
2,夢を実現することはとても難しい事を叶えるってすごいと思いました0月0日コンビニで探します
2,メンマ好きにはたまらない
2,やっぱ好きやわ
2,ほんと好き
2,そんなことだろうと思ったコンビニ行って買いますねー
2,お休み頂いてありがとうございますって上の立場になったにも関わらずほんと謙虚だよね尊敬する
2,必ず買います♪美味しそう
2,食べなきゃ
2,努力が凄すぎて俺も頑張ろう
2,麺の太さが大好きな太さだ
2,食べるしかねぇこのビックウェーブに
2,これは売り切れで買えなくなるないつ食べれんのか
2,買いに行きます
2,どんな報告かめっちゃ楽しみ
2,どんな結果でも大好きだよ
2,めちゃくちゃ美味しそう食べます
2,マジで気になって夜しか寝れなかったから楽しみだわ
2,セブンイレブンのオーナーやってますおそらく特発で発注上限かかると思いますが上限いっぱい発注させてもらいます
2,いいねの数だけそれぞれ買います
2,やっぱり一周間はえーな楽しみ
2,もしかしてこの味噌はヒカ菌から作られててすごい美味いのか
2,楽しみです
2,コメ欄に既に食べた未来人いて草
2,おー買います
2,夢の味買います
2,買いますおいしそう
2,この人ほど純粋な人おらんと思う
2,両方買います
2,買いに行きます
2,とりあえず食べまーす
2,美味しそうやばあ夜の0時食テロすぎぜったいたべる
2,好きだけで夢が叶うんだなぁ
2,00ここ好き
2,好きです
2,大好きです
2,素敵ですね食べてみますね
2,美味しそうに食べますね〜
2,0月0日めっちゃ楽しみ
2,これは食べる
2,はやく買いにいこ
2,彼は好きなことを継続しているようだだからこそフォローしなければいけない
2,今度食べに行く
2,マジでうまそう食べてーーーーー
2,アレルギーがあるから食べられない
2,買います
2,実は広島市中区に私の父親のお姉さん夫婦が第0店舗寿々女すずめを広島市中区舟入へ開店してます良ければ食べに行って下さい
2,こだわっていたのでしたらセブンイレブンさんでなくても
2,フラゲして食べてみたくどかった水必須
2,買います
2,食べるね
2,そんなにらこだわったのに期間限定なんでしょもうお店出しなよそうしないと食べる人の本当の笑顔は見れないよ
2,いいねしてくれたぶん買います
2,ラ王買います
2,食べたら頭おかしくなるよ
2,まずかったもう買いたくない
1,店舗じゃないところがまたyoutubeの身近さを感じましたなんか泣きそうになったおめでとう
1,いやすごすぎるわyoutube活動だけでも忙しすぎるのにその合間を縫って自分の夢を叶える活動をするなんて
1,夢を叶えるの裏にはとんでもない努力があることを改めて知れる
1,努力し続けたらやっぱ夢叶うんだな
1,夢が叶えられて凄いこの努力は見習わねば
1,0日たった今でも急上昇入ってんの凄すぎ
1,味噌味以外も出してほしい
1,ポジティブな報告なのかネガティブな報告なのか事前に言ってくれるのを本当のありがたい心持ちが穏やかで見られる
1,商品紹介のプロが自分の商品を紹介するのすごい
1,セブンイレブンに販売するというのもまた身近に感じられるからすごくうれしい
1,これみながら食いたい
1,これが全国のセブンイレブンに並ぶのはこちらとしてもすごく嬉しい
1,g明けに発売してくれるから連休明けのショックを和らげてくれているね
1,夢を実現させることができるなんてすごい
1,努力は人を裏切らないとはこのことなのか
1,早く発売してほしい
1,スーパーで商品を並ばせる側だったのが並ぶ側になったのが凄すぎる
1,凄すぎてもう凄いしか言えなくなっちゃった
1,後半情熱大陸のような感動が発売心待ちにいています
1,本当の予想外すぎて困惑しながら普通に嬉しい俺がいる
1,結構マジで少しでいいから休んで欲しいとりあえず夢叶えられておめでとう
1,鳥肌とニヤケがとまらんなんかすごい
1,なんか涙出たおめでとうございます
1,おめでとうo゚▽゚o
1,ほんとに努力の積み重ねが遂に実った感じが伝わります
1,セブンで出してくれるの嬉しい田舎者でも手が出せる笑
1,おいしそうすぎる
1,自分の商品作ってたの凄てか休みじゃないじゃんまぁ自分のしたいこと実現できることってやっぱすっごくカッコイイこれからも頑張って下さい応援してます
1,これだけ影響力ある人は何を発売してもすぐ大好評になりそう
1,沖縄では発売されないのね
1,自分も夢に向かって突き進んでさらに実現させるような人になりたいな〜
1,なんかもうなんかすごいの語彙力
1,夢をちゃんといつも叶えていくのがかっこいいおめでとうございます
1,努力の結晶
1,発売待ち遠しい
1,もう一つの夢だったかっこよすぎ
1,もー映画にしていいぐらいすごい
1,ずっと夢を持ち続けるって事がすごい普通は一つの事で満足しちゃいそう
1,これは売れる口角が上がる感覚わかりますさっそく0日からセブン見てきます
1,めっちゃ買ってみたい
1,勝手に期待しといていざ発表した時文句言うのは違うだろ素直におめでとうでいいでしょ
1,おめでとうございますとても美味しそうでアメリカでも買えたら嬉しい大ヒット商品になって海外進出もできますように
1,味もこだわってそうちゃんと美味しそうなので期待
1,この人はマジで凄すぎるよ
1,改めてすごい人だなと思った
1,復活おめでとうございます最高
1,この量で0円オーバーは高すぎだろ
1,おめでとうございますたくさんたくさん売れますように
1,あまりにも本気すぎて勝手に感動した
1,一週間お休みしてまあ当たり前だなと思ったら頑張るためのお休みだとはさすがすごすぎるちょっとはお休みしてくださいね長文失礼しました
1,0年かん両立しとるのすごすぎます
1,すごいめっちゃ売れそう
1,0時間で0万再生に迫るのはさすがすぎる
1,急上昇0位おめでとう ́ωノノ☆パチパチ
1,ポイントつける側からつけられる側になったの凄すぎ
1,セブンないんよなー生協かイオン系列で売ってたら買う
1,コンビニで買えるのが嬉しいです夢を叶えるってすごいです
1,ミサは小さい頃行ってたな玉ねぎ甘めで味噌と合う懐かしい
1,プレミア公開の時コメントで文句奴多すぎて悲しくなったわ素直に祝ってやればええやんけ
1,お疲れ様ですまた会いたいですthejapanesegirlgroupilldebutonmay0rdthenameofthegroupismoonchildcomelistentothesongpeopleallovertheorldpleasesupportusbybecomingafanbeitchingandcuteitscoolagainsoidontgettiredofitletscomeandsingintheorld
1,信頼がやばすぎて買おうって自然と思った
1,0日か0日にって言っていてしっかり0日にあげてくれるところが本当流石すぎる
1,てか0日で再生されすぎだろさすがyoutube王
1,セブン店員のわい納品まで待ちきれない
1,おめでとうございます夢が叶ってよかったですね
1,セブンイレブンの社員誰も情報漏らさなくて草
1,おめでとう
1,報告長すぎて校長先生かと思っちゃった
1,サムネ明るいから良い内容だと信じたい
1,セブン店員だから買おー
1,すごすぎて草
1,はやくたべたい
1,おめでとう
1,早く食いたいなー0月0日速攻で買うよ飯も
1,これは食いたい
1,応援したいから買う〜売り切れちゃうかなあ
1,現在イギリスに住んでいますが両親に頼んで送って貰います改めておめでとうございます
1,スゴすぎる
1,発売日がわいの誕生日なのがワロタ
1,ひかちゃんおめでとうございます
1,この人はすごい
1,おめでとうございます
1,発売してしばらくはずっと売り切れてそうだな笑笑毎日通うか
1,おめでとう
1,すぐ売り切れそうおめでとうございます
1,おめでとうございます
1,腕組んでたらだいたい美味い
1,00れさキャラだありがたい
1,セブンにしかないのか
1,セイキンさんおすすめシールを貼って発売してほしい
1,しおきんもほしいなんにせよおめでとうございます
1,みそキンぜったい買う
1,おめでとうございます
1,やばいクレーマーみたいなポーズ
1,ちょっとたべてみたいです
1,かいたい
1,おめでとうございます
1,ひねくれコメ多すぎやろ笑夢を叶えただけなのに
1,味噌キンぬいぐるみはどこでgetできますか
1,0月0日の日セブンイレブン行かねば
1,ぜったい並ぶ
1,ぜったいかいます
1,腹えぐすぎやろ
1,ぜったいたべる
1,高すぎやな
1,いつから発売するんだよー
1,安すぎ
1,え発売日誕生日なんだが
1,セブンプレミアムかよ
1,発売日俺の誕生日とめっっっっっちゃ近い買ってもらお
1,よっしゃちょっとセブン買ってくるわ
1,手前味噌系ユーチューバー
1,ぜったいうまい
1,何時発売なの
1,ぼくはごさいですたべたいです
1,セブンイレブンって時点で買う気せん
1,たかが0年片手間で修行笑したのを商品化してお情け商売してんの面白すぎる
1,ぜったい買う人
1,さんびゃくえんたかすぎだろ
1,努力アピールのゴリ押しで購買意欲を搾取するな結局は味に帰結するだろ
1,お金持ち始める献呈的な人調子にのりすぎだわでも売れるといいですね
0,◆プレゼント企画ツイートはこちら↓
0,店舗を作るんじゃなくてそれなりに誰でも手に入れられる商品を作ってくれるところに言葉に上手く出来ない優しさを感じる
0,時代に残るものを明確に作れるってのは誰にでも出来ることじゃないよすげえなあ
0,店舗出すより賢いかもしれないスタッフも店舗もなくても成り立つ
0,すげぇなぁやっぱ出来る人は何に手を出してもやり遂げるんだなぁ
0,もはやyoutuberがやることじゃないすげえなあ
0,頂点がこの人で良かったと何度思えばいいんだろうか
0,自分のやりたかった事が出来てよかった何事にも頑張って欲しいな
0,泣きそうになるくらい相変わらず感動しました
0,商品紹介系youtuberがついに自分の商品を紹介する日が来たのか
0,これは普通に感動したわ
0,どこまで行ってもめちゃくちゃ優しい人だなあ
0,ほんとにどこまでも真っ直ぐな方だよね
0,まじでかっこいいどんなに苦しくても辛くても頑張った先にこんな未来が来ると信じてがんばります
0,0日で0万回再生以上いけんの凄い
0,この人はどこまで素晴らしいんだ
0,この人ほんといつでも自分の夢に向かっててかっこいい
0,めっちゃくちゃ嬉しい自分の事の様に喜べる
0,夢に向かって進んで行く姿に感動しました
0,こんなに頑張って作ったら買うしかないよね
0,夢に本気になれる聖人youtuberの鑑
0,まじでこの人なにしても好感度上がるな笑笑笑笑
0,個人的に何より嬉しいのはヒカクラ0が再開することなんです
0,良い意味でツッコミどころ満載で草
0,夢叶うってめちゃくちゃいいことだね
0,こんな時間に見ちゃったからお腹すいた
0,本気度が伝わってくる
0,とてつもないプレッシャーの中で時間と労力を割いて商品開発している姿が容易に想像出来ます一週間休むのも納得です応援してます
0,夢を追い続ける大切さを改めて感じた
0,まじでかっこいいな普通に美味そうだし今度買お
0,まさかこれをやるためにずっと商品紹介をやってきたのか
0,人生も時間もお金も一切ムダにしない生き方に惚れてしまいます心底ステキですっ
0,期間限定じゃないよね〇〇タンメンの様に永久に店頭に並ぶと良いね
0,テレビ番組ぐらい凄い
0,視聴者が体感しやすい食品への事業展開してくれてほんと嬉しい
0,お身体に気をつけてくださいね次はほんとに0ヶ月くらいお休み取ってくださっていいんですよー
0,youareamazingcan’taittotryyourramenintheus
0,目標を達成するために必死に頑張る人って応援したくなるよな
0,夢を諦めないこそ人生
0,これからも夢を叶えて夢を俺たちに見せてくれ
0,やばい涙出そう
0,夢を本気で叶えた姿めっちゃかっこいい
0,안녕하세요히카킨님은천재유튜버입니다절대구입입니다앞으로도응원하고있습니다저는일본사람이에요
0,カップ飯も出してくれるところが最高
0,男の人イケメンだし感じいいな
0,店やって欲しい ́
0,手に取りやすいなぁそうに決まっている
0,純粋で真面目な人だなぁと改めて感心させられました
0,今後色んな味出して欲しい
0,私もバイトしてた頃社会人になってからもお世話になってますカップ飯もあるの有難い贔屓します
0,スーパー兄弟地元の人も嬉しいし誉ほまれだよね
0,なんか感動するなぁここまで来たのかって感じるわ
0,最高だよこれからも一生ついて行きます
0,映画見た気分感動した
0,招き猫キンのとこ満面の笑みとともに特に何もありません声出して笑いました
0,戻って来てくれてありがとう
0,自分の夢を叶えるために0年間頑張ってそしてその準備のためにたった一週間視聴者を待たせないようにすることができるyoutuberの鑑
0,美味しそう
0,美味そう
0,たべたーーーーい
0,ずっと夢を追い続ける姿痺れます
0,美味しそう
0,これ作る為に0年の新曲出さなかった説
0,なんなら店舗出してくれてもええんやで
0,どんな報告でも応援してます
0,夢って叶うのね
0,長年の夢が商材とはこれいかに
0,普通に美味そ見つけたら買う
0,そのうち袋麺も出してくれ
0,夢を現実にするのカッコいい
0,これもいわゆるyoutube界の既得権益だな
0,なんかめっちゃ真剣に見入ってしまった
0,感動をありがとう久々ぶりに涙したよこういうことなんですよ
0,夢を叶えられるってこんなに幸せなんやなー
0,感動しました
0,0分ぐらいのいい感じの曲は心響〜shionです
0,感動しました
0,ファミマローソンでも販売して欲しい
0,まじでこの人超えるユーチューバーというか人としても中々いない笑
0,終始テンションが高くてどれだけ嬉しいのか分かる
0,麺の硬さが気になって
0,めちゃ美味しそう
0,これが自分の誕生日に発表されて嬉しい
0,また新しい夢の実現を期待してます頑張ってください
0,美味しそう食いてぇーーーーーーーーーーーーーーーーーーーーー
0,様々なバラエティーヌードルも期待してます
0,感動しました
0,習字普通に上手い
0,夜中に見るんじゃなかった00具が豪華
0,この人なんでもやるなぁ
0,優しい値段やうれしい
0,休むどころか働いてて草
0,susurutvに紹介されることを願うばかり
0,मुझेनहींपताआपक्याकहरहेहोपरआपजापानकेसबसेबड़ेyoutubecreaterहोबधाईहोआपको।नमस्तेजापानnamastejapan
0,これは幸せだな ͈́ᴗ͈
0,美味そう
0,夢を叶えるために発表の映像も本気で作るの流石youtubeの神
0,醤油キンも欲しい
0,つらいときに上がれる人が人生の教科書
0,控えめに言っても神
0,なんか福くんが仮面ライダーになるって夢を叶えた時くらい勝手に感動した
0,スーパーにも置いて欲しい
0,コンビニで買えるのはいいですね
0,しょうもないって言われても夢を叶えられることはすげーよ
0,出てきた直後に親に買って買ってって言います
0,0時間以内で急上昇ランク0位になったのがやばい
0,俺も自分の商品出せるまで頑張るわ
0,カップ飯めっちゃいいな
0,くっそ美味そう
0,どんな小さな事でも夢を叶えられるって素敵な事だよね
0,心から応援
0,らーめんもいいがもうそれ以上太るではないぞ
0,0時間で0万再生やはりyoutubeの王だったか
0,サムネめっちゃいい
0,夢かなえる凄い
0,心の中という感じ
0,これに救われ励まされた人間がまた新たな物語を紡ぎ出す
0,普通に習字上手い笑
0,なんな涙出てきた夢って叶ったら凄いよなぁ
0,なんかもう嬉しい泣ける矢部
0,ほんとおもろいな
0,しっかり急上昇一位取ってんのかっこいい
0,夢が叶って私も嬉しいです
0,いい報告であってほしい
0,緊張するなでも最大限応援します
0,勿体ぶらず発表するのすき
0,こんなうまいもん出されたら俺が太ってしまうて
0,聞く前から嬉しくてドキドキする
0,えーすご自作やば
0,うまそー
0,抽選当たって欲しい
0,シンプルにバカ美味そう
0,一つ一つ確実にやりたかったを成し遂げていく男
0,普通に食おう
0,美味しそうだねえ食うまでもない
0,遂に報告来ましたか何かワクワクしちゃう⁠≧⁠▽⁠≦⁠
0,滅茶苦茶おいしそう
0,まじで気になるどんな結果でも応援してます
0,ちょっとうまそうなの草
0,普通に美味しそう
0,普通においしそうたのしみ
0,どんな報告かなどんな報告でも神回だ
0,面白い
0,pvのあとの真顔おもろ
0,美味しそう
0,頑張ったね購入してみますね
0,めちゃくちゃおいしいそう
0,ファミマ派だからファミマまで置いて欲しかった感ある
0,ええやん ̇ ̇買うわ美味そうやん
0,美味しそうですね
0,見つけたら買ってみよう
0,急上昇0位おめ
0,可愛い赤ちゃん姿
0,seikinと仲良い兄弟って感じがほっこりする素敵
0,これは神回の予感
0,カップの中に箸差しっぱなしなの嫌だ
0,0円くらいなら買ってた
0,蒙古タンメンがライバルかな辛いバージョンも出して下さい
0,めっちゃうまかったよ〜
0,買わない訳が無い
0,普通に買うわ
0,確実に神回
0,最高
0,休むということを知らない男
0,まじで聖人
0,普通に美味そう
0,バカ売れしてソッコーで品薄になりそう
0,よかったですね
0,新潟のニューミサが混むぞー
0,素敵です
0,多分思ったより大したことじゃないと予想
0,たべたーい笑
0,視聴後いや休んで無いやん
0,招きネコキン可愛い
0,こりゃ早朝から行かんと売り切れになる
0,石川の考察外れてて草
0,マジでうまそう
0,うん神だね
0,甘めって事はミサに近いのかな
0,うわ〜おいしそ〜
0,それ休みじゃねぇだろちゃんと休めよ
0,この調子でしょゆきんとしおきんととんこつきんもだしてくれ
0,カッコいい
0,急上昇
0,今日はこれがいいや
0,めっちゃ美味しかったです
0,0杯0円か
0,00作り直せって言うかと思ったやん
0,お疲れ様
0,気づいたら0kg
0,頑張れよ
0,youtuberのプレゼント企画は税金対策だよな
0,ちぢれ麺がいいね
0,これって期間限定
0,何だ神か
0,お疲れ様でした
0,休むとこが動いてて草
0,結局休んでなかったことが判明
0,アレルギーめちゃ気になる
0,美味そう
0,わたしもらーめんすきだよ
0,休む理由になってなくて草
0,こんなん買うしか無いやん
0,自分の夢を叶えれて良かったですね
0,すげーよ
0,頑張ってください
0,美味しそう
0,地元に店舗つくりな
0,ギャン売れそう
0,そんなんたべるしかないでしょ
0,表紙のヒカさん某クレーマーやん
0,当たりがでたらもう一個もらえるという機能はどうですか
0,メシの方気になる〜
0,すげぇ
0,美味しそーヽ ́ノ
0,ステップアップして実店舗出してくれ
0,ひかさんがふくよかになった理由
0,すげえよ
0,これは凄いやったね
0,買うね
0,すき
0,急上昇0位は草
0,美味そうやな
0,はやくたべたぁーい
0,感どう
0,これくらいいいやろ笑
0,多分激辛が出ることを私は知っています
0,おいしそう
0,早く食いてぇ
0,期待していいのかな
0,いただきやす◎
0,近所にコンビニがコンビニがねぇぇぇぇぇ
0,買うしかないだろこんなの
0,おおすげえええええもちぃろんかいます
0,休んでなくて草
0,早く00にならないかな
0,夢ビートボクサーじゃないのか
0,家族みんなで食っときますわ
0,誕生日の日に販売開始してくれてありがとうございます誕プレとして買ってもらいます
0,素敵なお方です入荷したら頂きます
0,休んでなく草
0,神さま
0,0万再生が怖い
0,titterでバズりのおもちゃになってて草
0,宇宙いかんかったなぁ
0,早く売ってください
0,うまそう
0,サムネ変えたか笑
0,戻ってきた
0,あと0秒頑張ってくれ
0,涙出そうになりました
0,いいですね
0,ニューミサとどっちが美味いですか
0,休んでないやん笑
0,コメ欄にくっそ暇人いて草
0,美味しそー
0,くるりインスパイア系なのかな
0,スーパー美味いって
0,よかったですガンバレーグッとボタンよろしく
0,うまそう
0,よかったね
0,安いなー
0,我が人生に一片の悔いなしラオウやん笑
0,隠密で栗東まで来てたんかなぁ
0,うまそう
0,飯テロだ
0,00fnaf死亡確定シーン
0,容器だけで0円しそう
0,ありがとうございます
0,うどんとペプシとカツカレーとびひん
0,サムネが変わっておる
0,ナレーションのトーンがほん怖
0,普通に高い
0,店舗じゃないのかよ
0,あらたなレさキャラの誕生
0,急上昇0位ダァ
0,略してヒカプレ
0,途中でよく首がモゲますね
0,ください
0,うんoemかまぁたべてみるよ
0,おっきくなったね
0,00この0の作り方できなくね
0,これ辛いの麻婆豆腐しか食ったことのない中学生でもくえますか
0,実質休んでない
0,宇宙じゃないんかーーーいっ笑
0,あれこれご報告のサムネがちがうは
0,神
0,えなんですかこのナレーション笑
0,試食の時口ピチャピチャさせない
0,むしろしょーもなでバズる目的だった説
0,super店員
0,ビックダディって言ったの誰
0,0回食ってみよ
0,しおきんお願いします
0,ジョイフル0億円のあの人を超えれるかな
0,明日やー
0,自分用00
0,ブドウアイスって人やばいな
0,00ちっちゃい頃から
0,幸福招キン
0,おー★
0,みっそきんtvえーぶりでー
0,何かご報告から長い文になった
0,うまちょ
0,00当たり前
0,サムネ変わった
0,もっと休んでくれ
0,復活
0,00パパパパパパンッパパンッ
0,ちょっと高いなその値段ならおにぎりと揚げ物買うってなる
0,うまそ
0,これめっちゃ美味かった
0,デカキンバージョンは大盛りですか
0,しおきんきそう
0,簡潔にはなさんかい
0,笑
0,どこにある買う
0,売り切れ続出しそうだな
0,私性餅性
0,蒙古タンメン買おっと
0,00いいねぇー
0,健常者なら大丈夫じゃね皆が平等じゃあないから
0,値段はいくら
0,えろーん
0,00自分用
0,さきないとさんコメントきましたありがとうございますきました
0,自分用00
0,休んでなくて草休めよ
0,んあれどこ
0,マスオtvありますか〜
0,一十二度見ても
0,奈良県もうありますか皆さん教えてください
0,生半可な気持ちでやらないで
0,買うの恥ずい
0,なんやねん
0,すするやん
0,0週間も休んだ言い訳がこれはなあ
0,なんえん
0,一年じゃそう簡単にできないよあまいは
0,セイキンヒヤシチュウカ
0,小池百合子
0,蒙古タンメン買うわ
0,うわ釣られたわ
0,でも結局お金入るのは自分のところだろ笑
0,00ん
0,あさってやん
0,かうと思った人↓
0,再生数が0万人いって欲しい人↓
0,結構期待はずれ
0,いつまで活動休止するの
0,とんこつきんしょうゆきんしおきんはよ
0,税金対策
0,ぼったくり
0,引退悲しいです
0,バズり目的の為に使われてて可哀想
0,な
0,けんからか
0,クッピーラムネ0袋買った方がまだいい
0,0円に値下げしろ
0,今から間に合いますか
0,これ0円もするってホント
0,くるりと蒙古タンメンに謝った方がいいよ
0,正直に言います失望しました
0,みそかみそきらいなんよ
0,ミソキソ
0,00東京に上京頭痛が痛い
0,視聴者を弄ぶな
0,禊ん
0,また小銭稼ぐの
0,結局金儲け
0,いらん
0,あ
0,他力本願な感じがゆがめない
0,まじでどうでもいい
0,いい歳したおっさんがこれレジ持ってきたら笑うわ
0,誰が買うか
0,まずそ
0,は
0,あ
0,友達いないのは今もだろ
0,いらねぇー
0,しょーもな
0,内容しょうもないな笑
0,で一週間休んで何をしていたん笑要は期待商法やんな一週間身を隠して遊んで期待値を上げたかったん
0,なんで0万もとーろくしゃいるのバイシューしてんだろ
0,しょーもな
