Column1,Column2,列1
0.92669153,キン兄弟がラーメン大好きなのをずっと見てきたからこれほど信頼における商品はないと思ってます絶対食べたい争奪戦になりそうなのでゆっくり手に入れますね笑一つ夢を叶えること本当に素晴らしいし勇気をもらえますおめでとうございます,
0.92364085,ヒカキンにも苦しくて辛い時代があったんですね第0部がすごくよかったですラーメンに助けられたっていう思いとみんなにも元気になってほしいっていう思いが本当に伝わってきて涙が止まりませんでした00の発売を心待ちにしてます,
0.9235392,凄く思いの詰まったラーメンに仕上がったと思いますセブンが無くて買いに行けないのが残念ですが出かけた際に買いたいと思います,
0.92346656,ヒカキンさんホントにラーメン好きですね自分の好きなもので夢が叶えれるのすばらしいと思う,
0.9230085,ヒカキンさんの夢が叶うと見ている自分も嬉しくなってきます,
0.9229826,ラーメンなら手軽に買えて嬉しい一つ一つのことに真剣に向き合う姿は尊敬しかありません他のyoutuberを非難するわけではないのですがいつも全力で取り組んでいて結果がでているのも納得です,
0.92180765,これあれだねスーパーでも発売して欲しいくらい食べたいです僕も小さい時から0年生まれなんですけど味噌ラーメンが大好きで近くに札幌ラーメンがあって毎日のように言っていますそれぐらい味噌ラーメンが大好きです,
0.9215834,ヒカキンさん早く食べたいヒカキンさんの人柄が皆さんが携わってれるんでしょうね,
0.92132604,0年ほど見続けていたのですが初めてコメントしますヒカキンさんがラーメンを作ったという報告が何故かめちゃくちゃ嬉しくて幸せで発売日に絶対食べたいです幸せそうに食べるヒカキンさんを見て笑いながら泣きそうでした,
0.9211762,ラーメン本当に大好きですhikakinさんをずっと前から見てきました小学生だったけれど今はもう高校生で大学受験に向けて勉強しいます勉強のお供として食べていきたいです,
0.9209257,ただヒカキンの名前を使った商品ではなくヒカキンが作りたかったラーメンていうのが良いよね,
0.92072064,0年がかりでの商品化は気合いが入ってますね食堂ミサの味噌ラーメンが原点の味ということで私もミサの味噌ラーメンは大好きなので味には期待できます早く食べてみたい,
0.9191394,そんなにラーメン好きで救われる人がいるんですね私もラーメン屋さんで働いてるけどもっとラーメン屋さんで働いてる事に自信をもって働こうと思います,
0.9191221,夢を叶えたいことを叶えるhikakinさん本当に凄い息子もラーメン大好きなので発売されたら即購入して食べますね,
0.91896665,hikakinさんの真剣さがこっちにまで伝わってきて感動しました元々スーパー店員で僕の人生の諦めない部分をhikakinさんが救ってくれましたありがとうございます,
0.9188649,大好きなラーメンが作れるくらいビッグな男になったヒカキンさんマジですごい他の商品も当たり前だけどこうやって試作を重ねて作られてるんだなぁと思うとなんだか感動しました絶対食べたい絶対見つけ出して食べます,
0.91859615,みんなと苦しい気持ちとか頑張ろうという気持ちとかを共有したいっていうのが凄く伝わる商品ですね早速発売日に買って食べたいですそして夢を叶えられたこと本当におめでとうございます,
0.9184134,hikakinさんのラーメンに対する本気が伝わりました発売が本当に楽しみです,
0.9177214,正直かなり楽しみ自分の口に合うかはもちろんわからないけどhikakinさんが思う至高の一杯がどんな味なのかは食べてみたい,
0.91759104,是非食べてみたいヒカキンさんをずっと支えていたラーメンこだわり抜いた一杯を食べて元気を貰えるといいなぁ,
0.9170245,密着映像見てすごくこだわったのが伝わってきてラーメンの中で味噌ラーメンはあまり食べないけど食べてみたいと思った,
0.9165816,おめでとうございますヒカキンさんの熱い想いがめちゃくちゃ伝わってきて感動しましたセブンさんに並ぶのを楽しみにしています,
0.9165555,ただ発売するのでなくラーメンに助けられた感動的なエピソードがあるのがやっぱりヒカキンさん神だなって思う,
0.9164496,私も以前落ち込んでいた時ラーメンを食べてこの一杯でこんな幸せな気分になれるって本当すごいなぁって思ったの思い出しましたhikakinさんおめでとう早く食べれるの楽しみにしてます,
0.9160381,学生だからyoutuberとかが出すものって高いけどhikakinさんは学生の気持ちも考えてくれたのか0円という化学でこだわりのラーメンが食べれるのは楽しみです友達と買いに行きます,
0.9154517,夢が叶ってすごく良かったですね私たちも夢を諦めずに頑張りたいと思います,
0.91524535,正直ここが僕一番見ていただきたいんですけどっておっしゃってますが自分の好きな人の夢が叶う過程を見せていただけるなんて光栄でしかないから見るに決まってますラーメン見かけたら絶対買います楽しみにしてますね,
0.9145456,自分の好きなラーメンをいつも見てるhikakinさんが作ってくれるとは思ってもいなかった勉強の夜食に食べます0日は朝イチでセブンに直行だ,
0.91435593,味噌ラーメン好きとしてとても気になる絶対買う味噌派閥にも嗜好が違う事があるからhikakinさんがどんな味が好きなのか楽しみ,
0.9142264,すぐ食べたいと思って買いに行こうとしたら0日ですね早く食べたい私ラーメン工場で働いてるのでなんか嬉しいです楽しみにしてます,
0.91421115,ヒカキンの元気な姿が見られるのは嬉しい,
0.9139802,普段あんまりラーメン食べないけどヒカキンさんのラーメンなら食べてみたい,
0.9139544,ラーメンなら豚骨以外断固拒否の自分だけどなぜかこれは食べてみたいと思った,
0.9134245,字も綺麗なところまで本当にヒカキンさんの才能にびっくりですこれからもずっと応援してます,
0.91310185,ヒルクライムのライブで初めてヒカキンさんを見て知ってあれからもう何年も経ってるけど今では今でもヒカキンさんtocさんの大ファンです,
0.91304207,ラーメン屋さんって入りにくいって思っていたからセブンで買えるのはうれしいです,
0.91289204,別にヒカキンさんファンではないけどこの人の努力凄いと思うあと普通にラーメンうまそう,
0.9128173,店舗じゃなくてカップにした事で気軽にみんな食べられるのがなんかhikakinさんの人柄が表れてるなぁって思いました地方民なので東京でお店構えられても食べられないので食べるのとっても楽しみです,
0.91266435,本当にhikakinさんは聖人だなたとえ0週間休んだとしても視聴者の事を考えていて本当に尊敬するわ,
0.9121587,hikakinさんが美味しく食べてるのを見ると発売が待ち遠しいし早く食べてみたいー,
0.91205055,ヒカキンtv好きなので絶対食べます発売待ってるよコンビニで買えるのは嬉しいです,
0.91175425,出来ることなら毎日食べたいくらい同じくラーメンが好きなので必ず買って食べます,
0.91162086,ほんとにみんなに喜んでもらえるように作ってくれてるのがほんとに伝わるhikakinさんの夢が叶って良かったです,
0.9110616,素敵自分もラーメン好きなので発売を楽しみに待ってます,
0.9109263,本当に純粋に発売が楽しみになるヒカキンの熱意人柄息子がカレンダーに書いていました,
0.91090524,初コメですご自身の夢の実現本当におめでとうございます発売日には店頭に沢山並んでいる姿が想像できます味噌味大好きなので店頭に並んだらぜひとも購入したいと思います楽しみにしてます,
0.9104992,深夜に見なきゃよかった美味しそうすぎる味もそうだけどhikakinがラーメンと一緒に色々乗り越えてきた想いを聴くと自分もそういう日に食べたいと思った楽しみ初日買います,
0.9102614,ヒカキンさんは下積みがすごいからここまで有名になって夢が叶ってくれるのはこっちも嬉しい,
0.9098723,ほんとに自分のことみたいにうれしいそしてヒカキンさんが忙しいなかでいろんな人にハート押してるのがほんとに感動するやっぱり皆のこと第一に考えて行動していけるからみんながついてきて超人気のyoutuberになれたと思うしこうやって夢を叶えられたんだと思うこれからもこの人についていこうと改めて思ったほんとにすごい,
0.9097713,ヒカキン完全こだわりのラーメンならいいけど味的に元のラーメンをちょっと変えただけならわかんないなーラーメンに関しては厳しい世界だからヒカキンってだけで売れると思うけど美味しくなかったら売れなくなると思うけど人それぞれの好みだからわかんないけど,
0.9095689,0人の人間がこうやって死ぬ気で頑張っているのを見てるともはや伝記に見えてくるこの方は本当に澄んだ晴れた心を持っていると思う,
0.9091822,本当に尊敬する自分もヒカキンさんみたいな素晴らしい人間になるために色んなこと一生懸命頑張りたいです,
0.90911305,ヒカキンプロデュースの濃厚味噌ラーメンと濃厚味噌メシ買う人ちなみに私は買いたいんですけど買う時間があったら両方買います,
0.9089761,何にでも真摯な姿勢を崩さないんですよねそういう所が大好きです家族の分も買ってみんなで食べたいです,
0.9089591,努力という才能かほんとに尊敬します僕の働いているところで販売させていただけること嬉しく思いますもちろん食べます,
0.9086704,凄くこだわって作ったのもあってめっちゃ美味しそうちなみに白味噌派なので尚更食べたーい⌯¤̴̶̷̀ω¤̴̶̷́✧開発中大変そうだったけどもヒカキンさんがとてもキラキラしてて少年のようでした長年の夢のひとつの実現おめでとうございます発売を楽しみに待ちたいと思います,
0.9084361,ヒカキンさんの育った地域にはニューミサもあったし味噌ラーメンは0番身近なものだったんだと思うな,
0.9084025,夢が埋まってる鉱山をみんな掘っててでもいつ発掘できるかわかんないから途中で諦めたり投げ出したりするけど踏ん張った先には自分自身を支えてくれた夢に辿り着けるって思えましたhikakinさん夢実現おめでとうございます,
0.90833503,ずっとドキドキして待ってましたヒカキンさんの夢が叶うのなら心から応援したいです,
0.9083274,好きなことをして人生を楽しんでいる姿に私も頑張りたくなる気持ちが出たよyoutuberの鏡だよ,
0.9083004,お店を出すのではなく全国民が気軽に手に出来るようにセブンで販売するところがヒカキンらしくて心暖まるね夢に向かって努力して実現したヒカキンを誇らしく尊敬する,
0.9081555,僕もラーメン大好きです僕もラーメン作ってみたいなあ田舎なので買えないですけど旅行行った時買いますね,
0.90810287,自分の誕生日にヒカキンのラーメンが発売とは最高のプレゼント楽しみにしてます,
0.90808237,この機会で思ったけどヒカキンさんが存在してないどyoutubeがつまらなくなったヒカキンさんが活動休止してから少し寂しく感じた事があった私はヒカキンさんを0年前くらいからしか見てないけど本当にいい人なのは分かる誰よりも長生きして欲しいヒカキンさんにどれだけ救われたか本当にありがとうございます,
0.90794885,hikakinさんが休止したと聞いてどうしたのだろうかと見に来たけどいつ見ても安心するすごいhikakinさんで安心した,
0.90792567,youtube黎明期から変わらない安心感のあるコンテンツを続けているhikakinさんに拍手を送ります夢の取っ掛かりがかなったのでこの夢を更に大きくしていってくださいいつまでも応援してます,
0.9078201,コンビニで売ってくれるのはありがたい味噌ラーメン普段食べんけどhikakinさんのラーメン食べてみたいと思いましたこれからもずっと応援しますがんばってください,
0.9077809,東京の店舗だと地方民は食べに行くの大変だけどセブンだったら全国のみんなが気軽に食べられるし0時間いつでも買いに行けるからすごくありがたいですあー早く食べたい,
0.9075819,hikakinさんってなんでこんなに私利私欲みたいなのを感じないんだろうみんなを笑顔にしたいっていう思いですごくすごくこだわって作ったのが伝わってきてなんか泣きそうになっちゃった,
0.9075183,これ見たらヒカキンがどれだけラーメンを愛し夢に本気だったか分かる素直におめでとう,
0.9074173,自分の夢を叶えるhikakinさんスゲーやラーメンの中でも特に味噌が好きだから味にも期待しちゃう飯系の報告と知らず深夜に見たらガッツリ飯テロで腹減った,
0.90717465,視聴者が体感しやすい食品への事業展開してくれてほんと嬉しい,
0.90689445,僕の夢は記憶がある時に東京に行く事でしたヒカキンと共に夢を叶えられて嬉しいです,
0.9067717,同じラーメン好きとしてここまでやるhikakinさんを尊敬するラーメンうまいよね,
0.9062812,私もラーメンが大好きでとても共感できました,
0.9061962,辛いのが苦手な人にも配慮して幅広い層に食べれるようにしてるところが良いですねo,
0.9060875,いくら企画とはいえしっかり色々と研究して自分なりのラーメン作ってるのがすごい尊敬するわ,
0.9057464,キタ━━━━゚゚━━━━やっぱりヒカキンさんが0番だよねどんなご報告なのか気になるけどファンの皆さんには喜んでいただけるって言ってたから楽しみだなぁ,
0.90547067,何度も繰り返し観ています観ているだけで気持ちが幸せになるhikakinさんありがとう,
0.9052133,心からおめでとうを言いたいですほんとに自分の夢を次から次へと叶えていて憧れでしかないです僕も頑張ります,
0.90520656,〇〇店舗限定とか〇〇期間限定発売とかじゃなくて皆に味わって欲しいって言う思いで全国に出してくれたのマジで嬉しい後単純に自分ラーメン好きだから絶対買う,
0.9048583,あのhikakinさんがここまで上り詰めたのはこのラーメンのおかげでもあるのはすごすぎるそしてそのラーメンを作ったのももっとすごいし感動しました,
0.9047389,長年の努力が色んなところで反映されてるところが本当にすごいと思う,
0.9044889,0年もかけて研究されたラーメンを0円で味わえるってめっちゃお得だなぁ,
0.90442806,ヒカキンのやっていくことが凄すぎて距離を感じるはずなのにすぐそばにいる感じがめっちゃ好き,
0.9044217,まっすぐで真剣で真摯でやっぱりヒカキン大好きヒカキンの夢が叶って嬉しいラーメンもカップメシも食べるの楽しみ,
0.9044159,私も同郷なのであのミサのガツンと感のある味噌ラーメンは脳に刻まれてます笑おめでとうございます楽しみにしています♪,
0.90424854,俺的に一番好きなのが味噌ラーメンだからとんこつとか醤油とか王道のやついかずに味噌をチョイスしてくれたのがとても嬉しい,
0.9042353,hikakinさんの作るご飯食べてみたかったんですめちゃくちゃ嬉しいですhikakinさんの夢が叶って良かったです,
0.90421337,夢が叶って嬉しそうなヒカキンを見てるだけでこっちは嬉しいよよかったねーラーメンもご飯も絶対買う,
0.90416783,ヒカキンさんありがとう一般庶民が手を出せる商品を作ってくださってこれで高級なものだったら買えませんでした,
0.90394086,ヒカキンさんのガチファンだから泣くくらい嬉しい一生買う,
0.9039211,ヒカキンは今回夢を叶えたけどヒカキン自身もまた色んな人の夢になってるんだよね素敵な世界だ,
0.9038935,これは絶対買って食べますラーメンは本当に食べると幸せになりますよね,
0.9037616,ラーメンもカップ飯も絶対食ベますhikakinさんの思いがつまったラーメン絶対美味しそう,
0.90369904,好きなことで生きていく報告前は視聴者の心を昂らせ報告後は自分の夢を叶えることで視聴者を喜ばせるやっぱhikakinさんは本物のyoutuberだ,
0.9033159,夢を叶えるヒカキンが僕は大好きです,
0.9031284,多分激辛が出ることを私は知っています,
0.90299296,hikakinさんのこれまでの歴史と努力の結晶が詰まっててすごい体調も崩さないくらいに頑張ってくださいω,
0.9029642,ラーメンの味で味噌が0番好きだからめっちゃ嬉しいしかも安い買うしかないなヒカキンさんありがとうそしておめでとう,
0.9028489,ここまで何度も何度も試食を繰り返し人生を支えてくれたラーメンをヒカキンさんや他の方々との協力でやっと出来たラーメン情熱努力いかに本気であったかが伝わる,
0.9028162,自分の好きな料理を自分が手を加えて商品として出せるのって本当に凄いことだよなぁ,
0.9026653,このラーメンを同じように元気が無い時腹ペコの時ヒカキンさんの話を思い出しながら食べたいと思いますインフルエンサーの方で夢を叶えたと聞いてこんなに本当に良かったここまで長い道のり努力と信念つらぬいたんだなって感動したのは初めてかもです,
0.9026002,アレルギーの関係で小麦がたくさん食べれないのでメシ版が凄く嬉しい味噌大好きです絶対食べます,
0.90244704,これが全国のセブンイレブンに並ぶのはこちらとしてもすごく嬉しい,
0.9024274,hikakinさんの元気が出て嬉しく思います,
0.90241003,ほんとまだ全然人気出ない頃にヒカキンを友達から勧められて観てたけどそのヒカキンがいまこうしてhikakinpremiumのラーメンが出るそして今となってはyoutube界を代表するくらいの人となってるほんとにすげーこれからも応援してます,
0.9023209,味噌ラーメンで良かった他の味だと食べないので食べてみます,
0.90222156,夢を持つ事楽しさも夢を叶える楽しさも自ら体験して映像化してくれるhikakinさんは本当に尊敬しますこれからも応援してます,
0.90212435,ラーメンに対する想いだったり幼少期からの思い出の味噌ラーメンのことも知れて感動で涙が出ました絶対買います,
0.9021035,私もラーメン大好きなので絶対買いますおめでとうございますここまで努力できるのが本当に尊敬します,
0.9019515,ラーメンの中では味噌が0番好きだから地元でも売られるようになったら絶対買う,
0.90148544,世の中の色んなものを見たり食べたりしてきた人がこれは良いと思って作ったものたち興味あるわ〜,
0.9010936,いつでも視聴者のこと考えていて本当にすごいと思う,
0.90091753,じゃあ次は卵とネギを使ったラーメンを作ってください,
0.90090513,ヒカキンさんみたいな人も最初は苦労してたマジ尊敬,
0.90088475,hikakinさんが作ったからとかいう補正は一切抜きにしてラーメンとして美味しそう,
0.900882,とてつもないプレッシャーの中で時間と労力を割いて商品開発している姿が容易に想像出来ます一週間休むのも納得です応援してます,
0.90081763,自分の夢の中にみんなを笑顔にしたいという想いが込められてるのって本当に素敵優しさが味にも出てそう,
0.90042925,これこそホントのyoutuberだと思います誰かのことを取り上げるわけでもなく自分の夢をちゃんと実行して視聴者にお届けする素晴らしいですhikakin,
0.9004113,hikakinさんみたいな色んなことに夢を見てチャレンジできる人になりたいと思った,
0.90033406,嬉しいそうに紹介してるhikakinさん見てるとこっちまで嬉しくなります発売日絶対買います,
0.9002027,これだけ魂込めて完成させたラーメン本当に凄いです発売日に近所のセブンイレブンにも並ぶかな田舎だから地域差ありそうですよね見付けたら絶対食べます楽しみです,
0.9001933,どんな事も諦めず前を向いて立ち止まらず頑張りつづけたら夢も叶うって教えてくれたヒカキンさんやっぱりすごいです,
0.90018904,店舗を作るんじゃなくてそれなりに誰でも手に入れられる商品を作ってくれるところに言葉に上手く出来ない優しさを感じる,
0.9000898,0日まで待ちきれない私もラーメン大好きです本当にすごい行動力だよhikakinさんおめでとう,
0.89972395,youtubeもやってて忙しいはずなのに0年くらい努力してんのはすごいなと思った必ず食べます,
0.89937687,本当に努力してみんなを明るく元気にさせるラーメンにしたいっていう気持ちがすごい伝わった,
0.89920694,味噌ラーメン大好きだし大好きなhikakinが作ったラーメンなのが最高,
0.8990664,先日本当に生きているのが辛くなったんですが今日hikakinさんの夢が叶った姿を拝見して凄く元気をもらいましたいつも視聴者を気づかってくださる姿努力し続ける姿尊敬していますどうぞこれからも無理はなさらず楽しさを追い求めて活動してくださいいつもありがとうございます,
0.8990632,自分の好きな事ラーメンで視聴者をも一緒に喜ばせれるのってhikakinさん位だと思う幸せを独り占めせず皆んなで分かち合える形に出来るhikakinさんはやっぱり凄い絶対買います頂きます,
0.899045,一年間夢を叶えるために頑張ってたヒカキンさん凄いし尊敬した,
0.8990209,ヒカキンのyoutubeほとんど見てないけどテレビでヒカキン見て知ってました人柄がいいよねえヒカキンラーメン食べまーすう,
0.8988754,セブンイレブンに販売するというのもまた身近に感じられるからすごくうれしい,
0.89883333,白味噌も入ったベースのニンニクのパンチあるラーメンの味の意味がわかりましたニューミサ僕も大ファンですコレは試してみたい,
0.89874953,エビとかカニを入れずにアレルギーの人でもなるべく楽しめるように作ってるの好き,
0.8986182,実際口に合う合わないは絶対あると思うけどここまで頑張った過程を考えるとそんなの関係なく食べたいって思う,
0.89840066,活動休止中も休まずに夢を叶えるために行動してたと思うと本当に尊敬する,
0.89825386,まずyoutubeを0年間休まずにやってるのだけでも凄いのにyoutubeをやりながら他の夢を実現させるためにも全力を注いで頑張るヒカキンさん本当に尊敬します,
0.89815235,味噌ラーメンが一番好きだから嬉しい,
0.898116,この人は周りからすると小さな事に見えることも好きな事に諦めず取り組み続けてこうした結果を残せているから尊敬します希望の星です,
0.8980789,あたしもラーメンは大好きです ́楽しみにしてます,
0.89803505,なんか福くんが仮面ライダーになるって夢を叶えた時くらい勝手に感動した,
0.89791286,コンビニで買えるのは嬉しいヒカキンさんの本気のラーメン絶対食べる,
0.8978979,色んな人が先走った噂を流してて嫌だったけど0月0日が楽しみでも抗がん剤治療中で退院まだだから退院したらすぐ買いに行く,
0.89787084,hikakinが作ったラーメンってだけで埋もれないね,
0.89786714,あのラーメン作るのはいいんですけどちゃんと休んでくれませんか応援してます早くラーメン食べたいです,
0.89786184,本当にどこまで人を笑顔にすれば気が済むんだかヒカキンさんは,
0.89783,おめでとうございます楽しみー早く買いたいみんなを勇気づけ幸せにできるラーメンヒカキンさんの想いが詰まってて素敵です,
0.8976775,息子と一緒に食べたいと思います,
0.89760244,hikakinさん忙しい中でも本当に好きなことして生きてる感じがしてすごくいい,
0.89742523,これはこれは努力の結晶でしかないですねぜひ見かけた際は食べて見ます,
0.89741427,hikakinさんは神なんなら仏の域にまで達してるただ普通に頑張っただけじゃあんまり夢って叶えられる物じゃないと思うからhikakinさんはものすごい努力の上にこの夢を実現してるんだと思う,
0.89725673,もう涙が止まりませんヒカキンさんの一生懸命努力出来るところとか本当に尊敬します絶対に買います,
0.8972034,ヒカキンが嬉しそうなの観てるとこっちも嬉しくなるね,
0.8970457,再生回数見て思ったけど今でもみんなの関心を惹き付けてる事が凄いちゃんとみんなhikakinの事気になってるんだね,
0.89700997,ラーメンとかだけじゃなくてhikakinプレミアムの最初の商品なの夢があって嬉しい,
0.8966963,体質がらラーメン小麦粉が食べられませんがメシも出してくれたなんて心から応援いたします,
0.8965996,ラーメンメシめちゃくちゃ美味しそうなので買って食べて見たいと思います夢を現実に叶えられて良かったですねおめでとうございます,
0.89645755,いつでも好きな事に全力なヒカキンさんやっぱり好きだなぁ,
0.8963486,ラーメンに凄くこだわって作られたのが伝わってきます発売日楽しみです,
0.89634824,セブンイレブンに0月0日に出るんですか買って食べて見ますね東京にラーメンやさんでやるかと思いましたヒカキンさん人気あるからめちゃくちゃ混むよねセブンイレブンに出るんだら良かったです,
0.8962972,ヒカキンさんのこだわりや夢思い出が詰まったラーメン頂きたいと思います本当におめでとうございます,
0.8959864,好きなことを極められる人は本当に努力をしてきた人だと思います尊敬,
0.8959623,味噌ラーメン味のカップ飯は売ってないからめちゃくちゃ嬉しいです絶対買います,
0.89593714,東京にラーメン店を開くとかじゃなくて手頃な価格で全国で買えるカップ麵にしたところがヒカキンって感じして好き,
0.8957288,hikakinさんやっぱ凄いわ誰でも手に入れられるコンビニでの販売嬉しいです,
0.89534986,hikakinの凄い所はラーメンとカップ飯を両方しっかり食べてるところ,
0.89530647,こういう有名人が関わる商品って大体ちょっと口出すくらいで後は全部任せるって感じの印象だったけどヒカキンはめちゃくちゃ従事しててやっぱこの人違うなって思ったわ,
0.89520735,ラーメン大好きなhikakinさんが作ったラーメンとか絶対に美味いやんあと手軽に買えるとか最高買うしかないわ,
0.895061,hikakinさんが嬉しそうに楽しそうにしてて元気でるなーアレルギークリアしてたら買って食べます無理だったら誰かにプレゼントします,
0.8950076,やはりラーメンは僕たちにとって最高なものですよね,
0.8950034,試食してる姿やパッケージのこだわりを語る姿がもはや有名店の凄腕ご主人感があってかっけぇ,
0.8949802,おめでとうございます0年間も私達の事も考え食べやすく美味しそうなラーメンを作って頂きこちらも凄く嬉しいです0月0日が凄く待ちどうしいです̖́,
0.89474446,何かとドキドキするけどヒカキンさんの夢が叶うんだったら嬉しい,
0.8946543,カップ飯大好きなので凄く楽しみです発売日にセブン直行します,
0.8945854,本当に幸せそうな人を見るのってこっちまで幸せな気持ちになるからいいよなぁ,
0.89454204,自分の好きな商品を自分で監修して商品として販売できるなんてすごいな,
0.89443827,本当に楽しみにしてますカートンで買いたいです,
0.89434487,ラーメン苦手だけどその中で0番好きな味がミソだから嬉しい絶対食べる〜,
0.89421475,若い頃に死ぬ程努力して今夢を叶えたり今の成果があるそう思うとやっぱりhikakinさんには憧れる僕もサボってばかりいないでひと踏ん張りしてみようかな,
0.8940917,開発チームに作ってもらってよく自分のラーメンだって豪語できるね,
0.8939323,ヒカキンが青色の服着てると嬉しい,
0.8939048,こうゆう有名人の商品ってぼったくり多いけどヒカキンさんはちゃんと商品として出すのは尊敬,
0.8938978,hikakinさんこんどでいいので薬品のシャンプーとリンスとボディーソープを作ってくださいよお願いします,
0.89389354,僕らに出来る最大の応援は買って美味しく食べるこれに尽きると思ってます絶対食べます,
0.89385027,全国で販売してくれるのめっちゃ嬉しいし絶対食べたい,
0.8938107,終始テンションが高くてどれだけ嬉しいのか分かる,
0.89365554,夢を叶えておめでとうございます本当にhikakinさんは凄い人,
0.89361084,商品紹介を主にやってたyoutuberがこうして今自分の商品を紹介してるのほんと感慨深い,
0.89361084,商品紹介を主にやってたyoutuberがこうして今自分の商品を紹介してるのほんと感慨深い,
0.89351285,自身のメンタルの支えになってたラーメンに対してyoutubeで結果を出して恩返しするのカッコ良すぎて,
0.89351106,ほとんどコメ0個はみんなついてるhikakinさんもっと休んでも良いですよ体調お大事に,
0.8934612,自分の予想のお店出すんじゃないかなと思ってたちょっと異なってましたただ是非とも食べたいです,
0.89344364,コンビニで買えるのが嬉しいです夢を叶えるってすごいです,
0.8933729,グッズじゃなくて自分自身のラーメンを出すなんて凄いです,
0.89329326,やっぱり好きなものを突き詰めるって大変だしやっぱり飽きもあるけど大事だよなマジでhikakinを見るとほんとに頑張ろうって気になれるわガチで元気もらえる,
0.8932647,0時間で0万再生超とはどれだけヒカ様の復活を心待ちにしてる人が多いか分かる,
0.89309365,ラーメンばばあのときを思い出す本当にラーメンが好きというのが伝わります,
0.89297515,こんなに楽しみな発表なかなかないから嬉しい絶対食べますこの勢いでラーメン屋さんも作ってください,
0.892704,hikakinさんにほんとに元気貰ってますし尊敬してます00❛ᴗ❛00ヶ月入院してて大変ですが退院したら絶対食べますψч☆,
0.89238334,誰でも手に取れる価格帯ってのもありがたい必ず買って食べますそしてみんなのコンビニ紹介気になりますね,
0.8923825,同い年で一番尊敬と安心感がある人柄ですラーメン発売おめでとうございます当日買いに行きます,
0.8922262,ニンニク味噌ラーメンって妙高のラーメンから来てるかなだとしたら新潟県民として凄く嬉しい,
0.89216226,hikakinの商品だから買わなくても安心と信頼があるのやばい,
0.8921496,内容ちゃんと見る前はラーメンとカップめしならラーメンがいいかなって思ってたけどこのカップめしめちゃくちゃ美味しそうやな発売日に買いに行こう笑,
0.8920553,hikakinさんのお陰で夢って叶うんだなーって本気で思った何かが好きなだけでこんなに頑張れるんだねまじで勇気というか希望というか貰った気がするやっぱりyoutuberの中で0番尊敬してるし0番大好きだなー•ᴗ•,
0.8918929,g明けに発売してくれるから連休明けのショックを和らげてくれているね,
0.89181775,おめでとうございますとても美味しそうでアメリカでも買えたら嬉しい大ヒット商品になって海外進出もできますように,
0.8917786,味噌ラーメンあまり好きじゃないが見かけたら0食食べてみます,
0.8917411,夢を実現させることが出来るのは努力し続けたからなんよなぁマジで尊敬する,
0.89161086,うわあすごく感動してなんかうるうるしましたこんなに頑張ってる人がいるから私も頑張らなきゃなって思います,
0.89150035,夢を叶えるって素晴らしいなーなんかヒカキンさん見てると明るい気持ちになる,
0.8913932,すごい興味あるラーメン0年間とは凄いですねでもほんとに何もしない期間を作って欲しいです,
0.8913447,いつもはhikakin面白いなぁ〜って感じで見てたけど今回のhikakinはカッコイイやっぱり夢を実現できる人はカッコイイです,
0.8912951,疲れてるからとかじゃなくて報告準備に集中するために休むといういつも視聴者思いのヒカキンさんならどんな報告でも応援できます,
0.89124227,お疲れさまですヒカ様の努力と笑顔が多くの人々の心に自然と入って来るのがヒカ様おめでとう御座います喜んで買わせて頂き応援していきたいと思いますヒカ様の声が笑顔が私達の元気の素です本当にありがとう,
0.89117795,夢を叶えるって本当にすごいことだよね自分がずっとやりたかったことをできたヒカキンを心から尊敬するわ,
0.89116335,何事にも本気でどんな時も頑張ってきたからできたことだと思う本当に心から尊敬します,
0.89106816,ヒカキンの熱意というか思いが分かるまず真っ先に自分で思う通りにするヒカキンが凄くて羨ましい,
0.8909471,夢を見るのは簡単だけど夢を叶えるのは難しいでもそれを叶えたhikakinさんは凄すぎる,
0.89077,カッコよすぎる絶対に買います味噌ラーメン好きなので早く食べたいです,
0.89074606,ヒカキンさんって本当にいい人だなぁ,
0.8906909,これは素直に食べたいそう思える熱量でした,
0.8906847,ヒカキンさんの努力は本当にすごいこれからも頑張ってください,
0.89051616,買いに行くね美味しそうもし叶うならヒカキンさんが着ているtシャツプレゼントキャンペーンしてくれますか,
0.8903878,hikakinさん醤油味も作ってくださいお願いします,
0.8903667,このラーメン食べるために一日頑張れる日が自分にもあるんだろうなと思うと嬉しいどうにか生きてる自分でもギリカップ麺に出せる値段で嬉しい,
0.8903591,夢はいくらでもあるけどそれを叶えれたっていうのが本当に凄いことだと心から思う,
0.8903527,マジですげぇわ休んでも休まなくて準備して一刻でも早くみんなに知らせれるよう努力してるとことか本当に美味しそうなのが伝わってるくる,
0.88999116,単純に小麦アレルギーで麺が食べられないからカップ飯あるの嬉しい,
0.88987815,他のラーメンより美味いとかそういう言葉使わないのがやっぱりhikakinって感じがして大好き,
0.8898553,こんなに成功してもちゃんと辿ってきたことを忘れてないところがとても好きです,
0.8897936,このラーメン好きアピールがしたいから何ヵ月前からラーメン旅とか始めたのかな,
0.8897351,ラーメンはもちろん食べますtシャツも買いたかったのにサイズがもう残ってないみたいです,
0.8897334,こうやってがんばってるヒカキン見てると自分も諦めないでがんばるぞって思う,
0.88965684,youtube活動だけでも忙しいのに他の夢も叶える事が出来るヒカキンさん凄いです,
0.8896137,絶対買うこんなの買わないわけ無いじゃないですかまずヒカキンさんの作ったラーメンってとこで買わないわけ無い,
0.8895523,嬉しいよ嬉しい前年は抜かされたけどそれまでは新潟がラーメン支出額0位だったんだラーメン王国新潟の誇りだよ,
0.88954866,いやー他のユーチューバーと違って金持ちしか手が出せない高い洋服とか出すよりこーやって誰もが買えて一回は食べてみたいと思うラーメンとか出すの良いね,
0.8894992,好きな事を趣味として生きていくの本当に尊敬してる,
0.889289,なんかヒカキンさんって自分の節目とかにいつも誰かの為にやる事ばかりでyoutubeを始めた頃から芯とか根本が全く変わらないんだろうなと泣きたくなる,
0.88918114,みんな恋人作ればリア充とか金持ちが自由とか言ってるけどヒカキンみたいな好きなことを本当に頑張れて嬉しさに溢れてる人が真のリア充だと思う,
0.88902974,醤油ラーメンも作ってくれませんか作ってもらえたらうれしくていっぱい買います,
0.888974,個人的に何より嬉しいのはヒカクラ0が再開することなんです,
0.8889306,そんなにらこだわったのに期間限定なんでしょもうお店出しなよそうしないと食べる人の本当の笑顔は見れないよ,
0.8889285,普通に美味しそうだし一般市民に気軽に手に入りやすくて凄くありがたいです買いますね,
0.8888764,0年前からbgmも変わってない純粋にビロガーで商品紹介をしてたヒカキンと何も変わってない最高なyoutuberだわ,
0.8886807,夢を叶えられるって凄い事だな自分の好きな食べ物を商品として出せるなんて凄い,
0.8886017,本当に今までずっとみていたのできっとhikakinさんならみんなをワクワクさせるご報告なのかな,
0.88820106,最近のヒカキンあるあるかもしれないけど後付けの夢っぽくてなんかねって感じここまでやる熱量とかは尊敬してます,
0.88811374,絶対買います夢がかなって良かったですね僕までもうれしくなりました,
0.8880376,期間限定じゃないよね〇〇タンメンの様に永久に店頭に並ぶと良いね,
0.88803613,夢があってもなかなか叶えられないことが多い中それが叶うだけでも凄いですそれだけでも感動です本当に夢を叶えることが出来て良かったですねおめでとうございます,
0.8880265,これだけの成功を収めているのにまだ夢を追う姿勢が好きです,
0.88792425,自分のやりたいことにここまで真剣に向き合って努力してしっかり結果残すことってできるようで中々できないことだから本当に尊敬する,
0.8878865,食べるのが楽しみです娘にも食べさせてあげたいです,
0.8877531,ヒカキンさんが超こだわったラーメンはやく食べてみたいです楽しみすぎます,
0.8876275,hikakinさんの一生懸命作ったラーメン食べてみたい ́,
0.8876053,味噌ラーメン苦手なので醤油か塩も作って下さい,
0.88756084,好きなものを自分の商品にしちゃうっていう偉業ほんとにすごい0年かかったり活動休止になるのも頷ける,
0.8873896,お店に行かなきゃネットで会員にならなきゃとかではなくて普通にコンビニで帰るのが本当に素晴らしい何より本人が楽しんでるのが最高必ず買いに行きまーす発売日に行くつもりだけど買えるかなーすっごく楽しみですヒカキンおめでとう,
0.8873438,夢を叶えることも凄いけど夢が叶う方の瞬間を共にできることは一視聴者としてとても喜ばしいです,
0.8872089,小さい頃にhikakinのグラセフ実況見てたけど母がそんなアマチュア見てないでテレビでもみなさいとか言われてたけど今は明らかにアマチュアじゃないだろババァ,
0.88712406,下積み時代ほんとうにしんどそうなのにここまで頑張って夢叶えてて尊敬します,
0.88699037,0年振りくらいにhikakintv開いたけどオープニングが全く変わってなくてなんか安心したいつでも帰ってきていいっていう安心感ある,
0.88697594,どこかに行かないといけないとかじゃなくてどこでも手軽に買えるってのが神夢叶えれて良かったです,
0.8869359,本当にこの人youtubeで自分の夢全部叶えるんじゃないかなずっと応援するけども,
0.88691664,彼は好きなことを継続しているようだだからこそフォローしなければいけない,
0.8868294,本当にすごいひかきんは嫌味なところが全くなくてすごく好きです,
0.8867975,発売したら食べたいですねでもすぐに売りきれそう,
0.8867142,自分的にはラーメンの方がそのときに食べたかったからおいしかった長文すいません,
0.88664806,普通にいい話なんだけど恩師を紹介するかのようなテンションでラーメンについて語ってるのなかなかにシュールで笑った,
0.8863723,自分も夢に向かって突き進んでさらに実現させるような人になりたいな〜,
0.88621736,ほんとにうれしそうつたわってきます東京に行ったりせずセブンで買えるなんてヒカキンさん本当にありがとうございます,
0.886123,純粋で真面目な人だなぁと改めて感心させられました,
0.885982,映像で作ってる普通のラーメンが食べたい,
0.8858903,パッケージのデザインもセンスあって素敵ですね下積み時代も人生が変わるその日もラーメンと共に感動的です,
0.8858185,自分の商品作ってたの凄てか休みじゃないじゃんまぁ自分のしたいこと実現できることってやっぱすっごくカッコイイこれからも頑張って下さい応援してます,
0.8858152,俺やっぱ純粋で何事にも本気なヒカキン大好きだわ,
0.8854998,ヒカキンさんの人生って夢あって好きすぎる,
0.8854735,ラーメン店にするの飲食だからインスタントより異物混入系の事件が起こりやすくなるから絶対こっちの方がいいよね,
0.8853963,セブンイレブンのオーナーやってますおそらく特発で発注上限かかると思いますが上限いっぱい発注させてもらいます,
0.8853184,なんとなくヒカキンラーメン好きだな〜って思ってたけどまさか作ってみたいと思ってたとは食いて〜楽しみだな〜,
0.88510865,内容がなんであれ夢を叶えるってのは普通の人ではなかなか成し遂げれないことだからほんとに凄いと思う,
0.88510865,内容がなんであれ夢を叶えるってのは普通の人ではなかなか成し遂げれないことだからほんとに凄いと思う,
0.885107,実は広島市中区に私の父親のお姉さん夫婦が第0店舗寿々女すずめを広島市中区舟入へ開店してます良ければ食べに行って下さい,
0.88498783,ヒカキンさんおめでとうございますラーメンへの熱い想いが伝わってきました本当に美味しそうで今すぐ食べたいです追記沢山のグッドボタンや返信本当にありがとうございます,
0.88497204,hikakinpremium立ち上げおめでとうございますヒカキンさんの夢が叶ったこだわりのラーメン楽しみです,
0.88465035,しょうゆラーメンが美味しすぎて味噌ラーメン食べたことないのに凄く美味しそうこれは買いだな,
0.8846425,初期の頃から忘れられないものってめちゃくちゃいいよねぇ〜しかもそれが実現出来るなんてロマンあるわ〜本当におめでとうございます,
0.8845913,最近味噌ラーメンハマってるからマジで嬉しい,
0.8845788,故郷のラーメン屋さんのくだりは涙出るね具材や調味料だけじゃない背景や思い出が何よりの美味しさに繋がる隠し味,
0.8845588,あのラ王より高いのはびっくりだけど0円なら全然食べたい,
0.88447535,何かヒカキンクラスが初の商品開発って凄いな普通もっと格下のインフルエンサーでも出してるのにそれだけ慎重に製作してたって事かなこれはさすがに食べてみたい,
0.88431585,スーパーで働いてて商品売ってた側なのに自分がプロデュースして販売するの本当に感動する0日当日買いに行こ,
0.8841896,尊敬でしかないめちゃくちゃ努力を感じるし普通にめっちゃ美味しそう私もラーメンものすごく好きなので嬉しすぎます絶対買いに行きますおめでとうございます,
0.8841324,まってまさかのみそめし美味しそうすぎるヒカキンのことだから本当にこだわって作ってくれてるはず絶対食べまーーす,
0.8841059,夢を叶えることが出来るヒカキンさんを皆らいたい,
0.88401186,やっぱりhikakinは人間性もパーフェクトだし表の人間としてもパーフェクトだと思う,
0.8839305,自分の好きな物を形にしてこだわって作るのってすげ〜よ本当にかっこいいよ発売されたら買う食べたいもんいや〜尊敬,
0.8836969,小さい子はにんにくは刺激的に感じるかもとかそういう配慮ができるのがすごいと思う,
0.8835815,hikakinさんの血のにじむような努力が伝わってきますわ,
0.8833561,努力は報われるってこの人のことをさしてるってぐらい努力してるラーメンは言い方悪いがお金を出せば手に入るだけどヒカキンの努力はお金なんかでは買えないほんと凄いおめでとう,
0.8832556,自分の好きなことしたいとか好きなもん作りたいとかは誰でも思うしお金とかがあればできるでもここまでしっかり自分で考えて色々試してみて0年掛けて自分が作りたかったもんを実現出来るってのは大変なんてもんやない自分のすることに熱意持ってとことんやっとるからみんなから人気になったんやと思う誰がどう言おうと俺は尊敬するな,
0.8831287,一切妥協しないこの人の出すラーメンなら味も期待出来そうですね後は値段か,
0.8831163,これだけ影響力ある人は何を発売してもすぐ大好評になりそう,
0.8830972,元スーパー店員が好きな商品を作れるまで有名になったのが本当に凄い,
0.88305104,ヒカキンは本当に充実してるなぁそうに決まってる,
0.88304937,自分が叶えたい夢を叶えられて本当にすごいと思う自分も見習っていきますそしてどんな報告でも受け入れていきます,
0.88303316,まさかこれをやるためにずっと商品紹介をやってきたのか,
0.88293725,hikakinが生きてる時代に生まれてこれて良かった,
0.88293034,ちゃんと全国のラーメンを回るという伏線をはっていたと思うと鳥肌もんだわ,
0.88274264,味噌ラーメンからもやしメンマネギ赤い調味油って感じがくるり意識してそうで好き,
0.8826812,0番びっくりしたのがhikakin様の書道が想像以上に上手かったこと,
0.88265765,色々考えていることが好感持てるまだまだたくさん好奇心いっぱいワクワクしかない,
0.88248116,おそらくしばらくお目にかかれないと思うので世間が落ち着いたら食べます,
0.882457,こだわっていたのでしたらセブンイレブンさんでなくても,
0.8824528,hikakinさんの夢が叶って良かった絶対買って食べます,
0.8824239,夢に向かって進んで行く姿に感動しました,
0.8824215,どんな報告でも応援することに変わりはないんだけど全国ツアーだといいなぁー♪♪,
0.88239276,ずっと夢を持ち続けるって事がすごい普通は一つの事で満足しちゃいそう,
0.8823543,グッズ系じゃなくてラーメンメインなのが個人的に嬉しい,
0.8822373,ずっと商品紹介してとうとう自分の商品ができたんですねおめでとうございますセブンのオーナーなのでたくさん発注しますね,
0.88205767,絶対にどっちも買います休んだ理由がこんなことでよかったですこれからも頑張ってください大好きです,
0.88203716,hikakinの夢が叶うのならいくらでも休んでいいのよ,
0.88203186,youtubeのみでここまで来れるって本当にすごいことだと思う,
0.8819107,はよ食べたいおめでとうございます夢を叶えていく瞬間をこうやって見ることが出来て同じ時代生きれて幸せです刺激もらいました,
0.8816496,ヒカキンさん新しいラーメンを発売されるということでおめでとうござまいす発売を楽しみに過ごさせていただきます,
0.8815054,hikakinさんは安心して一生推せる発売が楽しみ,
0.88133276,こうやって夢叶えちゃうからhikakinはすごいよ,
0.8811948,僕の誕生日にヒカキンが精神的におかしくなりそうだったのほんと草,
0.88116723,勝手に期待しといていざ発表した時文句言うのは違うだろ素直におめでとうでいいでしょ,
0.88112825,まじで気になるどんな結果でも応援してます,
0.88089967,味噌ってのがいいですね食べてみます次あれば豚骨も期待してます,
0.8807197,完成おめでとうございます発売楽しみですラーメンは豚骨とかが人気が多いですがそこを味噌でくるところがたまらないしかもニンニクいり最高楽しみにしてますあちこちのセブン巡りしよ,
0.8806653,自分の夢のために活動をお休みは全然いいと思う自分の夢を誇りに思え,
0.8805417,今までと全く違うトーンのヒカキンさん感動しました,
0.8804974,夢を実現することはとても難しい事を叶えるってすごいと思いました0月0日コンビニで探します,
0.88046056,同年代でハモネプやってたって思うといつも鳥肌というか感慨深くなりますˇωˇ,
0.88043964,好きなことで生きているを体現したまさに偉人私たちに夢を与えてくれて本当にありがとう,
0.8804334,ほんとに努力の積み重ねが遂に実った感じが伝わります,
0.880381,ヒカキンさん0年前ゲーマーと言いましたよね,
0.8803617,私もバイトしてた頃社会人になってからもお世話になってますカップ飯もあるの有難い贔屓します,
0.88030267,ラーメンの無い世界なんて考えられないほんとにラーメンって多くの人を救ってると思う,
0.88029456,向上心あって素晴らしいラーメン旅もしてるくらいだから好きなんやね,
0.8802832,これからこちらの新商品のpop作りをさせていただきますセブンイレブン社員です売り切れそうわたしも食べます,
0.880216,売り切れたら終わりとかじゃ無くどんどん作っていつでも買えるようにしてね♪,
0.88017243,もしかしてこの味噌はヒカ菌から作られててすごい美味いのか,
0.8799521,いやすごすぎるわyoutube活動だけでも忙しすぎるのにその合間を縫って自分の夢を叶える活動をするなんて,
0.8798565,youtube続けながらもこれを着々と進めていたと考えると本当にすごい,
0.879582,店舗じゃないところがまたyoutubeの身近さを感じましたなんか泣きそうになったおめでとう,
0.8795755,夢をちゃんといつも叶えていくのがかっこいいおめでとうございます,
0.87948626,hikakinさんが幸せなことならこっちも嬉しい気分になれる,
0.87913173,hikakinさん花月嵐ラーメン屋に行ってくださいお願いします,
0.8790418,自分の夢を叶えれて良かったですね,
0.8790269,大好きなラーメン旅企画が商品開発の伏線だったの嬉しすぎ,
0.8790259,ぼくもラーメン大大大好きです夢が叶ってよかったー,
0.8790001,濃厚味噌で香味油白味噌使用麺処くるりが本当に好きだったんだなって分かるわな,
0.87888867,視聴者の意見どうこうじゃなくてちゃんと自分の好きなこと貫いて努力してるのかっこよすぎる,
0.87888044,夢を叶える人って裏で相当苦労してるのが垣間見える本当にすごい,
0.8788614,ヒカキンさん今年セイキンさんとの曲作らないんですか,
0.87885535,濃厚味噌ラーメンと濃厚味噌メシどれも美味しそう買う時間があったら両方買います,
0.8787789,濃厚味噌ラーメンが税込で0円なのなぜかひかきんの優しさ詰まってるような感じがしてすき,
0.87856317,当たりがでたらもう一個もらえるという機能はどうですか,
0.8785064,誕生日の日に販売開始してくれてありがとうございます誕プレとして買ってもらいます,
0.87848145,作ってるというか味見して文句言って作らせてるだけよねこういうの作るってのは自分でダシとって作って初めて持ってってそれを再現させるのがいいのに名ばかりラーメンでわなぁ購買意欲にはつながりませんぬ,
0.8784423,hikakin様がラーメン食べてた所の店長びっくりするやろなぁ,
0.8783696,しょうもないとか言ってる奴ら人の夢を0文字で片付けるなよhikakin本当におめでとうこれからも一生ついていくわ,
0.87835956,夢を叶えるってなかなかできないことそれをこんなんでとか言ってる奴なんか気にすんなというか本人は全然気にしてないと思うけど,
0.87829137,熱湯入れたら0分じゃなくて0分待つのかさすがヒカキン全てがオリジナル,
0.8782561,もうすまんけどhikakinさん超えるyoutuberはほんとにいないもう俺が決めたこの人は人としてもyoutuberとしても最高って感じで大好き,
0.87795943,ジジキンは天国で笑ってるヒカキンのゆめが叶ったから,
0.8779327,自分の夢を叶えるために0年間頑張ってそしてその準備のためにたった一週間視聴者を待たせないようにすることができるyoutuberの鑑,
0.8779195,ヒカキンのことだから妥協せず真っ当に頑張ってこだわって制作したんやろな,
0.877855,味噌ラーメン好きなので見かけたら絶対買います,
0.877793,休むじゃなくてシンプルにすごいことしてる本気度がすごく伝わる,
0.877785,偏見だけどさこういう体型の人が作ったものって美味くない,
0.8777377,ポジティブな報告なのかネガティブな報告なのか事前に言ってくれるのを本当のありがたい心持ちが穏やかで見られる,
0.8777196,自分の夢を追うという事は凄く良い事とだと思う,
0.8775923,急上昇0位おめでとうございます0年かけてできたラーメンが買える日が待ち遠しいです,
0.87737894,時代に残るものを明確に作れるってのは誰にでも出来ることじゃないよすげえなあ,
0.87735915,本当の予想外すぎて困惑しながら普通に嬉しい俺がいる,
0.8773416,味噌ラーメンは普段あまり食べませんが流石に買わずにはいられません0日セブンに走ります,
0.87733376,すごすぎる夢を叶えていくのすごいよo̴̶̷̤◦o̴̶̷̤発売されたら絶対食べる人気すぎてすぐ無くなりそうで怖い,
0.87732536,ヒカキンこそ努力に努力を重ねたtheyoutuberって感じまじですげぇ,
0.87716126,0月0日になったらすぐセブン行って買ってきすラーメン好きだしめっちゃ楽しみ,
0.87710637,ラーメン作るためにダーツの旅やってたとしてもあれは辞めないで続けて欲しい,
0.8770904,ぼくの将来の夢はyoutuberとラーメンを作ることですまさかの同じ,
0.87691665,こんな休みのない多忙の中でラーメンの商品作りも進めてたの凄すぎでしょ絶対食べます,
0.87689245,小麦アレルギーだからご飯あるの嬉しいお母さんにラーメン食べてもらおうヒカチャンよかったね,
0.87685406,わぁー夜中に再生してラーメンクッソ食べたくなったー発売したら買います0月0日楽しみ,
0.8768124,ラーメンに目をつけるとはセンスというかなにもかもスゴすぎてさすが神と呼ばれるだけある全youtuberびっくりしてんだろうなぁ,
0.8767348,〇〇監修って名前だけ貸して開発とかはほぼ任せっきりな人もいる中こんな0から0まで全部本気で本人が携わってるのすごいな,
0.8767133,東京に住んでいなくても食べることが出来る名義だけ貸してるとかでもない本気の一品絶対食べます,
0.8766561,また新しい夢の実現を期待してます頑張ってください,
0.8766274,休止理由もヒカキンらしくて応援したくなるなぁ,
0.87660235,このままいけばヒカキンさんも0日で0万再生いけるぞ,
0.87658864,この人のこだわりましたほど説得力のあるものは無いよねめちゃくちゃ楽しみ,
0.87655985,めちゃくちゃこだわり抜いて作られたのがすごく伝わりました絶対買います,
0.8764513,この人ほんといつでも自分の夢に向かっててかっこいい,
0.87644595,頂点がこの人で良かったと何度思えばいいんだろうか,
0.8763557,このコメント残念だわまずそうとか言ってる奴は絶対買うなよヒカキンさんの努力の何も知らない奴が語ってんじゃねーよ,
0.8763332,おめでとうございます全然関係ないけどサービス終了が決まったアプリゲームをサ終取り消させてみたみたいなの出来たら見てみたいですガンダムブレイカーモバイルとか,
0.87610567,まじでかっこいいどんなに苦しくても辛くても頑張った先にこんな未来が来ると信じてがんばります,
0.8760566,0年間大好きなものに熱中して本気でできるの本当に尊敬,
0.8760375,本当に心からおめでとうと伝えたいヒカキンはほんと凄い,
0.87599516,そういう事だったんですね夢を持って努力して叶えるなんて凄いです本当におめでとうございますこれからも応援してます,
0.8758177,これは売り切れなるだろうなー買いたい名言食べ終わったら容器は綺麗に保存だほんと美味しそうで,
0.8756996,ヒカキンが食べてるものなんでも美味しそうに見えるのなんでだろう,
0.87536466,待ってましたヒカキンさんの夢の報告楽しみです,
0.8753243,ラーメン好きだから嬉しいあと落ち着いたらちょっと休んでほしい切実,
0.87521815,これがヒカキンがの視聴者側へのドッキリだとしたらマジで笑える,
0.8751867,すごく食べてみたくなりました見かけたら絶対に買って食べます,
0.8750462,hikakinってたまに見るとほのぼのしてふふってなれるなんか疲れてたけど少し心穏やかになれたhikakinありがとう,
0.8750248,品切れしまくってる未来が容易に想像できる笑,
0.8749341,すぐ完売しちゃいそういつ食べれるかわからないけどめっちゃ楽しみです,
0.87481654,やりたいことをなんでもできちゃうそれがヒカキンの力短いお休みで休めたかなもうちょっと休みたいよね,
0.8746961,こんな素敵な人本当に居ないしもうほんと大好き頑張ってほしい,
0.8746616,僕もラーメン食べて0万人にザーメンかけます,
0.87454444,ラーメン食べてみたいニッシンとすごいね元スーパー定員とは思えないよね,
0.8745374,勝手に報告だとばかり思ってたから予想外すぎたけどヒカキンさんのyoutuberとしての夢とは別の夢が叶って本当に嬉しい,
0.87448865,絶対買いますhikakinさん素敵です休んでないですよそれみんなのために頑張ってるとか尊敬です,
0.8744076,すげぇよヒカキンさんそしておめでとうこれからも応援しています,
0.87431794,後半情熱大陸のような感動が発売心待ちにいています,
0.87427235,本当にこの人は努力が凄いな,
0.87407476,本当に努力してきたのが伝わりましたラーメン絶対買う,
0.8740565,なんかhikakinさんはyoutuberで成功してるからとかそういう妬み全くない努力が実った人だなぁって見れる,
0.87402344,しょうもないって言われても夢を叶えられることはすげーよ,
0.87396276,どうせhikakin印のラーメンでも作ったんでしょ鼻ホジ,
0.87387764,ラーメンとカップめしはくどくないんですか,
0.87384784,この人はたった一週間の休みのために盛大にみんなのことを考えてるんだなこの人こそ本物の聖人だ,
0.873781,しょうもなって言ってる奴お前らが高く見すぎただけやろ本当にhikakinさんおめでとう,
0.8736179,らーめんもいいがもうそれ以上太るではないぞ,
0.8735566,多分都会の方でしか流通してないと思うセブンイレブン行ったけどなかった,
0.8735426,復帰は0日か0日って言ってたけど早い方にしてくれたのはありがたすぎますご報告楽しみです追記報告見ました発売日gじゃないのと平日ってのがまたいいですね欲しすぎる,
0.87354136,夢の実現おめでとうございます伝えたいことが箇条書きなのがわかりやすく誠実でラーメン屋っぽくもある,
0.87350976,ただ休んでただけじゃなくて頑張ってラーメン作ってたのは感動,
0.87345433,努力が報われる瞬間はまさにこの事なんだろうなヒカキンさんおめでとうございます,
0.8734298,お金を考えないで自分がしたいことできるのは努力の賜物だな,
0.87341076,hikakinさんおめでとうラーメン絶対買うわ,
0.8733248,感動するなぁヒカキンさんの夢が叶ったの本当に嬉しいなおめでとうございます,
0.8732973,どんな小さな事でも夢を叶えられるって素敵な事だよね,
0.8732882,他のyoutuberがやるぼったくりアパレルとかじゃなくて本当に自分がやりたいことを実現できるのは尊敬ですo゚▽゚o,
0.8732151,ラーメン大好きだから必ず食べます,
0.873053,夢を叶えられた事おめでとうございます素晴らしい発売したら絶対買いに行っちゃいますスバラシイ,
0.87303907,ヒカキン俺このラーメン買うよサイコーじゃんyoutubeドリーム見せてきた男の夢の結晶でしょ,
0.87302846,くるりと蒙古タンメンに謝った方がいいよ,
0.872929,数百年後とかhikakinの人生大河ドラマになってもいいと思う,
0.87289566,夢を持つこと自体は誰にだってできるけどそれを叶えることはそれだけの努力をした人しか出来ないほんとに凄い,
0.8728954,一時期すごい太ってた時あったけどラーメンの味作ってたのか,
0.8728308,0年間かけたラーメン絶対買いに行きます楽しみです,
0.8728014,マジで気になって夜しか寝れなかったから楽しみだわ,
0.8727863,コンビニで買えるのはいいですね,
0.87278295,夢を実現させるのは困難でもヒカキンは努力でその困難の壁をぶち破ったほんと凄い,
0.87270445,これだけ成功してても夢に向かって走り続けて実現させるとかカッコ良すぎる一人の人間として尊敬,
0.87256914,わかりみが強いですラーメンは人生です必ず買います,
0.8725155,えスゴすぎるほんとに尊敬しますこれからも頑張ってくださいでも体調には気おつけてください何時でも応援してます,
0.87242025,初コメどのyoutuberが食レポしてくれるんだろう忖度なしで私的にはサッポロ0番味噌ラーメンを越えるかどうか,
0.87241346,泣きそうになるくらい相変わらず感動しました,
0.8723142,お前が実際ラーメン作って客に対して永遠と対応するなら応援する裏切るなよ,
0.87226546,なんか泣けてきたよヒカキンさんあなたはほんとにyoutube界の宝だよ,
0.8722431,おめでとうございます絶対に買って食べたいと思います本当に美味しそう急上昇ランキング0位素晴らしいです,
0.87222093,発売日が0月0日ってさドラゴンボール好きなことも込めて悟空なのかなって思ったけど偶然だよなぁ ́ω,
0.8721816,セイキンさんおすすめシールを貼って発売してほしい,
0.87215096,こんなに有名になってもまだまだ夢に向かって努力するヒカキン素敵すぎる,
0.8721135,半年後とかにスプラトゥーンのフェスで味噌ラーメン派対味噌メシ派の戦いあると思ってだけど今のスプラトゥーンフェスの選択肢三択なの萎える,
0.872094,おめでとうございます私もラーメン大好きなので楽しみ過ぎます,
0.8720707,特別hikakinがすきってわけじゃないわたしでもめちゃくちゃ凄いなって思うしやりたいこと叶えてること尊敬するしもうなんか凄いなって思います語彙,
0.87199795,なんかhikakinが幸せそうで私もうれしい,
0.87199634,何事かと思ったらラーメンで草0円も出すならすみれでええわ,
0.87190795,自分のやりたいことを全力で出来るのカッコよすぎる,
0.8718437,youtubeやりながら0年これを作れたのはすごいと思う,
0.8718131,やっぱhikakinさんは努力のが凄い,
0.8718091,本当におめでとう夢を叶えられて本当に良かったね楽しみにしてます,
0.871809,夢を叶えるためにyoutube活動で忙しい中でもこだわり抜いて商品開発をしてたというヒカキンさんの裏側を見てると本当に勇気を貰える,
0.8717573,めっちゃ素敵ですね♪ラーメン食べますねナイスゥyoutuberが飲食に手を出す流れが出来てますね焼肉カレーパンラーメンありがとうございます♪あと唐揚げも食べてみたーい,
0.87174636,夢が叶って私も嬉しいです,
0.8717146,同じ新潟県民として全力で応援し続けます頑張れhikakin,
0.8716176,店をひらくなら遠すぎてヤバい青森だからだけどコンビニなのがいいしお手頃価格なのがいい,
0.87150574,みそキン必ず買いに行きます行く時間であればいいけど,
0.8714813,ちっちゃい頃からラーメン好きなんすよね,
0.8713948,初めどれだけすごいか分からんかったけど冷静になって考えたらとんでも無いことしてるの草,
0.871391,明日から発売ですけどちゃんと手に入るかなーすぐ売り切れてたりして,
0.8713844,こだわってる理由がもし上辺だけだったとしてもやさしすぎる,
0.8711545,一年賭けたラーメン食べますね〜近くで買えるの嬉しい,
0.8711099,これ辛いの麻婆豆腐しか食ったことのない中学生でもくえますか,
0.87103796,お金持ち始める献呈的な人調子にのりすぎだわでも売れるといいですね,
0.87102354,これが自分の誕生日に発表されて嬉しい,
0.8708132,こっちまで嬉しくなるわぁ絶対買うてかセブンで売ってるのすご,
0.870791,ヒカキンが笑ってるとこっちまで幸せになる,
0.8705764,元スーパー店員の経験とか活かして商品開発してるのすごいそのままスーパー続けててもその内商品開発部とかに異動してたかもしれないね,
0.8705261,発売決定おめでとうございます0月0の発売日に0つとも買いますこれからも応援してます頑張ってください,
0.87038225,だからラーメンダーツとかやってたんだね好きなものを本気にできるのって本当に尊敬できる,
0.8703669,発表するまで0分もかからないの流石ヒカキンって感じして好き,
0.87027115,好きなことに本気になれるの本当に尊敬するわ,
0.8700576,00ここで無駄に謙遜しないで0億点を自分に送るのすごく好き,
0.8699398,いい歳したおっさんがこれレジ持ってきたら笑うわ,
0.8697755,ヒカキンさんのことやからしおきんつけきんすでに準備しとると思います,
0.86974025,hikakinさん大好き𓂃𓈒𓏸𓂃𓈒𓏸𓂃ラーメン美味しそうですね,
0.86972064,こってり好きにはたまらん楽しみに待ってますラーメン大好きだぁ,
0.86962616,現在イギリスに住んでいますが両親に頼んで送って貰います改めておめでとうございます,
0.8695703,マジで努力してるのが感じられる尊敬やわ,
0.8695703,マジで努力してるのが感じられる尊敬やわ,
0.86956644,プレミア公開の時コメントで文句奴多すぎて悲しくなったわ素直に祝ってやればええやんけ,
0.86953336,ヒカキンは何回ラーメンと言ったでしょう,
0.86929417,くそー食べたいのに近くにセブンがないあったとしても二時間かかる,
0.86915183,映像ヒカキンが作ってるの何気に凄い00,
0.869141,味噌をこだわるとか具体的なコンセプトがないゆえどんなものを作りたいのかよくわからなかった,
0.86902094,活動の休み時間が夢を追い続けていた時間とかカッコよスギル,
0.8688413,いやもうほんっと幸せそうすぎてこっちまで幸せになりましたラーメン大好きなのでどちらもぜっったい食べます楽しみ,
0.8687204,hikakinの夢が叶って本当に良かった,
0.8687117,しょうもなってコメントちょくちょくあるけどこれのどこがしょうもないのか説明して欲しい笑笑,
0.8686476,おめでとうございますとても美味しそうなラーメンですね早く食べてみたいです,
0.86862,絶対買いに行きます楽しみにしています,
0.8683908,好きなことにほんと全力一生懸命な方観てて面白いし楽しい尊敬沖縄でも販売あるかな,
0.86826384,そうだったのか僕もうれしいしヒカキンさんもうれしいのか,
0.8682398,お休み頂いてありがとうございますって上の立場になったにも関わらずほんと謙虚だよね尊敬する,
0.8681178,取り敢えず二種類買うヒカキン応援してるから,
0.86801535,本当に向上心が止まらないなこの人は,
0.86792,発売楽しみにしてます ́出来たら違う味もお願いしますmm,
0.86791074,ファミマ派だからファミマまで置いて欲しかった感ある,
0.8678774,夢を叶えるその力凄すぎです尊敬,
0.8678598,本当に凄い努力の賜物ですね,
0.86777407,絶対買いますでも売り切れてそうで怖い,
0.86757433,自分のやりたいことをずっと貫いてんのすごすぎるこれが本物のyoutuberか,
0.86743414,食べたかったけどたまごアレルギーだつらいたまごなしのもだしてヒカキン,
0.86739206,これは売れる口角が上がる感覚わかりますさっそく0日からセブン見てきます,
0.8672874,麺の硬さが気になって,
0.86691284,シンプルになんか感動した笑やっぱヒカキンってすごいな,
0.8668862,0万なんて売上だけですぐ回収できるのよhikakinはだから大したことない,
0.8667335,スーパー兄弟地元の人も嬉しいし誉ほまれだよね,
0.86671543,で一週間休んで何をしていたん笑要は期待商法やんな一週間身を隠して遊んで期待値を上げたかったん,
0.8666808,めちゃくちゃ美味しそうに食べるからお腹すいてきました絶対どっちも買います,
0.8666447,服とかじゃなくてラーメンってのがhikakinらしくて好き,
0.8666293,見てるだけで腹減ってくるわ,
0.86650985,これだけの熱量で作ったラーメン絶対おいしい,
0.86643946,ヒカキンさんかっこいいと思う人↓,
0.86639285,久々に見たらソファの人形がヒカキンだらけになってる,
0.8663707,ラーメン好きアピール多すぎて嫌味が差してくるけどめちゃくちゃうまそう,
0.8663274,ヒカキンのいつもの癖ならみそおって名付けそうなのに,
0.8663086,ラーメン美味しそうですけどめそらーめん食べれないのでしょうゆとかでもいいので食べたいです,
0.86622995,泣けましたおめでとうございます0日セブン出勤なので必ず買わせていただきます出勤前に売り切れちゃいそう楽しみです,
0.8660699,0日か0日にって言っていてしっかり0日にあげてくれるところが本当流石すぎる,
0.8659982,夢を叶えるために頑張ってきたことが本当に素晴らしいです,
0.8657855,お身体に気をつけてくださいね次はほんとに0ヶ月くらいお休み取ってくださっていいんですよー,
0.8655919,ラーメンを初めて作った人ラーメンを広めた人ラーメン屋の人みんなヒカキンさんを支えてヒカキンさんをこんな大物にまでさせてくれてありがとう,
0.8655692,0ヶ月でも休んでくれてよかったくらいすごいことしててほんと尊敬する,
0.86553395,サムネ明るいから良い内容だと信じたい,
0.8654968,おめでとうございますセブンでかえるの有り難い元気がない時に私もヒカキンラーメンでパワーもらいます✾,
0.8653434,これはさすがに食べたい,
0.8653432,味噌だからって安直にコーン放り込んでないヒカキン信用できる食べたい,
0.8653292,予想外だったけどこれは絶対買う,
0.8652293,このみそキンラーメン買わない人いるいないよねヒカキンのラーメン買うぞー,
0.8650142,ヒカキンさんかっこいい絶対食べます,
0.865005,つよぽん絶対に0月0日買ってみようかな超美味しそうだね,
0.8649684,サムネ変えるところとかさすがだな〜と思う常々youtubeのご報告サムネには嫌気がしているので発売まであと0日たのしみー,
0.8649422,お店に行かなきゃ食べれないとかじゃなくてコンビニで買えるっていうのに優しさ感じる,
0.8648143,好きなことにここまで全力を注げるのも聖人と呼ばれる0つの理由なのかもな,
0.86477005,口角が上がるラーメンってすっごくいい,
0.86475235,クッピーラムネ0袋買った方がまだいい,
0.8647071,田舎はないかと思ったけど全国で嬉しい絶対買う,
0.86468756,服とかじゃなくてラーメン売るのは本当に好きだわ,
0.86459434,すっげって漏れた本当に尊敬できる人物です,
0.8644705,本当に尊敬するけどごめんなさいパッケージがやばいクレーマーのすするにしか見えん笑笑,
0.8644647,ヒカキンさん何百億って持ってるんだから0円くらいにしてよー,
0.86443913,商品紹介系youtuberがついに自分の商品を紹介する日が来たのか,
0.86435455,胸が熱くなりました泣きそうです泣いてるけど感動の涙〜おめでとう御座いますこれからもお身体にお気をつけてください,
0.8642472,ラーメン好きだから見かけたら食べてみるわ,
0.8642379,こだわるなら人工甘味料とか使わないで欲しかった,
0.8641409,絶対買いますhikakinさんこれからも頑張ってください,
0.8640813,おめでとうございますまさかの誕生日に発売絶対買います早く食べたいです,
0.8639613,俺も自分の商品出せるまで頑張るわ,
0.8637213,絶対買う出来ることなら店も出して欲しいね,
0.8636792,好きだったラーメンを作るなんてすごいな,
0.86360985,めちゃくちゃ楽しみ美味しそうだから早く食べてみたい,
0.86355627,誰がやっても同じだろヒカキンである必要性がない,
0.8633713,0年間やってて初めての休みきっといいご報告だと思うまじ楽しみ,
0.8632451,奈良県もうありますか皆さん教えてください,
0.8631539,絶対うまいやん買うか本当におめでとうございます,
0.8631289,好きなことで生きていくを貫き続けていて本当にかっこいい,
0.86275965,ラーメンの方が美味しかったです,
0.862759,こんなに本気で食べたいと思うプロモーション初めて,
0.8627026,hikakinのラーメン買わない人いない説,
0.862549,こんなに頑張って作ったら買うしかないよね,
0.86224467,招き猫キンのとこ満面の笑みとともに特に何もありません声出して笑いました,
0.8621768,信頼がやばすぎて買おうって自然と思った,
0.86206746,シンプルに凄い本当に頑張ったんだなって尊敬できますね,
0.86202854,世界の紛争を全て根絶しましたとかでもhikakinなら許せる,
0.8617979,0円本当にいつでも誰でも食べたいときに食べられる価格設定で泣ける,
0.8616459,ラーメン製作の関係者から情報もれなかったの凄いな,
0.8614816,hikakinさんが監修したやつなのかなすげぇ,
0.86135435,ヒカキンー今日買って食べたよメシすごく美味しかったまた買います,
0.8613095,一週間お休みしてまあ当たり前だなと思ったら頑張るためのお休みだとはさすがすごすぎるちょっとはお休みしてくださいね長文失礼しました,
0.8611838,ヒカキンのラーメンだね買います,
0.86114234,具材がくるりのラーメンぽいのも感動でしかない笑,
0.86091244,塩や醤油豚骨のバージョンのラーメンも出してほしいなー,
0.86074007,こんなうまいもん出されたら俺が太ってしまうて,
0.86064374,なんか感動するなぁここまで来たのかって感じるわ,
0.8605664,休んでた理由ラーメンかいて最初は思ったけどなんか想い伝わって泣けてきたわ,
0.86047506,絶対に食べたいです感動しました,
0.8602303,これは普通に感動したわ,
0.8601947,0万個は売れるだろうねってなるといくらの儲けなんだろヒカキンに0億くらいは入ってくるのか,
0.86015826,味噌ラーメン大好きなので楽しみです,
0.86004704,hikakinまじでかっこいいよ夢を叶えていくその姿尊敬,
0.8600019,夢を本気で叶えた姿めっちゃかっこいい,
0.8599475,疲かれたから休むとかじゃなくてみんなを喜ばせるために休むなんて本当凄いさすがみんなのヒカキン,
0.85978615,ヒカキンさん頑張ってくださいずっと応援しています,
0.8597477,本当に真面目な方やな尊敬するわ,
0.8596844,めっちゃくちゃ嬉しい自分の事の様に喜べる,
0.8596437,めっちゃくちゃうまそうマジでヒカキンさんは凄いなぁ,
0.85960966,カップメシの方0食目からはチーズ入れて食べてみたい,
0.8595193,ヒカキンさん素晴らしいですね,
0.8594875,うわぁぁぁぁあすごいよかったね絶対食べる夢に向かって全力で頑張る姿心から尊敬します,
0.85946894,夢かなって良かったねおめでとうセブイレに並ぶの楽しみに待ってます,
0.85936856,突然国家転覆やぁりましょうとか言われてもヒカキンさんなら株上がりそう,
0.8591574,父に0年育ててたアロエ捨てられてショックだったけどなんか元気出た,
0.85913444,俺やっぱヒカキン好きだわ,
0.859095,ラーメンはラーメンでも味噌に限るよなぁ,
0.8590779,辛い事を乗り越えた人だけに娯楽が待ち構えてるんだな,
0.85878646,ラーメンとかtシャツとか誰でも買える値段にしたとこに好感もてる,
0.8587353,メンマ好きにはたまらない,
0.85863477,やりたかったifルートを同じ人生でどっちもやってるの凄すぎる,
0.8585744,この度わたくしヒカキン眼鏡を新調しました,
0.8585546,味もこだわってそうちゃんと美味しそうなので期待,
0.85850805,ミソキンラーメンの残り汁にご飯いれたらミソキンメシにならんの笑,
0.8583204,味噌ラーメン自体が好きすぎるし絶対買うめっちゃ楽しみ,
0.85819274,夢を叶えようと努力して叶えるってすごいことだと思う,
0.85817915,蒙古タンメンがライバルかな辛いバージョンも出して下さい,
0.858157,ラーメン何回も買うからとりあえず0週間ただただ休んでほしい,
0.8578802,服とかじゃ無くてラーメンなのほんとに好き流石hikakin,
0.857869,インスタで見ましたラーメンとカップ飯絶対食べますψч☆,
0.85785145,嬉しいけどこの人の休み少なすぎ,
0.85779667,この人はマジで凄すぎるよ,
0.85779196,発売が楽しみすぎて毎日見てます見れば見るほど美味しそう,
0.85765094,セブンだけじゃなくてスーパーとかにもあったらすごい売れそう,
0.8576458,ラーメン好きだからまじ嬉しい,
0.8576386,hikakin自分で自分を超えちゃったかな,
0.8576109,0週間も休んだ言い訳がこれはなあ,
0.8575903,これだけ夢を叶えた人なのにまだ叶えたい夢があったなんて凄すぎる,
0.8575425,夢を叶えられて良かったですねおめでとうございます諦めなければ夢は叶うセブンで出会ったら買います,
0.85748833,早く発売されないかなー早く食べたい,
0.8574383,味噌ラーメン大好きだから嬉しいー,
0.8572652,ヒカキンって報われるまで努力できるの凄いな,
0.8572466,seikinと仲良い兄弟って感じがほっこりする素敵,
0.85714823,どこまで行ってもめちゃくちゃ優しい人だなあ,
0.85709137,こんな美味しそうなのコンビニで買えちゃうのすごい早く食べたい,
0.85687244,服とかコスメじゃなくてラーメン出すの好き,
0.8566348,映画見た気分感動した,
0.8566132,この人がちでまじもんなんて言うんだろうここまで誠実で真実で素直な人見たことないんだよねヒカキンさんを見てると大人って素敵だよな捨てたもんじゃないって思える,
0.856368,夢を追い続ける大切さを改めて感じた,
0.8562905,ニンニクが効いた味噌ラーメンは食堂ミサイメージかな,
0.85607123,そのラーメン買いたくなります,
0.8559055,ニューミサのラーメンはほんとおいしい,
0.8559043,麺の太さが大好きな太さだ,
0.85571945,味噌ラーメン好きにはたまらんなーおめでとうございます,
0.8557024,ラーメンでまさかこんなに感動させられるとは思わなかった,
0.85558337,カップ飯も出してくれるところが最高,
0.85546476,コンビニで見かけたら絶対買うしかない,
0.8552743,市ヶ谷の旧くるりが好きなの同じだし味噌だし楽しみ過ぎる,
0.85509133,結構マジで少しでいいから休んで欲しいとりあえず夢叶えられておめでとう,
0.8550582,変なアパレル系に走る奴も多い中ラーメンで勝負を仕掛けるってのは素晴らしい,
0.85488075,ヒカキンてほんとに人として出来すぎてるよな,
0.85483396,健常者なら大丈夫じゃね皆が平等じゃあないから,
0.85478985,hikakinずっと大好きだから絶対食べます,
0.8547835,両方とも必ず購入しますっ発売日が楽しみ,
0.85475326,人の夢が叶うのを見るのは最高hikakinなら尚更,
0.85469145,感動をありがとう久々ぶりに涙したよこういうことなんですよ,
0.8545646,毒入ってるから食べ無い方がいいろ,
0.8545069,すげぇなぁやっぱ出来る人は何に手を出してもやり遂げるんだなぁ,
0.85450053,ご報告系youtuber最近腐るほどいるけどやっぱプロyoutuberのご報告の内容は訳が違う,
0.85436803,大好きなものを磨いていくその姿大人の私も勇気づけられるかっこいい,
0.8542443,同じ地元民ですやっぱりミサのラーメンですね,
0.85422164,好きなことで生きていくを実現させた漢かっこよすぎる,
0.85409814,号泣してしまいました本当におめでとうございますかっこいいです発売されたらセブンにいきますね♪,
0.85408896,絶対にうまいそうに決まってる言うまでもないね,
0.85408396,これに救われ励まされた人間がまた新たな物語を紡ぎ出す,
0.85405177,味噌ラーメン好きだから食べてみたい ́,
0.85404754,商品紹介のプロが自分の商品を紹介するのすごい,
0.8538195,hikakinの夢って俺らに想像できんよなどんな凄い事なんやろ本当に楽しみすぎる,
0.8537327,もうhikakin教科書に載ってもいいレベルだろ,
0.85372734,たかが0年片手間で修行笑したのを商品化してお情け商売してんの面白すぎる,
0.8535798,一週間休むのが夢でしたとかでも全然納得,
0.85353637,ラーメン大好きだから嬉しい絶対買います,
0.85340846,上手くいくか失敗するか分からんが絶対食べるわ,
0.853335,アレルギーがあるから食べられない,
0.8532732,ヒカキンさんおめでとうございますいつもみていますずっとみていますお体大切に永遠に0番星で輝いていて下さいラーメン必死で買いに行きますね,
0.8532361,出てきた直後に親に買って買ってって言います,
0.85321623,改めてすごい人だなと思った,
0.85315365,ヒカキンさんもし可能でしたらtシャツ再販希望しますωペコリン,
0.8529811,なんか0年くらい見てるけど感動するわ,
0.8529532,下積み時代も諦めず努力した結果これなの最高すぎて大尊敬,
0.85291564,めっちゃ美味しそう食べてみたい,
0.85282415,なんかめっちゃ真剣に見入ってしまった,
0.85277617,これは売れる未来しか見えませんね絶対買います,
0.852635,実質全く休みではないの草純粋に尊敬できるわ,
0.85254866,ヒカキンはまさにお金∞努力を証明した男,
0.8524692,まじでこの人超えるユーチューバーというか人としても中々いない笑,
0.8523726,セブンで出してくれるの嬉しい田舎者でも手が出せる笑,
0.8522546,ちょっと高いなその値段ならおにぎりと揚げ物買うってなる,
0.8522506,あまりにも本気すぎて勝手に感動した,
0.8519959,本当におめでとうございます本当においしそうにすすりますねごはんもとっても美味しそうです,
0.85195524,早く食べたいなー発売日が待ち遠しい,
0.85194486,どうでもいいけど0時間で0万回再生はやべえな,
0.85177696,素敵なお方です入荷したら頂きます,
0.8517418,楽しみにしてる笑すぐ売り切れそうだね,
0.85162646,第二弾とかでシオキンとか作って欲しい,
0.8516151,発売されたら即食べたい,
0.8514477,youtuberが知名度を使ってアパレルとかは聞くけどラーメンとかまじで角度違ってまじで逸材なのを知らせてくれるわほんとすげえ尊敬しかねえ,
0.8508474,途中でよく首がモゲますね,
0.85083973,だめだ商品のヒカキンがもこうにしか見えない,
0.8508392,食べたら頭おかしくなるよ,
0.85083276,努力し続けたらやっぱ夢叶うんだな,
0.85078895,復帰おめでとうございます絶対買います見てたら食べたくて仕方ないです,
0.85077965,セブンイレブンの社員誰も情報漏らさなくて草,
0.850685,hikakinってほんとすげーわまじで尊敬,
0.85068005,しょーもなとか言ってる人人の夢をそう思うことがしょーもないと思うよ,
0.8505179,これは凄いやったね,
0.85034984,言いたいこと沢山あるけどとにかくおめでとうございます,
0.8502736,0分ぐらいのいい感じの曲は心響〜shionです,
0.8501818,セブンないんよなー生協かイオン系列で売ってたら買う,
0.8501464,この人ほど純粋な人おらんと思う,
0.8500527,食べてみたいてかコメ欄に未来人現れてて草,
0.8499685,めちゃくちゃ美味しそう早く食べてみたいo,
0.8499495,発売してしばらくはずっと売り切れてそうだな笑笑毎日通うか,
0.84984004,中野来たら札幌ラーメン味七上手いから食べてみて味噌ラーメン,
0.84983855,絶対食べるよ楽しみにしてます,
0.84964406,姉も食べたいて言ってた絶対買います,
0.8495609,うまそうだけど糖尿だからしばらく食えんごめんなヒカキン,
0.8487647,天才って才能とかじゃなく好きな物にどれだけ取り組めるかなのかもな,
0.8487476,これは売り切れで買えなくなるないつ食べれんのか,
0.8486447,みんな触れてないけどロゴの字書くの美味すぎん,
0.8486409,好きだけで夢が叶うんだなぁ,
0.848288,夢実現おめでとうございます味噌ラーメン大好きなんです絶対食べます,
0.8482607,手に取りやすいなぁそうに決まっている,
0.84801656,聞く前から嬉しくてドキドキする,
0.8479147,すごいおめでとうございます絶対買って食べる美味しそうかっこいい大好き,
0.84787565,ほんとにどこまでも真っ直ぐな方だよね,
0.84774286,当たりでたらせめてtシャツとかあげたら良いのに笑,
0.84773797,こっちも来たらちょっと高いけど絶対買う,
0.8476945,本当に早く食べたい0日セブン回りまくります,
0.8474602,凄すぎてもう凄いしか言えなくなっちゃった,
0.84741443,味噌キンぬいぐるみはどこでgetできますか,
0.84740496,ラーメンが食べたいよ良いな,
0.84721506,youtuberのプレゼント企画は税金対策だよな,
0.84715694,どんな報告でも応援してます,
0.847124,夢叶うってめちゃくちゃいいことだね,
0.8470102,体に悪いので買いません,
0.84691316,遂に報告来ましたか何かワクワクしちゃう⁠≧⁠▽⁠≦⁠,
0.84655607,hikakinさんこんなに有名になったんだもう尊敬,
0.84631157,カップの中に箸差しっぱなしなの嫌だ,
0.84607625,スーパーで商品を並ばせる側だったのが並ぶ側になったのが凄すぎる,
0.8460496,疲れたから休んだとかでもいいのにさこんなとんでもない発表するために休むとか視聴者想いの域超えてる,
0.8459915,家族みんなで食べるよ〜ヒカキンさん,
0.84591025,努力が凄すぎて俺も頑張ろう,
0.8454956,果たしてサッポロ一番みそラーメンとどっちが美味いのか,
0.8453692,自分のやりたかった事が出来てよかった何事にも頑張って欲しいな,
0.8450897,本気度が伝わってくる,
0.8449879,男の人イケメンだし感じいいな,
0.84487367,今後色んな味出して欲しい,
0.8448325,感動だなぁラーメンの色んな袋付いてないの楽すぎて神すぎるめっちゃ良い急いでる時に0袋とか面倒だから,
0.84482586,ぼくもラーメンだいすきです,
0.84480256,oロo0わぉ0月0日の発売日私の誕生日だわセブンに買いに行きますね,
0.84480083,たいしたファンでもないけどなんか涙出るね,
0.8447009,好きなことをして生きていくのがyoutuber,
0.84439033,今までの様々挑戦を経てたどり着いたラーメン食べるの楽しみです,
0.84430313,0日で0万回再生以上いけんの凄い,
0.8442972,さすがしか言えないなこれはもうなんて言うかホントにヒカキンさんはすごい俺は思うよもう拍手しかできないなもう最高絶対に買う,
0.8440145,この人はどこまで素晴らしいんだ,
0.84391975,ヒカキンさんがんばってください,
0.8434293,待ち遠しいです早く食べたい,
0.8432367,titterでバズりのおもちゃになってて草,
0.84319437,多分思ったより大したことじゃないと予想,
0.84292865,めちゃくちゃ楽しみワクワクだねー絶対食べたい買いに走るよー,
0.8428714,バカ売れしてソッコーで品薄になりそう,
0.84281635,活動のおやすみ期間も動いてるのはもうよー分からんくらい動くやんたくさん寝て,
0.8426603,家族みんなで食っときますわ,
0.842638,応援したいから買う〜売り切れちゃうかなあ,
0.84261435,うっひょー早く食べたいヒカキン最高,
0.8424592,人生と共に過ごしてきた0番大好きなものを商品化したヒカキンさん素晴らしい絶対食べたい楽しみすぎて発売まで待てなすぎ,
0.8421555,夢を叶えるの裏にはとんでもない努力があることを改めて知れる,
0.8419445,ラーメンダーツの旅は伏線だったのか,
0.84191614,本当にこの人尊敬する,
0.8418779,久しぶりにヒカキンポイント聞いた,
0.8418656,服とか鞄とかじゃなくてラーメンってのが個人的に最高,
0.8418656,服とか鞄とかじゃなくてラーメンってのが個人的に最高,
0.84185153,ジョイフル0億円のあの人を超えれるかな,
0.84181756,このラーメン青森でも売りますか食いてえ,
0.84178096,0時間で0万再生に迫るのはさすがすぎる,
0.84140694,hikakinプレミアムおめでとうございます,
0.84119207,ミサは小さい頃行ってたな玉ねぎ甘めで味噌と合う懐かしい,
0.84116447,この人はすごい,
0.841,夢を叶えるために発表の映像も本気で作るの流石youtubeの神,
0.8408527,味噌味きいて本当に美味いの,
0.8408105,買いたいけど売り切れてそう,
0.8407853,こんな時間に見ちゃったからお腹すいた,
0.84076047,頼む復活にしてくれ皆あなたを待ってるんだよ,
0.84048486,もやしが入ってるって珍しくね,
0.8403628,ヒカキンゲームズのホームから来た人,
0.8400025,ヒカキンの癖に廃課金だな毎回散財しすぎ,
0.83988553,絶対買いますとても感動した,
0.8398092,もはやyoutuberがやることじゃないすげえなあ,
0.83963513,なんな涙出てきた夢って叶ったら凄いよなぁ,
0.83961844,↓hikakinが休んでいい日にち,
0.8396074,美味しそうですね発売が楽しみです♪,
0.83950984,いっそのことラーメン店作りそう,
0.83929217,susurutvに紹介されることを願うばかり,
0.83916116,言うこと忘れましたとか言っても全然許せる,
0.8389672,夢が叶えられて凄いこの努力は見習わねば,
0.8388678,早く食いたいなー0月0日速攻で買うよ飯も,
0.83876526,努力アピールのゴリ押しで購買意欲を搾取するな結局は味に帰結するだろ,
0.83865607,体を休めるための休みも必要だけどだだの休みじゃなくて自分のやりたいことに集中するための休みってかっこいいな,
0.8384657,絶対売り切れなってるやろな,
0.8383916,そんなことだろうと思ったコンビニ行って買いますねー,
0.83828294,休止といえど結構働いてたのねいやすごいな食べるの楽しみすぎる,
0.83804137,いつかブタキンてきなやつも食べてみたいな,
0.83803886,ひねくれコメ多すぎやろ笑夢を叶えただけなのに,
0.8377828,隠密で栗東まで来てたんかなぁ,
0.83744323,これもいわゆるyoutube界の既得権益だな,
0.83740497,生半可な気持ちでやらないで,
0.8372187,めっちゃ美味しそうですね絶対買います,
0.83719254,やっぱhikakinだわおめでとう,
0.8366593,ほんとに尊敬する,
0.83664095,ヒカキンのバ力舌具合が露呈するいい機会,
0.83657604,ガツッとくるカップ飯楽しみ,
0.8365081,応援しとるで絶対買うわ,
0.8363459,叶えたかった夢を実現するためにyoutube活動で忙しい中でもこだわりながら商品開発してきたって本当にすごい,
0.8361937,ヒカキンさんは生きる伝説,
0.83610344,本当におめでとうございます元気出したい時にたべよっと,
0.835974,店舗出すより賢いかもしれないスタッフも店舗もなくても成り立つ,
0.8358289,やっぱり一周間はえーな楽しみ,
0.835813,今から間に合いますか,
0.8357935,どんな結果でも大好きだよ,
0.8357533,00れさキャラだありがたい,
0.83571374,ヒカキン特せいラーメン出来た,
0.83560467,セブンイレブン無いから食べれないいつかセブンイレブン見つけたら入って絶対買う,
0.83550805,なんかめちゃくちゃラーメン食いたくなってきた,
0.83526206,ほかのyoutuberとは違ってラーメンなのいい,
0.83516586,塩ラーメンだとしおきん豚骨ラーメンだととんきんじゃあ正油ラーメンだとせいきんになる,
0.8350912,もー映画にしていいぐらいすごい,
0.8350511,早く食べたい早く発売しないかな〜,
0.83503723,ラーメンダーツの伏線かも知れない,
0.8349918,最高だよこれからも一生ついて行きます,
0.8348494,アンタ味見してるだけやん,
0.8348388,うっわめっちゃ美味しそ絶対ラーメンとカップ飯買うわ,
0.8344383,夢を実現させることができるなんてすごい,
0.83437204,味噌味以外も出してほしい,
0.8343656,hikakinから溢れ出る優しさに泪がでる,
0.834274,好きだけどなんかお金配るのは,
0.83423525,ヒカキン開発とか向いてそう,
0.8341267,hikakinさん大好きラーメンたべたいな,
0.8339571,0日前で0万回再生えぐすぎだろ世界のhikakin,
0.83345735,鳥肌とニヤケがとまらんなんかすごい,
0.8332956,でも結局お金入るのは自分のところだろ笑,
0.833207,いいねの数×0個買うわ絶対いいね来ないだろうし笑,
0.833066,わーいいぇーーいおめでとうございますコンビニで買えるの嬉しいです楽しみー,
0.8329874,おかんがラーメン出すかなんかの商品ちゃうん言うてたんマジで当たってんやけど笑笑笑,
0.832934,おめでとうございます夢が叶ってよかったですね,
0.83286846,いつかラーメン屋さん作りそう,
0.83286434,発売日俺の誕生日とめっっっっっちゃ近い買ってもらお,
0.83226067,0円くらいなら買ってた,
0.8321326,00この若かりし頃のヒカキンちょっとカッコいいの草,
0.8320914,まだなんかわからんけどおめでとう,
0.83205545,次は塩キンとか出してくれるのかな,
0.8320323,絶対に行く待ってろよヒカキン,
0.831972,0月0日絶対見つけたら絶対買いに行く,
0.8319638,嬉しいおめでとうございます食べたいすごい気になる,
0.8318795,あと0秒頑張ってくれ,
0.8318511,やばいクレーマーみたいなポーズ,
0.8316274,発売されたら両方食べます,
0.83158445,こりゃ早朝から行かんと売り切れになる,
0.8315232,めっちゃ美味しかったです,
0.83146155,まじでかっこいいな普通に美味そうだし今度買お,
0.83129364,この努力は絶対報われるファイト,
0.83103967,hikakinが0年かけて編み出したラーメンが上手くないわけがない絶対に速攻出たら買いに行く,
0.8305788,好きなことで生きるってこうゆうことなんだなぁ,
0.83033,これめっちゃ美味かった,
0.83027655,めっちゃ美味しそう ́••0つとも買います,
0.8302502,てか0日で再生されすぎだろさすがyoutube王,
0.8301903,フラゲして食べてみたくどかった水必須,
0.83015674,自分が好きなものを自分が満足するまでつきつめて作れるって素敵,
0.8300684,試食の時口ピチャピチャさせない,
0.83003193,ヒカキンは期待を裏切らない,
0.8298217,コンビニでかえるのうれしいよありがとうヒカキンカッコイイだいすきたべたらいれものかざっとくよ,
0.8297272,セブンイレブンって時点で買う気せん,
0.8295356,これこそ好きなことで生きていく,
0.82949686,ヒカキンってすげーなー,
0.8293997,ふむふむ品薄になる前に絶対買う,
0.82933253,これ絶対買って食べるラーメン大好き,
0.82885355,0回食ってみよ,
0.8288129,ヒカキン字上手いね,
0.8287178,つらいときに上がれる人が人生の教科書,
0.8283499,この量で0円オーバーは高すぎだろ,
0.8282609,みんなあんま触れてないけど習字上手ない,
0.8277222,絶対おいしい買いますね,
0.8275152,表紙のヒカさん某クレーマーやん,
0.8271457,もう絶対買うんだけど,
0.8270199,まずかったもう買いたくない,
0.8268866,こんな期待したラーメンねえよ,
0.8268603,夢がついにだなおめでとうヒカキン,
0.8268166,そのうち袋麺も出してくれ,
0.82680887,おめでとうございます楽しみです絶対に食べます,
0.8267739,ヒカキンさんおめでとう,
0.8263696,ガチお腹空く早く食べたい,
0.8259905,いいねの数だけそれぞれ買います,
0.8259113,ねつ伝わってきましたおめでとうございますぜったい食べます,
0.8257026,頑張ったね購入してみますね,
0.8255324,楽しみすぎて昨日から寝れんかったわ,
0.8253948,凄いですおめでとうございます絶対買いますねっb ́ネッ,
0.8251712,00東京に上京頭痛が痛い,
0.82513624,trendhikakinpoint久しぶりに聞いた,
0.82506615,頑張ってくださいぼくも絶対食べます,
0.82497936,しおきんとしょうゆきんも食べたい,
0.82487166,美味しそうに食べますね〜,
0.82486427,何かご報告から長い文になった,
0.8247101,売り切れ続出しそうだな,
0.82466376,しっかり急上昇一位取ってんのかっこいい,
0.82466185,早く食べたいです,
0.82428944,想像の斜め上でビビった絶対買うわ,
0.8242291,涙出てきた絶対食べます,
0.82411104,シンプルにラーメン好きすぎだろ笑,
0.82403183,様々なバラエティーヌードルも期待してます,
0.8240119,あれこれご報告のサムネがちがうは,
0.82389843,一年じゃそう簡単にできないよあまいは,
0.82386225,夢を叶えられるってこんなに幸せなんやなー,
0.82386184,ニューミサとどっちが美味いですか,
0.82365537,好きなものがあるって大切なことなんだな,
0.82361263,絶対買うこんなに苦労してまで本当にお疲れ様です,
0.8231617,0時間で0万再生やはりyoutubeの王だったか,
0.8230677,0万再生が怖い,
0.8228315,ヒカキンは留まるところを知らない,
0.8227628,あんなしっかりもやし入ってることあるんや,
0.8227476,食べてみたいです楽しみ,
0.8227287,デカキンバージョンは大盛りですか,
0.8225828,地元に味噌吟とゆうラーメン屋がある,
0.8225702,セブン少し離れてるけどhikakin大好きだからセブン行こ,
0.82250106,本当に楽しみです絶対食べます,
0.82249624,幼なじみyoutuberhikakinさんマスオさん,
0.82239157,人気出て買えなさそう食べたい ́,
0.82228607,努力は人を裏切らないとはこのことなのか,
0.82200533,みそキン早く食べたい,
0.8220043,腕組んでたらだいたい美味い,
0.82199943,なんで0万もとーろくしゃいるのバイシューしてんだろ,
0.8219843,絶対誰も予想しない結果で草,
0.8217722,0日たった今でも急上昇入ってんの凄すぎ,
0.8216058,スーパーにも置いて欲しい,
0.8215922,いつから発売するんだよー,
0.82128567,夜中に見るんじゃなかった00具が豪華,
0.8212723,普通に美味そ見つけたら買う,
0.82126,なんなら店舗出してくれてもええんやで,
0.82123595,夢を現実にするのカッコいい,
0.8210602,00作り直せって言うかと思ったやん,
0.8210551,買いたい近くにセブンあるから買える,
0.82103926,結局休んでなかったことが判明,
0.8209895,ファン視聴者を大事にするヒカキンさんプレゼントだとかばら撒きすぎないで欲しいな,
0.82097536,台湾ででもでも買いたい,
0.82083637,一度は食べてみたい,
0.8207497,めっちゃ食べたい食べてみる,
0.8206252,ラーメンアピールするために0週間休んでて草,
0.8206219,いい報告であってほしい,
0.8203609,沖縄では発売されないのね,
0.8203318,めちゃ早く食べたい,
0.8202721,本当にかっこいい絶対食う,
0.8202681,税金対策も兼ねてるのかな,
0.82008874,他力本願な感じがゆがめない,
0.81994313,私ヒカキンの誕生日のまえがたんじようびです,
0.8199126,本当にこだわりを感じる,
0.81989336,ひかさんがふくよかになった理由,
0.8198531,ヒカキンの癖に廃課金な行動するな散財しすぎ,
0.8197839,よかったですガンバレーグッとボタンよろしく,
0.8192971,絶対買うしかないだろー,
0.81920695,おめでとうございます今度食べてみますね,
0.8191559,ヒカキン習字上手い,
0.8188405,ブドウアイスって人やばいな,
0.81868553,なんか涙出たおめでとうございます,
0.81867737,ちぢれ麺がいいね,
0.81842154,ポイントつける側からつけられる側になったの凄すぎ,
0.8183916,0個ずつ買いたいなぁー,
0.8183265,ヒカキン習字うまい,
0.81803393,ちょっとたべてみたいです,
0.8179969,おっきくなったね,
0.8179818,期待していいのかな,
0.8178286,おめでとうございますかならず買いに行きま,
0.81767964,おい休めよラーメンは食っとくから,
0.8174898,次はラーメンチェーンですね,
0.817442,手に取るの楽しみにしてる,
0.81709594,美味しくなさそう買うけど,
0.8168664,どんな報告かめっちゃ楽しみ,
0.8167906,セブンに行けばあるのよね売り切れるかな買いに行こ〜,
0.81670743,友達いないのは今もだろ,
0.8166163,甘めって事はミサに近いのかな,
0.816612,ええすごい買いに行くーおめでとうございます,
0.81645834,報告長すぎて校長先生かと思っちゃった,
0.8161761,ずっと夢を追い続ける姿痺れます,
0.81611264,すごいめっちゃ売れそう,
0.8160476,むしろしょーもなでバズる目的だった説,
0.8159312,早く発売してほしい,
0.81574535,早く食べたいなあ,
0.8156639,必ず買います♪美味しそう,
0.8154091,素敵ですね食べてみますね,
0.8151924,良い意味でツッコミどころ満載で草,
0.8151083,バズり目的の為に使われてて可哀想,
0.8148944,わたしもらーめんすきだよ,
0.81485516,いいねしてくれたぶん買います,
0.8148247,一つ一つ確実にやりたかったを成し遂げていく男,
0.81469285,緊張するなでも最大限応援します,
0.8146188,ステップアップして実店舗出してくれ,
0.8146043,ラーメンダーツはこのための伏線か,
0.8143814,こういう時のhikakinあるある→ファンが心配するような事じゃなくてむしろ応援するようなことしかない,
0.8143014,0円拾いやしたラーメン三杯いただきやす◎,
0.81412965,急上昇0位おめでとう ́ωノノ☆パチパチ,
0.8139114,ファミマローソンでも販売して欲しい,
0.81374687,しおきんもほしいなんにせよおめでとうございます,
0.8137267,hikakin‘spoint0億0万点から挽回,
0.81372464,そんなんたべるしかないでしょ,
0.81347173,よっしゃちょっとセブン買ってくるわ,
0.81329316,夢叶ったというより叶えたの凄い買います楽しみ〜,
0.813234,我が人生に一片の悔いなしラオウやん笑,
0.8131543,おめでとうございますたくさんたくさん売れますように,
0.81300557,メシの方気になる〜,
0.81284666,ラーメンの旅してたもんな,
0.81275254,この人なんでもやるなぁ,
0.8127138,めっちゃ買ってみたい,
0.81270146,0時間以内で急上昇ランク0位になったのがやばい,
0.81265354,食べるしかねぇこのビックウェーブに,
0.81233144,絶対食べるそうに決まってる,
0.81216604,ヒカキン急上昇一位おめでとう,
0.81183016,感動しました絶対食べます,
0.8111672,これ作る為に0年の新曲出さなかった説,
0.81109977,誰だよヒカキン宇宙にとか言ってた奴,
0.8109663,ラーメンって言った瞬間吹いたひかきんおもろいわ,
0.8108129,味噌キンカップメン食べたい0☆楽しみ♪♪,
0.81074953,コメ欄に既に食べた未来人いて草,
0.81071085,買わないわけないなぁそうに決まってる,
0.8106727,めちゃくちゃ美味しそう食べます,
0.81067204,尊敬する人物hikakinレーニンゴルバチョフ,
0.8104139,ヒカキンいつもみてるよあいと0さいより,
0.81009793,味噌ラーメン好きだけど辛いだろうなと思ったら辛くないのほんとにありがたい食べたい,
0.809791,再生数が0万人いって欲しい人↓,
0.8096983,涙出そうになりました,
0.8096957,ラーメン聴きすぎてゲシュタルト崩壊起こしそう0z,
0.8094732,感動しました絶対買います,
0.8093184,夢ビートボクサーじゃないのか,
0.8093174,まじでこの人なにしても好感度上がるな笑笑笑笑,
0.80915904,食いたいけどたけぇよ,
0.8087718,うんoemかまぁたべてみるよ,
0.8083795,見付からないそれほど売れてるのか,
0.8082941,早く食べてみたい,
0.80823416,え発売日誕生日なんだが,
0.80802363,食べてみたい人,
0.80795044,サムネが変わっておる,
0.80775714,人生も時間もお金も一切ムダにしない生き方に惚れてしまいます心底ステキですっ,
0.80766106,もう一つの夢だったかっこよすぎ,
0.80702996,発売日がわいの誕生日なのがワロタ,
0.8069981,食べたすぎる待ちきれない,
0.8069294,ひかちゃんおめでとうございます,
0.8063811,これは幸せだな ͈́ᴗ͈,
0.8063438,普通に習字上手い笑,
0.806324,美味しそうやばあ夜の0時食テロすぎぜったいたべる,
0.8062943,美味しそう発売日楽しみです,
0.80595315,ラーメンは買う休んで,
0.80585355,早く食べたいよー,
0.8057777,めっちゃうまかったよ〜,
0.8057029,これ0円もするってホント,
0.805692,ケースで予約しました来るの楽しみ食べるの楽しみ,
0.805432,絶対うまいね言うまでもない,
0.8049899,うまそうだけどちょっと高そう,
0.8046526,楽しみです早く食べたい,
0.80461824,宇宙じゃないんかーーーいっ笑,
0.8045693,00この0の作り方できなくね,
0.8044694,発売が楽しみすぐ売り切れちゃいそう☻☻,
0.8042982,テレビ番組ぐらい凄い,
0.8042939,休むほどのことかよく解らない,
0.8041087,新潟のニューミサが混むぞー,
0.8036618,美味しそうだねえ食うまでもない,
0.80359226,ここまで言われたら絶対たべてやる,
0.8032936,休んだけど休んでなくて草,
0.8030403,それ休みじゃねぇだろちゃんと休めよ,
0.8027377,これくらいいいやろ笑,
0.8025734,ちょっと高いけど絶対買う,
0.80254745,みそキンぜったい買う,
0.80164534,早く食べたい絶対買うぞーっ,
0.8011946,とりあえず食べまーす,
0.80105454,絶対食べたいお腹すいた› ́ω‹,
0.80095017,まじうまそーはやく食べたいぜ,
0.80073524,ぜったい買う人,
0.80072975,ラーメン三杯いただきやす,
0.8006079,夢に本気になれる聖人youtuberの鑑,
0.80045575,けどなんか美味しそう,
0.7995985,戻って来てくれてありがとう,
0.7994706,うへへ0円広いやしたラーメン0杯いただきやす◎,
0.7993626,絶対買いに行きます,
0.79926664,すぐ売り切れそうおめでとうございます,
0.79875875,00ちっちゃい頃から,
0.79851174,くるりインスパイア系なのかな,
0.7982542,美味しそう食べたい,
0.7982542,美味しそう食べたい,
0.79779005,休んでなくて草休めよ,
0.79767543,セブン店員だから買おー,
0.797597,発売おめでとうございます食べるの楽しみです,
0.7975553,カップ飯めっちゃいいな,
0.7969218,正直に言います失望しました,
0.79672295,hikakinさん私に希望を与えてくれてありがとうございます私も頑張ります,
0.7963398,休む理由になってなくて草,
0.7960973,めっちゃ美味しそう絶対買う,
0.7960856,最初のオープニングをhikakintveveryeekでも許される,
0.7960847,えなんですかこのナレーション笑,
0.79584664,容器だけで0円しそう,
0.7957714,やっぱ好きやわ,
0.7957432,控えめに言っても神,
0.7956903,セブン店員のわい納品まで待ちきれない,
0.7953191,食べてみたいです,
0.7953,コメ欄にくっそ暇人いて草,
0.7950347,アレルギーめちゃ気になる,
0.7941717,サムネめっちゃいい,
0.7941708,麺処くるり行きたくなるなぁラーメンひたすら食べたくなるhikakin頑張って,
0.7941025,目標を達成するために必死に頑張る人って応援したくなるよな,
0.79365015,早く食べた〜い,
0.79363066,あらたなレさキャラの誕生,
0.7935777,美味しそう絶対食べます,
0.79344064,pvのあとの真顔おもろ,
0.7928985,人気過ぎて即売れきれそう絶対買う,
0.7925768,早く00にならないかな,
0.7919955,なんかもうなんかすごいの語彙力,
0.79156286,どんな報告かなどんな報告でも神回だ,
0.7915271,引退悲しいです,
0.79091316,0年かん両立しとるのすごすぎます,
0.79087824,美味そうだなぁそうに決まってる,
0.79020816,みっそきんtvえーぶりでー,
0.7898348,休むどころか働いてて草,
0.7897392,ほんと好き,
0.7896569,これみながら食いたい,
0.7893904,味噌ラーメン食べたい,
0.7892677,なんぼラーメンってゆうねん,
0.789257,招きネコキン可愛い,
0.7891248,視聴者を楽しませるために頑張ってて好き,
0.7889114,うわわ美味しそうすぎる絶対買う,
0.7888833,店やって欲しい ́,
0.7881651,休むということを知らない男,
0.78784573,美味しそう食べたい〜,
0.78751576,0月0日の日セブンイレブン行かねば,
0.7874519,近所にコンビニがコンビニがねぇぇぇぇぇ,
0.78745097,石川の考察外れてて草,
0.78736365,絶対買いにいくー,
0.7873335,000えっ凄っ絶対に買う,
0.78709686,ぼくはごさいですたべたいです,
0.7867838,長年の夢が商材とはこれいかに,
0.7865132,早く食いてぇ,
0.78615,もっと休んでくれ,
0.78585786,ミサの味噌ラーメン,
0.78573114,売ってあったら絶対買う,
0.7852765,え絶対食べますありがとう,
0.78510773,店舗じゃないのかよ,
0.7850679,かうと思った人↓,
0.78485876,勿体ぶらず発表するのすき,
0.78482324,休むとこが動いてて草,
0.7846099,ビックダディって言ったの誰,
0.78452563,ヒカキンの努力って半端ないここまで努力出来る事がすごい事,
0.78419274,おーまいがーー絶対買う,
0.7841393,見つけたら買ってみよう,
0.7839763,なんかもう嬉しい泣ける矢部,
0.78381884,絶対買うから,
0.7837886,夢の味買います,
0.7835242,早く食べたい,
0.7835242,早く食べたい,
0.7835242,早く食べたい,
0.7835242,早く食べたい,
0.7835242,早く食べたい,
0.7835242,早く食べたい,
0.78317934,ナレーションのトーンがほん怖,
0.7829846,プルルルルルルルルルルルが過去一気合い入ってる,
0.78276986,絶対に食べたい,
0.78275824,絶対食べますね,
0.7824288,うどんとペプシとカツカレーとびひん,
0.78213084,絶対食べたいっ,
0.78208363,こんなん買うしか無いやん,
0.7818203,これは神回の予感,
0.7818132,スーパー美味いって,
0.7816716,夢って叶うのね,
0.7814462,食べたくてウズウズ,
0.78138715,美味しそうですね,
0.7813837,腹えぐすぎやろ,
0.7808701,マジでうまそう食べてーーーーー,
0.78027666,普通に買うわ,
0.7800088,食べたいです,
0.7800088,食べたいです,
0.7798943,夢を諦めないこそ人生,
0.77975357,復活おめでとうございます最高,
0.7796669,絶対に買います,
0.7795997,内容しょうもないな笑,
0.77955574,平成時代のヒカキンうんーーーtodayshikakinpointトゥルルルルルルルルルルマイナス0万点ー,
0.77935195,みそかみそきらいなんよ,
0.7789067,ぜったいかいます,
0.7787004,休んでなくて草,
0.77855885,視聴者を弄ぶな,
0.7781287,いよいよ明日かホント楽しみ,
0.77805007,戻ってきた,
0.7770564,うわ釣られたわ,
0.7769203,視聴後いや休んで無いやん,
0.7766036,習字普通に上手い,
0.7758582,おいフレンチ見てるか,
0.7758182,美味そうー絶対買います,
0.77551,普通に食おう,
0.77539164,ちょっとうまそうなの草,
0.7753722,0月0日めっちゃ楽しみ,
0.7751395,たべたーい笑,
0.77495515,さきないとさんコメントきましたありがとうございますきました,
0.7745969,感動しました,
0.7745969,感動しました,
0.7745969,感動しました,
0.7743766,買うの恥ずい,
0.7741056,これからも夢を叶えて夢を俺たちに見せてくれ,
0.7740783,誕生日だ絶対買う,
0.7740517,しおきんお願いします,
0.77294415,醤油キンも欲しい,
0.77286357,はやく食べたいわ〜о ́о,
0.7727971,これって期間限定,
0.7724106,00秒のヒカキン,
0.7722846,ラーメン美味しそう,
0.772077,おめでとうございます,
0.772077,おめでとうございます,
0.772077,おめでとうございます,
0.772077,おめでとうございます,
0.7719821,これは絶対買う,
0.7719676,一十二度見ても,
0.7717548,いつまで活動休止するの,
0.7717136,ええやん ̇ ̇買うわ美味そうやん,
0.7716755,マジでうまそう,
0.7710193,すぐ買いに行く,
0.7709705,ラーメンゲシュタルト崩壊したわ,
0.77044845,早く売ってください,
0.7701665,サムネ変わってる,
0.770131,地元に店舗つくりな,
0.769599,発売日に絶対買う,
0.76936924,可愛い赤ちゃん姿,
0.76913905,前回より明らかに彩度上がってる,
0.76892424,サムネ変えたか笑,
0.7687485,絶対食べよ,
0.76854485,早く食べたい〜,
0.7680369,00fnaf死亡確定シーン,
0.7676923,マスオtvありますか〜,
0.7670114,今日はこれがいいや,
0.766923,気づいたら0kg,
0.76670325,めちゃ美味しそう,
0.766389,めちゃくちゃおいしいそう,
0.7656559,大好きです,
0.76535076,ラーメン食べたい,
0.76535076,ラーメン食べたい,
0.76506966,ありがとうございます,
0.7649575,絶対買ってやる〜,
0.7646175,セブンにしかないのか,
0.7642079,ラーメン0円か買う穴確定演出,
0.7639836,買うしかないだろこんなの,
0.7639206,ラーメンがゲシュタルト崩壊した,
0.763772,絶対食べなきゃ,
0.76350373,手前味噌系ユーチューバー,
0.7615979,絶対買うのだ〜,
0.7613714,蒙古タンメン買おっと,
0.76133895,夢かなえる凄い,
0.7612646,休んでないやん笑,
0.7612033,絶対たべます,
0.76114357,ラーメンいいな,
0.7609384,今度食べに行く,
0.7605793,買わない訳が無い,
0.7599758,すごすぎて草,
0.7594956,誰が買うか,
0.7592374,絶対かぃますoooどっちとも,
0.75919235,ほんとおもろいな,
0.7589888,何だ神か,
0.7585588,好きです,
0.7583959,結構期待はずれ,
0.75815,絶対食べますψч☆,
0.75813395,素敵です,
0.7578318,宇宙いかんかったなぁ,
0.7572997,絶対食べます,
0.7572997,絶対食べます,
0.75711954,0人で成り上がってきたヒカキン素敵,
0.7568959,これは食いたい,
0.75671935,ラ王買います,
0.7551492,絶対たべる,
0.7551492,絶対たべる,
0.7551343,絶対買う人↓,
0.7551343,絶対買う人↓,
0.7550888,発売楽しみにしてます,
0.7549742,◆プレゼント企画ツイートはこちら↓,
0.7547229,楽しみ食べます,
0.75464576,飯テロだ,
0.75456756,また小銭稼ぐの,
0.75423104,結局金儲け,
0.75400823,いや報告こんなことかよ,
0.75380015,絶対手に入れる,
0.75352293,絶対買います,
0.75352293,絶対買います,
0.75352293,絶対買います,
0.75352293,絶対買います,
0.75352293,絶対買います,
0.75352293,絶対買います,
0.75352293,絶対買います,
0.75352293,絶対買います,
0.75352293,絶対買います,
0.75352293,絶対買います,
0.75352293,絶対買います,
0.753478,おめでとう,
0.753478,おめでとう,
0.753478,おめでとう,
0.753215,0杯0円か,
0.7523877,シンプルにバカ美味そう,
0.7520402,hikakinさん頑張ったな,
0.7517363,マジで楽しみ,
0.7510858,わー食べたいー,
0.75098836,サムネ変わった,
0.7506195,休んでなく草,
0.75048983,何時発売なの,
0.75047517,ラーメンゲシュタルト崩壊した,
0.75044394,youareamazingcan’taittotryyourramenintheus,
0.7489663,急上昇0位ダァ,
0.74894905,絶対買うぞー,
0.74834514,よかったですね,
0.74803764,スゴすぎる,
0.74739647,美味しそーヽ ́ノ,
0.7473772,ぜったい並ぶ,
0.7468542,簡潔にはなさんかい,
0.74666953,ぜったいたべる,
0.7464548,絶対買うは,
0.7457252,はやくたべたぁーい,
0.74570286,食べたい,
0.74570286,食べたい,
0.74570286,食べたい,
0.74570286,食べたい,
0.74570286,食べたい,
0.74570286,食べたい,
0.74570286,食べたい,
0.7453977,急上昇0位おめ,
0.74526894,普通に美味しそう,
0.7448584,普通に美味そう,
0.74460036,ヒカキンあんたやっぱすげぇよ,
0.744054,とんこつきんしょうゆきんしおきんはよ,
0.7437028,まじでどうでもいい,
0.74346566,食べなきゃ,
0.7433318,頑張ってください,
0.74332285,はやく買いにいこ,
0.74265116,めっちゃ食べたい食べたい食べたい食べたい食べたい,
0.7425107,くっそ美味そう,
0.74143,心の中という感じ,
0.7405878,うわ〜おいしそ〜,
0.7405352,すき,
0.7403498,抽選当たって欲しい,
0.73984784,普通においしそうたのしみ,
0.7387351,絶対に買う,
0.73866063,すげーよ,
0.738375,やばい涙出そう,
0.7380425,高すぎやな,
0.73761487,00ここ好き,
0.737299,すげえよ,
0.7372632,発売待ち遠しい,
0.73681194,買いに行きます,
0.73681194,買いに行きます,
0.73679024,ギャン売れそう,
0.7359945,滅茶苦茶おいしそう,
0.73597157,たべたーーーーい,
0.735639,あさってやん,
0.73504394,本当に努力の塊でしかないhikakinさんが頂点で本当によかったぁぁぁぁぁぁぁぁぁぁぁぁぁ,
0.73503995,おめでとうo゚▽゚o,
0.7320694,頑張れよ,
0.73205656,略してヒカプレ,
0.7316693,おー買います,
0.731547,ラーメン最高,
0.731097,ぜったいうまい,
0.72998554,これは食べる,
0.7297662,ヒカキンお前すげぇよ,
0.72865045,00いいねぇー,
0.7284057,えーすご自作やば,
0.7280723,面白い,
0.7275705,はやくたべたい,
0.7271407,買いますおいしそう,
0.7268956,絶対買うぞ,
0.7263356,確実に神回,
0.7262199,心から応援,
0.7256615,美味そうやな,
0.72497284,普通に高い,
0.7248596,おー★,
0.72430867,値段はいくら,
0.72402143,セイキンヒヤシチュウカ,
0.7230637,努力の結晶,
0.72289574,楽しみです,
0.72260904,0円に値下げしろ,
0.72214526,買いたい,
0.7219854,いいですね,
0.7219516,絶対明日食べる,
0.72147244,おおすげえええええもちぃろんかいます,
0.7196579,よかったね,
0.7195678,美味しそー,
0.7192214,いらねぇー,
0.7187867,すげぇ,
0.71834844,美味しそう,
0.71834844,美味しそう,
0.71834844,美味しそう,
0.71834844,美味しそう,
0.7181114,うん神だね,
0.71747875,食べるの楽しみ〜,
0.7171746,食べたーい,
0.7171746,食べたーい,
0.717144,まじで聖人,
0.7153943,笑,
0.71485215,食べたいー,
0.7142728,おいしそうすぎる,
0.7137906,急上昇0位は草,
0.7124285,絶対買う,
0.7124285,絶対買う,
0.7124285,絶対買う,
0.7124285,絶対買う,
0.7124285,絶対買う,
0.7124285,絶対買う,
0.7124285,絶対買う,
0.7124285,絶対買う,
0.7124285,絶対買う,
0.7124285,絶対買う,
0.71207386,00パパパパパパンッパパンッ,
0.71141577,私性餅性,
0.71056753,うまそー,
0.71031964,絶対食べる,
0.71031964,絶対食べる,
0.71031964,絶対食べる,
0.7102938,優しい値段やうれしい,
0.70838106,実質休んでない,
0.70768845,税金対策,
0.70751315,お疲れ様,
0.7073026,幸福招キン,
0.70622635,ぼったくり,
0.70617443,な,
0.7060641,しおきんきそう,
0.70190465,すするやん,
0.7010573,美味そう,
0.7010573,美味そう,
0.7010573,美味そう,
0.70014393,どこにある買う,
0.69882065,さんびゃくえんたかすぎだろ,
0.6982576,セブンプレミアムかよ,
0.6966765,ミソキソ,
0.69066554,感どう,
0.6901456,カッコいい,
0.69008917,両方買います,
0.68969244,んあれどこ,
0.68954885,super店員,
0.68625635,ラーメンか,
0.6853026,安いなー,
0.68432254,00自分用,
0.6830776,蒙古タンメン買うわ,
0.68305254,安すぎ,
0.6820364,この調子でしょゆきんとしおきんととんこつきんもだしてくれ,
0.6818588,うまそ,
0.6811109,自分用00,
0.6811109,自分用00,
0.68094,まずそ,
0.6793572,しょーもな,
0.6793572,しょーもな,
0.6767599,神さま,
0.67418534,けんからか,
0.67031264,なんやねん,
0.6698557,買うね,
0.66958624,食べるね,
0.6688158,買います,
0.6688158,買います,
0.6688158,買います,
0.6686096,えろーん,
0.6658647,ください,
0.66370803,うまそう,
0.66370803,うまそう,
0.66370803,うまそう,
0.6632551,急上昇,
0.66247517,お疲れ様でした,
0.66135687,お疲れ様ですまた会いたいですthejapanesegirlgroupilldebutonmay0rdthenameofthegroupismoonchildcomelistentothesongpeopleallovertheorldpleasesupportusbybecomingafanbeitchingandcuteitscoolagainsoidontgettiredofitletscomeandsingintheorld,
0.6599078,あ,
0.6599078,あ,
0.65799034,禊ん,
0.6561698,00ん,
0.6527796,00当たり前,
0.65095663,かいたい,
0.6495211,いただきやす◎,
0.6493108,は,
0.6482545,いらん,
0.6475354,おいしそう,
0.6471349,うまちょ,
0.6441549,小池百合子,
0.62942064,なんえん,
0.6285328,最高,
0.624115,明日やー,
0.6225605,मुझेनहींपताआपक्याकहरहेहोपरआपजापानकेसबसेबड़ेyoutubecreaterहोबधाईहोआपको।नमस्तेजापानnamastejapan,
0.6203717,神,
0.6133851,たべたいたべたいたべたいたべたい食べたい食べたい食べたい食べたい食べたい食べたい食べたい食べたい食べたい食べたい食べたい食べたい食べたい食べたい食べたい食べたい食べたい食べたい食べたい食べたい食べたい食べたい食べたい食べたい食べたい食べたい食べたい食べたい,
0.60584426,復活,
0.56668913,hikakin同接0万人どりゃああああああああああああああああああああああああ,
0.4881955,美味しそう食いてぇーーーーーーーーーーーーーーーーーーーーー,
0.46353382,안녕하세요히카킨님은천재유튜버입니다절대구입입니다앞으로도응원하고있습니다저는일본사람이에요,
