videoId,textDisplay,textOriginal,authorDisplayName,authorProfileImageUrl,authorChannelUrl,authorChannelId,canRate,viewerRating,likeCount,publishedAt,updatedAt
◆プレゼント企画ツイートはこちら↓https://twitter.com/hikakin/status/1651543220126613505?s=20
店舗を作るんじゃなくて、それなりに誰でも手に入れられる商品を作ってくれるところに言葉に上手く出来ない優しさを感じる…。
内容がなんであれ、夢を叶えるってのは普通の人ではなかなか成し遂げれないことだからほんとに凄いと思う
東京にラーメン店を開く！とかじゃなくて、手頃な価格で全国で買えるカップ麵にしたところがヒカキンって感じして好き。
｢小さい子はにんにくは刺激的に感じるかも｣とかそういう配慮ができるのがすごいと思う。
5年振りくらいにHikakinTV開いたけど、オープニングが全く変わってなくてなんか安心した。いつでも帰ってきていいっていう安心感ある
この人は周りからすると小さな事に見えることも好きな事に諦めず取り組み続けてこうした結果を残せているから尊敬します。希望の星です、、
元スーパー店員が好きな商品を作れるまで有名になったのが本当に凄い
お店に行かなきゃ食べれないとかじゃなくて、コンビニで買えるっていうのに優しさ感じる…
視聴者の意見どうこうじゃなくてちゃんと自分の好きなこと貫いて努力してるのかっこよすぎる
単純に小麦アレルギーで麺が食べられないからカップ飯あるの嬉しい🥹
マジで努力してるのが感じられる尊敬やわ
時代に『残る』ものを明確に作れるってのは誰にでも出来ることじゃないよ…すげえなあ。
自分の好きな料理を自分が手を加えて商品として出せるのって本当に凄いことだよなぁ。
こうゆう有名人の商品ってぼったくり多いけどヒカキンさんはちゃんと商品として出すのは尊敬。
夢を実現させることが出来るのは努力し続けたからなんよなぁ…マジで尊敬する
〇〇店舗限定！！とか〇〇期間限定発売！！とかじゃなくて皆に味わって欲しいって言う思いで全国に出してくれたのマジで嬉しい😭後単純に自分ラーメン好きだから絶対買う
YouTuberが知名度を使ってアパレルとかは聞くけどラーメンとかまじで角度違ってまじで逸材なのを知らせてくれるわほんとすげえ尊敬しかねえ
店舗じゃないところがまたYouTubeの身近さを感じましたなんか泣きそうになったおめでとう！！！
本当にこの人は努力が凄いな。
再生回数見て思ったけど今でもみんなの関心を惹き付けてる事が凄い。ちゃんとみんなHIKAKINの事気になってるんだね。
活動休止中も休まずに夢を叶えるために行動してたと思うと本当に尊敬する
店舗出すより賢いかもしれない！スタッフも店舗もなくても成り立つ
ラーメンの無い世界なんて考えられないほんとにラーメンって多くの人を救ってると思う
ラーメンなら豚骨以外断固拒否の自分だけど、なぜかこれは食べてみたいと思った
夢はいくらでもあるけどそれを叶えれたっていうのが本当に凄いことだと心から思う
視聴者を楽しませるために頑張ってて好き
いや、すごすぎるわ…YouTube活動だけでも忙しすぎるのにその合間を縫って自分の夢を叶える活動をするなんて
本当に真面目な方やな、尊敬するわ
好きなことにここまで全力を注げるのも聖人と呼ばれる1つの理由なのかもな
映像で作ってる普通のラーメンが食べたい
好きなことに本気になれるの本当に尊敬するわ
1ヶ月でも休んでくれてよかったくらいすごいことしててほんと尊敬する
服とか鞄とかじゃなくてラーメンってのが個人的に最高
お店に行かなきゃ、ネットで会員にならなきゃ、とかではなくて普通にコンビニで帰るのが本当に素晴らしい何より本人が楽しんでるのが最高必ず買いに行きまーす(発売日に行くつもりだけど買えるかなー？)すっごく楽しみですヒカキンおめでとう！
好きなものがあるって大切なことなんだな...
いくら企画とはいえ、しっかり色々と研究して自分なりのラーメン作ってるのがすごい、尊敬するわ
一週間休むのが夢でしたとかでも全然納得
たいしたファンでもないけどなんか涙出るね
好きなことで生きていく   を実現させた漢、かっこよすぎる。
これだけ成功してても、夢に向かって走り続けて実現させるとかカッコ良すぎる！一人の人間として尊敬✨
この努力は絶対報われるファイト❤
ラーメンとかTシャツとか誰でも買える値段にしたとこに好感もてる
自分のやりたいことにここまで真剣に向き合って、努力して、しっかり結果残すことってできるようで中々できないことだから本当に尊敬する
すげぇなぁ、やっぱ出来る人は何に手を出してもやり遂げるんだなぁ
服とかじゃなくて、ラーメン売るのは本当に好きだわ
12:24ここで無駄に謙遜しないで100億点を自分に送るのすごく好き
もはやyoutuberがやることじゃない。すげえなあ
元スーパー店員の経験とか活かして、商品開発してるのすごいそのままスーパー続けててもその内商品開発部とかに異動してたかもしれないね
夢を実現させるのは困難でもヒカキンは努力でその困難の壁をぶち破った。ほんと凄い
これだけ夢を叶えた人なのにまだ叶えたい夢があったなんて凄すぎる
実際口に合う合わないは絶対あると思うけどここまで頑張った過程を考えるとそんなの関係なく食べたいって思う
これこそ「好きなことで生きていく」
こういう有名人が関わる商品って大体ちょっと口出すくらいで後は全部任せるって感じの印象だったけど、ヒカキンはめちゃくちゃ従事しててやっぱこの人違うなって思ったわ
頂点がこの人で良かったと何度思えばいいんだろうか
下積み時代も諦めず努力した結果これなの最高すぎて大尊敬。
こんなに成功してもちゃんと辿ってきたことを忘れてないところがとても好きです。
ラーメン店にするの飲食だからインスタントより異物混入系の事件が起こりやすくなるから絶対こっちの方がいいよね
自分のやりたかった事が出来てよかった、何事にも頑張って欲しいな
嬉しいよ…嬉しい。前年は抜かされたけど、それまでは新潟がラーメン支出額1位だったんだ。ラーメン王国新潟の誇りだよ
服とかコスメじゃなくてラーメン出すの好き
他のYouTuberがやるぼったくりアパレルとかじゃなくて本当に自分がやりたいことを実現できるのは尊敬です(((o(*ﾟ▽ﾟ*)o)))
夢を叶えるの裏にはとんでもない努力があることを改めて知れる
みんな恋人作ればリア充とか金持ちが自由とか言ってるけど、ヒカキンみたいな好きなことを本当に頑張れて、嬉しさに溢れてる人が真のリア充だと思う
好きなことで生きているを体現したまさに偉人私たちに夢を与えてくれて本当にありがとう
特別HIKAKINがすき！ってわけじゃないわたしでも、めちゃくちゃ凄いなって思うしやりたいこと叶えてること尊敬するし、もうなんか凄いなって思います(語彙)
泣きそうになるくらい相変わらず感動しました
ヒカキンが笑ってるとこっちまで幸せになる
いやー他のユーチューバーと違って金持ちしか手が出せない高い洋服とか出すよりこーやって誰もが買えて一回は食べてみたいと思うラーメンとか出すの良いね
同年代でハモネプやってたって思うと、いつも鳥肌というか感慨深くなります( ˇωˇ )
店をひらくなら遠すぎてヤバい【青森だから】だけどコンビニなのがいいしお手頃価格なのがいい
商品紹介系YouTuberがついに自分の商品を紹介する日が来たのか…
全国で販売してくれるのめっちゃ嬉しいし絶対食べたい
努力し続けたらやっぱ夢叶うんだな
これは普通に感動したわ
本当にこの人尊敬する
ＨＩＫＡＫＩＮさんが休止したと聞いてどうしたのだろうかと見に来たけど、いつ見ても安心するすごいＨＩＫＡＫＩＮさんで安心した
疲かれたから休むとかじゃなくてみんなを喜ばせるために休むなんて本当凄いさすがみんなのヒカキン
本当に…幸せそうな人を見るのって、こっちまで幸せな気持ちになるからいいよなぁ……!!!!!!!!!☺️
どこまで行ってもめちゃくちゃ優しい人だなあ……
これはさすがに食べたい
ほんとに、どこまでも真っ直ぐな方だよね。
〇〇監修！って名前だけ貸して開発とかはほぼ任せっきりな人もいる中こんな1から10まで全部本気で本人が携わってるのすごいな
夢があってもなかなか叶えられないことが多い中 それが叶うだけでも凄いです👏それだけでも感動です😭本当に夢を叶えることが出来て良かったですね。おめでとうございます🎉
夢を叶えるために、YouTube活動で忙しい中でもこだわり抜いて商品開発をしてたというヒカキンさんの裏側を見てると本当に勇気を貰える
絶対食べたい🤤お腹すいた(›´ω`‹ )
16年前からBGMも変わってない、純粋にビロガーで、商品紹介をしてたヒカキンと何も変わってない。最高なYoutuberだわ
下積み時代ほんとうにしんどそうなのにここまで頑張って夢叶えてて尊敬します。。。
これだけの成功を収めているのにまだ夢を追う姿勢が好きです。
東京の店舗だと地方民は食べに行くの大変だけど、セブンだったら全国のみんなが気軽に食べられるし、24時間いつでも買いに行けるからすごくありがたいです！あー早く食べたい😍
ラーメンなら手軽に買えて嬉しい！一つ一つのことに真剣に向き合う姿は尊敬しかありません！他のYouTuberを非難するわけではないのですがいつも全力で取り組んでいて結果がでているのも納得です！
休むじゃなくてシンプルにすごいことしてるw本気度がすごく伝わる
夢を持つこと自体は誰にだってできるけどそれを叶えることはそれだけの努力をした人しか出来ない。ほんとに凄い……
夢が叶えられて凄い🎉この努力は見習わねば
ラーメン作るためにダーツの旅やってたとしてもあれは辞めないで続けて欲しい
塩や醤油、豚骨のバージョンのラーメンも出してほしいなー
本当にどこまで人を笑顔にすれば気が済むんだか、ヒカキンさんは。😊
1日たった今でも急上昇入ってんの凄すぎ
お金を考えないで自分がしたいことできるのは努力の賜物だな
他のラーメンより美味いとかそういう言葉使わないのがやっぱりHIKAKINって感じがして大好き😢
まじでかっこいい、どんなに苦しくても辛くても頑張った先にこんな未来が来ると信じてがんばります
みんなと苦しい気持ちとか、頑張ろうという気持ちとかを共有したい！っていうのが凄く伝わる商品ですね！早速発売日に買って食べたいです！！そして、夢を叶えられたこと本当におめでとうございます！！
早く食べたい😋
エビとかカニを入れずに、アレルギーの人でもなるべく楽しめるように作ってるの好き
自分の夢の中に「みんなを笑顔にしたい」という想いが込められてるのって本当に素敵。優しさが味にも出てそう✨
ラーメンとかだけじゃなくてHIKAKINプレミアムの「最初の」商品なの夢があって嬉しい
ラーメン屋さんって入りにくいって思っていたからセブンで買えるのはうれしいです。
グッズじゃなくて自分自身のラーメンを出すなんて凄いです。
休んでた理由ラーメンかい！！！て最初は思ったけどなんか想い伝わって泣けてきたわ
1人の人間がこうやって死ぬ気で頑張っているのを見てるともはや伝記に見えてくる。この方は本当に澄んだ､晴れた心を持っていると思う。
味噌ラーメンからもやし、メンマ、ネギ、赤い調味油って感じがくるり意識してそうで好き
どうでもいいけど15時間で350万回再生はやべえな
同じ新潟県民として全力で応援し続けます頑張れHIKAKIN
"I am happy for you too :D When I go to Japan, I will  try your ramen for sure!! I love ramen as well"
味噌味以外も出してほしい
実質全く休みではないの草純粋に尊敬できるわ
HIKAKINってたまに見るとほのぼのしてふふってなれるなんか疲れてたけど、少し心穏やかになれたHIKAKINありがとう
ヒカキンてほんとに人として出来すぎてるよな。
ラーメンばばあのときを思い出す…本当にラーメンが好きというのが伝わります。
味噌ラーメン好きだけど辛いだろうなと思ったら辛くないのほんとにありがたい！食べたい！！
ヒカキンこそ努力に努力を重ねたtheYouTuberって感じまじですげぇ
ポジティブな報告なのかネガティブな報告なのか事前に言ってくれるのを本当のありがたい。心持ちが穏やかで見られる！
自身のメンタルの支えになってたラーメンに対してYouTubeで結果を出して恩返しするのカッコ良すぎて…
1日で400万回再生以上いけんの凄い
早く食べたい！
この人はどこまで素晴らしいんだ😢
発売されたら、即食べたい！！
好きな事を趣味として生きていくの本当に尊敬してる
商品紹介のプロが自分の商品を紹介するのすごいw
俺的に一番好きなのが味噌ラーメンだから、とんこつとか醤油とか王道のやついかずに味噌をチョイスしてくれたのがとても嬉しい🎉
疲れたから休んだwwwとかでもいいのにさこんなとんでもない発表するために休むとか視聴者想いの域超えてる
HIKAKINさんって、なんでこんなに私利私欲みたいなのを感じないんだろう。みんなを笑顔にしたいっていう思いで、すごくすごくこだわって作ったのが伝わってきて、なんか泣きそうになっちゃった。
「味噌だから」って安直にコーン放り込んでないヒカキン信用できる食べたい
努力が報われる瞬間はまさにこの事なんだろうな　　　　　ヒカキンさんおめでとうございます🎉
この人ほんと、いつでも自分の夢に向かっててかっこいい。
東京に住んでいなくても食べることが出来る、名義だけ貸してるとかでもない本気の一品！絶対食べます！！
本当にすごい。ひかきんは嫌味なところが全くなくてすごく好きです。
早く食べたい！絶対買うぞーっ！
疲れてるから…とかじゃなくて、報告準備に集中するために休むという、いつも視聴者思いのヒカキンさんならどんな報告でも応援できます！
先日本当に生きているのが辛くなったんですが、今日HIKAKINさんの夢が叶った姿を拝見して凄く元気をもらいました。いつも視聴者を気づかってくださる姿、努力し続ける姿、尊敬しています。どうぞこれからも無理はなさらず楽しさを追い求めて活動してください😊いつもありがとうございます！
本当にこだわりを感じる
コンビニで見かけたら絶対買うしかない
やっぱり好きなものを突き詰めるって大変だし、やっぱり飽きもあるけど大事だよな。マジでHIKAKINを見るとほんとに頑張ろうって気になれるわガチで元気もらえる。
セブンイレブンに販売するというのもまた身近に感じられるからすごくうれしい！😊
本当に向上心が止まらないなこの人は。
具材がくるりのラーメンぽいのも感動でしかない😂笑
好きなことをして生きていくのがYouTuber
めっちゃ美味しそう🤤食べてみたい
めっちゃくちゃ嬉しい！自分の事の様に喜べる！
これみながら食いたい
これが全国のセブンイレブンに並ぶのはこちらとしてもすごく嬉しい
1年もかけて研究されたラーメンを300円で味わえるって、めっちゃお得だなぁ！
好きなことをして人生を楽しんでいる姿に私も頑張りたくなる気持ちが出たよ。YouTuberの鏡だよ👍️
GW明けに発売してくれるから、連休明けのショックを和らげてくれているね
1年間大好きなものに熱中して本気でできるの本当に尊敬❗
辛いのが苦手な人にも配慮して幅広い層に食べれるようにしてるところが良いですね＼(^o^)／
商品紹介を主にやってたYouTuberがこうして今自分の商品を紹介してるのほんと感慨深い
初期の頃から忘れられないものってめちゃくちゃいいよねぇ〜しかもそれが実現出来るなんてロマンあるわ〜👏本当におめでとうございます🎊
こんなに有名になっても、まだまだ夢に向かって努力するヒカキン素敵すぎる。
発売したら、食べたいですね、でもすぐに売りきれそう
夢を実現させることができるなんて…すごい。
絶対買うこんなに苦労してまで本当にお疲れ様です
好きなことを極められる人は本当に努力をしてきた人だと思います…尊敬。。
胸が熱くなりました、泣きそうです、泣いてるけど感動の涙〜😊おめでとう㊗️御座います。これからも、お身体にお気をつけてください^_^❤
ラーメンに対する想いだったり、幼少期からの思い出の味噌ラーメンのことも知れて感動で涙が出ました😭絶対買います！！
夢に向かって進んで行く姿に感動しました！
ヒカキンが嬉しそうなの観てるとこっちも嬉しくなるね
努力は人を裏切らないとはこのことなのか
努力は報われるってこの人のことをさしてるってぐらい努力してる。ラーメンは言い方悪いがお金を出せば手に入る。だけどヒカキンの努力はお金なんかでは買えない。ほんと凄いおめでとう
俺やっぱ純粋で何事にも本気なヒカキン大好きだわ😂
本当に努力してきたのが伝わりました…！！ラーメン絶対買う！！
こんなに頑張って作ったら買うしかないよね
これ見たらヒカキンがどれだけラーメンを愛し夢に本気だったか分かる。素直におめでとう。
早く発売してほしい
何事にも本気でどんな時も頑張ってきたからできたことだと思う本当に心から尊敬します...！
ヒカキンのやっていくことが凄すぎて距離を感じるはずなのにすぐそばにいる感じがめっちゃ好き
人気出て……買えなさそう……食べたい(*´﹃｀*)
ラーメンの中では味噌が1番好きだから地元でも売られるようになったら絶対買う！！
ラーメン食べたい！
ヒカキンって報われるまで努力できるの凄いな
本当にHIKAKINさんは聖人だな。たとえ1週間休んだとしても、視聴者の事を考えていて、本当に尊敬するわ
田舎はないかと思ったけど全国で嬉しい♥️絶対買う！
発売が楽しみ！！すぐ売り切れちゃいそう(*☻-☻*)
すっげ、って漏れた…。本当に尊敬できる人物です。
夢を叶えるって素晴らしいなー。なんかヒカキンさん見てると明るい気持ちになる。
スーパーで商品を並ばせる側だったのが並ぶ側になったのが凄すぎる。
夢に本気になれる聖人youtuberの鑑
アレルギーの関係で小麦がたくさん食べれないのでメシ版が凄く嬉しい。味噌大好きです。絶対食べます。
絶対買う😂出来ることなら店も出して欲しいね！
出来ることなら毎日食べたいくらい同じくラーメンが好きなので必ず買って食べます🍜
ラーメン好きだから嬉しい！！あと落ち着いたらちょっと休んでほしい(切実)
好きなものを自分の商品にしちゃうっていう偉業...ほんとにすごい。1年かかったり、活動休止になるのも頷ける
こっちまで嬉しくなるわぁ絶対買う！てかセブンで売ってるのすごw
まじで、この人なにしても好感度上がるな笑笑笑笑
「好きなことで生きていく」を貫き続けていて本当にかっこいい。
内容がなんであれ、夢を叶えるってのは普通の人ではなかなか成し遂げれないことだからほんとに凄いと思う
マジで努力してるのが感じられる尊敬やわ
ただ休んでただけじゃなくて頑張ってラーメン作ってたのは感動😢
服とか鞄とかじゃなくてラーメンってのが個人的に最高
あのラ王より高いのはびっくりだけど300円なら全然食べたい
個人的に何より嬉しいのはヒカクラ２が再開することなんです😂❤
自分のやりたいことを全力で出来るのカッコよすぎる🎉
良い意味でツッコミどころ満載で草
1年がかりでの商品化は気合いが入ってますね。食堂ミサの味噌ラーメンが原点の味ということで、私もミサの味噌ラーメンは大好きなので、味には期待できます。早く食べてみたい。
売り切れたら終わりとかじゃ無くどんどん作っていつでも買えるようにしてね♪
うわあ、すごく感動してなんかうるうるしました。こんなに頑張ってる人がいるから、私も頑張らなきゃなって思います
夢の実現おめでとうございます🎉伝えたいことが箇条書きなのがわかりやすく誠実でラーメン屋っぽくもある
本当に尊敬する自分もヒカキンさんみたいな素晴らしい人間になるために色んなこと一生懸命頑張りたいです！
自分的にはラーメンの方がそのときに食べたかったからおいしかった。長文すいません
こんな美味しそうなのコンビニで買えちゃうのすごい！！！早く食べたい！！！
食べたい。
"""好きなことで生きていく""報告前は視聴者の心を昂らせ、報告後は自分の夢を叶えることで視聴者を喜ばせる。やっぱHIKAKINさんは本物のYouTuberだ。"
凄すぎてもう凄いしか言えなくなっちゃった…
こうやって夢叶えちゃうからHIKAKINはすごいよ
ヒカキンさんの育った地域にはニューミサもあったし味噌ラーメンは1番身近なものだったんだと思うな
夢叶うってめちゃくちゃいいことだね、
ヒカキンが食べてるものなんでも美味しそうに見えるのなんでだろう
好きなことで生きるってこうゆうことなんだなぁ。。
味噌ラーメン好きだから食べてみたい(*´﹃`*
そんなにラーメン好きで救われる人がいるんですね！私もラーメン屋さんで働いてるけどもっとラーメン屋さんで働いてる事に自信をもって働こうと思います☺️
後半、情熱大陸のような感動が…。発売心待ちにいています！
ここまで何度も何度も試食を繰り返し人生を支えてくれたラーメンをヒカキンさんや他の方々との協力でやっと出来たラーメン情熱 努力 いかに本気であったかが伝わる
こんな時間に見ちゃったからお腹すいた...
こういう時のHIKAKINあるある→ファンが心配するような事じゃなくてむしろ応援するようなことしかない
心からおめでとうを言いたいです！ほんとに自分の夢を次から次へと叶えていて、憧れでしかないです😢僕も頑張ります❤️‍🔥
店舗じゃなくてカップにした事で、気軽にみんな食べられるのがなんかHIKAKINさんの人柄が表れてるなぁって思いました。(地方民なので東京でお店構えられても食べられないので…)食べるのとっても楽しみです！
ほんとに尊敬する
そういう事だったんですね！夢を持って努力して叶えるなんて凄いです本当におめでとうございます、これからも応援してます！
塩ラーメンだとしおきん豚骨ラーメンだととんきんじゃあ正油ラーメンだとせいきんになる？
本当の予想外すぎて困惑しながら普通に嬉しい俺がいる。
本気度が伝わってくる！
夢を持つ事楽しさも、夢を叶える楽しさも自ら体験して映像化してくれるHIKAKINさんは本当に尊敬します。これからも応援してます！
絶対うまいね、言うまでもない。
300円！本当にいつでも誰でも食べたいときに食べられる価格設定で泣ける
ガチお腹空く…早く食べたい！
とてつもないプレッシャーの中で時間と労力を割いて商品開発している姿が容易に想像出来ます。一週間休むのも納得です！応援してます！
YouTubeもやってて忙しいはずなのに1年くらい努力してんのはすごいなと思った必ず食べます！！！！！！！！！！！！！！！！！！！！！！！！！！！！！！！
夢を追い続ける大切さを改めて感じた😊
いつか、ラーメン屋さん作りそう😊😂
結構マジで少しでいいから休んで欲しい、、　とりあえず夢叶えられておめでとう！！
絶対買いますでも売り切れてそうで怖い…。
マジですげぇわ、休んでも休まなくて準備して一刻でも早くみんなに知らせれるよう努力してるとことか、本当に美味しそうなのが伝わってるくる
ヒカキンにも苦しくて辛い時代があったんですね😢第3部がすごくよかったです。ラーメンに助けられたっていう思いとみんなにも元気になってほしいっていう思いが本当に伝わってきて、涙が止まりませんでした😭5/9の発売を心待ちにしてます！
ラーメン大好きだから嬉しい!!!!絶対買います
ちっちゃい頃からラーメン好きなんすよね
鳥肌とニヤケがとまらん。なんかすごい。
なんか、、涙出た。おめでとうございます！！
長年の努力が色んなところで反映されてるところが本当にすごいと思う。
何にでも真摯な姿勢を崩さないんですよね。そういう所が大好きです。家族の分も買って、みんなで食べたいです😊
活動の休み時間が夢を追い続けていた時間とかカッコよｽｷﾞﾙ!!
まじでかっこいいな、普通に美味そうだし今度買お
シンプルになんか感動した笑やっぱヒカキンってすごいな
自分の予想のお店出すんじゃないかな？と思ってた🤔ちょっと異なってました🤔ただ是非とも食べたいです😌
自分の好きな商品を自分で監修して商品として販売できるなんてすごいな
もう、涙が止まりません😭ヒカキンさんの一生懸命努力出来るところとか本当に尊敬します…！絶対に買います！
すごすぎる……✨夢を叶えていくのすごいよ( ᵒ̴̶̷̤◦ᵒ̴̶̷̤)♡発売されたら絶対食べる！！人気すぎてすぐ無くなりそうで怖い😭
ラーメン好きだから見かけたら食べてみるわ
変なアパレル系に走る奴も多い中、ラーメンで勝負を仕掛けるってのは素晴らしい。
ラーメン聴きすぎてゲシュタルト崩壊起こしそう_(:3」z)_
叶えたかった夢を実現するために、YouTube活動で忙しい中でも、こだわりながら商品開発してきたって本当にすごい
服とかじゃなくてラーメンってのがHIKAKINらしくて好き
ラーメン好きだからまじ嬉しい😿
おめでとう(((o(*ﾟ▽ﾟ*)o)))
内容ちゃんと見る前はラーメンとカップめしならラーメンがいいかなって思ってたけどこのカップめしめちゃくちゃ美味しそうやな🤤発売日に買いに行こう！笑
すぐ買いに行く😂
いつでも視聴者のこと考えていて本当にすごいと思う
密着映像見てすごくこだわったのが伝わってきて、ラーメンの中で味噌ラーメンはあまり食べないけど食べてみたいと思った！！
どこかに行かないといけないとかじゃなくてどこでも手軽に買えるってのが神😇✨💕夢叶えれて良かったです🥹
まさかこれをやるためにずっと商品紹介をやってきたのか
なんか泣けてきたよ😢 ヒカキンさん、あなたはほんとにYouTube界の宝だよ。
なんかめちゃくちゃラーメン食いたくなってきた
ほんとに努力の積み重ねが遂に実った感じが伝わります
若い頃に死ぬ程努力して今夢を叶えたり、今の成果がある、そう思うとやっぱりHIKAKINさんには憧れる。僕もサボってばかりいないで、ひと踏ん張りしてみようかな。
ラーメンを初めて作った人、ラーメンを広めた人、ラーメン屋の人、みんな、ヒカキンさんを支えてヒカキンさんをこんな大物にまでさせてくれてありがとう。
早く発売されないかなー　早く食べたい
ラーメンに凄くこだわって作られたのが伝わってきます。発売日楽しみです！
こだわってる理由がもし上辺だけだったとしてもやさしすぎる
自分のやりたいことをずっと貫いてんのすごすぎるこれが本物のYouTuberか…
すぐ完売しちゃいそう！いつ食べれるかわからないけどめっちゃ楽しみです！🤤
人生も、時間も、お金も、一切ムダにしない生き方に惚れてしまいます。心底ステキですっ！
一切妥協しないこの人の出すラーメンなら味も期待出来そうですね。後は値段か
夢を叶えるために頑張ってきたことが本当に素晴らしいです！😊
食べたすぎる！！待ちきれない！
YouTube続けながらもこれを着々と進めていたと考えると本当にすごい
HIKAKINさんこんなに有名になったんだ....もう尊敬.....
本当に凄い。努力の賜物ですね🍜
早く食べたいなー発売日が待ち遠しい😁
こんな休みのない多忙の中でラーメンの商品作りも進めてたの……？凄すぎでしょ…絶対食べます！！！
ラーメンが、食べたいよ！！良いな😍
辛い事を乗り越えた人だけに娯楽が待ち構えてるんだな
ほんとまだ全然人気出ない頃にヒカキンを友達から勧められて、観てたけどそのヒカキンがいまこうしてHIKAKINPREMIUMのラーメンが出る。そして今となってはYouTube界を代表するくらいの人となってる。ほんとにすげー！これからも応援してます！
夢が埋まってる鉱山をみんな掘ってて、でもいつ発掘できるかわかんないから、途中で諦めたり、投げ出したりするけど踏ん張った先には、自分自身を支えてくれた夢に辿り着けるって思えました。HIKAKINさん夢実現おめでとうございます!
発売日に絶対買う！
前回より明らかに彩度上がってるw
ラーメン何回も買うからとりあえず1週間ただただ休んでほしい。
自分の好きなことしたいとか好きなもん作りたいとかは誰でも思うしお金とかがあればできる。でもここまでしっかり自分で考えて色々試してみて1年掛けて自分が作りたかったもんを実現出来るってのは大変なんてもんやない。自分のすることに熱意持ってとことんやっとるからみんなから人気になったんやと思う。誰がどう言おうと俺は尊敬するな。
試食してる姿やパッケージのこだわりを語る姿がもはや有名店の凄腕ご主人感があってかっけぇ！！
セブンで出してくれるの嬉しい！！田舎者でも手が出せる！笑
おいしそうすぎる。。。！！！！
人の夢が叶うのを見るのは最高。HIKAKINなら尚更🎉🎉🎉
期間限定じゃないよね？〇〇タンメンの様に永久に店頭に並ぶと良いね！
YouTubeのみでここまで来れるって、本当にすごいことだと思う
スーパーで働いてて商品売ってた側なのに自分がプロデュースして販売するの本当に感動する..9日当日買いに行こ！
こんなに本気で食べたいと思うプロモーション初めてww
めちゃくちゃ美味しそう！早く食べてみたい＼(^o^)／
ほんとにみんなに喜んでもらえるように作ってくれてるのがほんとに伝わる😭HIKAKINさんの夢が叶って良かったです💪
テレビ番組ぐらい凄い
視聴者が体感しやすい食品への事業展開してくれてほんと嬉しい。
お身体に気をつけてくださいね😊次はほんとに1ヶ月くらいお休み取ってくださっていいんですよー！😊
You are amazing ! Can’t wait to try your ramen in the US ! 🍜🍜👍😋
早く食べたいです❤
絶対にどっちも買います!!!休んだ理由がこんなことでよかったです!!これからも頑張ってください!!大好きです!!
味噌ラーメンあまり好きじゃないが、見かけたら1食食べてみます
目標を達成するために必死に頑張る人って応援したくなるよな
熱湯入れたら3分じゃなくて5分待つのか。さすがヒカキン全てがオリジナル
これはこれは！努力の結晶でしかないですね！ぜひ見かけた際は食べて見ます！❤
美味しそう食べたい(＞＜)
めちゃくちゃこだわり抜いて作られたのがすごく伝わりました！！！🥹🥹絶対買います！！！
ここまで言われたら、絶対たべてやる、、、！！
ご報告系YouTuber最近腐るほどいるけどやっぱプロYouTuberのご報告の内容は訳が違う😂
夢を諦めないこそ人生
僕らに出来る最大の応援は「買って美味しく食べる」これに尽きると思ってます。絶対食べます。
息子と一緒に食べたいと思います🙋‍♀️🙋‍♀️
めちゃくちゃ楽しみワクワクだねｰ絶対食べたい🤤買いに走るよー
食べてみたいです！
夢を叶える人って裏で相当苦労してるのが垣間見える。本当にすごい
ヒカキンさんみたいな人も最初は苦労してた！マジ尊敬
自分の商品作ってたの？凄…てか休みじゃないじゃんwまぁ自分のしたいこと実現できることってやっぱすっごくカッコイイ！これからも頑張って下さい!応援してます！
絶対にうまい、そうに決まってる。言うまでもないね。
これからも夢を叶えて夢を俺たちに見せてくれ！
やばい、涙出そう😂
ちゃんと全国のラーメンを回るという伏線をはっていたと思うと鳥肌もんだわ
これは素直に食べたい。そう思える熱量でした
こんなに楽しみな発表なかなかないから嬉しい！絶対食べます🥹この勢いでラーメン屋さんも作ってください😳
こっちも来たら、ちょっと高いけど、絶対買う！！
最近味噌ラーメンハマってるからマジで嬉しい
夢を本気で叶えた姿めっちゃかっこいい
やりたかったifルートを同じ人生でどっちもやってるの凄すぎる
HIKAKINさんのお陰で夢って叶うんだなーって本気で思った😅何かが好きなだけでこんなに頑張れるんだね､､､まじで勇気というか希望というか貰った気がする。やっぱりYouTuberの中で1番尊敬してるし1番大好きだなー‪(｡•ᴗ•｡)
本当に心からおめでとうと伝えたい！！ヒカキンはほんと凄い！！
早く食べたい〜🤤🍜
안녕하세요.히카킨님은 천재 유튜버입니다.절대 구입입니다.앞으로도 응원하고 있습니다.(저는 일본사람이에요.)
はやく食べたいわ〜(о´∀`о)
これだけ影響力ある人は何を発売してもすぐ大好評になりそう
カップ飯も出してくれるところが最高!!
やっぱりHIKAKINは人間性もパーフェクトだし表の人間としてもパーフェクトだと思う。
男の人イケメンだし感じいいな
夢が叶ってすごく良かったですね😊私たちも夢を諦めずに頑張りたいと思います。
店やって欲しい(´･-･`)
これこそホントのYouTuberだと思います。誰かのことを取り上げるわけでもなく、自分の夢をちゃんと実行して視聴者にお届けする、素晴らしいですHIKAKIN
凄く思いの詰まったラーメンに仕上がったと思います！セブンが無くて買いに行けないのが残念ですが、出かけた際に買いたいと思います！
夢を見るのは簡単だけど、夢を叶えるのは難しい。でもそれを叶えたHIKAKINさんは凄すぎる
白味噌も入ったベースのニンニクのパンチあるラーメンの味の意味がわかりました。ニューミサ、僕も大ファンです！コレは試してみたい🍜
本当に努力の塊でしかない😭❤️HIKAKINさんが頂点で本当によかったぁぁぁぁぁぁぁぁぁぁぁぁぁ🥲😢😭😭😭😭😭😭❤❤❤❤❤❤❤❤❤❤❤
活動のおやすみ期間も動いてるのはもうよー分からんくらい動くやん。たくさん寝て、、、
買います。
え、スゴすぎる😭ほんとに尊敬します😭これからも頑張ってください！でも体調には気おつけてください😭何時でも応援してます！！🥰💗
どんな事も諦めず前を向いて立ち止まらず頑張りつづけたら　夢も叶うって教えてくれたヒカキンさん　やっぱりすごいです
絶対食べたいっ
ガツッとくるカップ飯楽しみ!!
手に取りやすいなぁ、そうに決まっている
純粋で真面目な人だなぁ。と改めて感心させられました。
めちゃくちゃ美味しそうに食べるから、お腹すいてきました...絶対どっちも買います！
これは売れる未来しか見えませんね❤絶対買います😊
沖縄では発売されないのね…
急上昇1位おめでとうございます！1年かけてできたラーメンが買える日が待ち遠しいです！
今後色んな味出して欲しい
本当にこの人、YouTubeで自分の夢全部叶えるんじゃないかな。ずっと応援するけども。
さすがしか言えないなこれは😢もうなんて言うかホントにヒカキンさんはすごい俺は思うよもう拍手しかできないなもう最高絶対に買う
尊敬でしかない。。。めちゃくちゃ努力を感じるし普通にめっちゃ美味しそう。。。私もラーメンものすごく好きなので嬉しすぎます。。。😭絶対買いに行きます！！！！！おめでとうございます🎉🎉🎉🎉🎉🎉🎉🎉🎉
味噌ラーメン好きなので見かけたら絶対買います😊
夢を叶えるって本当にすごいことだよね🎉自分がずっとやりたかったことをできたヒカキンを心から尊敬するわ😊
手に取るの楽しみにしてる！
ヒカキンの努力って半端ない。ここまで努力出来る事がすごい事。
私もバイトしてた頃、社会人になってからもお世話になってます！カップ飯もあるの有難い！贔屓します🎉
自分も夢に向かって突き進んでさらに実現させるような人になりたいな〜
あんなしっかりもやし入ってることあるんや
私もラーメン大好きなので絶対買います🎉おめでとうございます！！！ここまで努力できるのが本当に尊敬します。
そのラーメン買いたくなります。
なんか10年くらい見てるけど、感動するわ
スーパー兄弟。地元の人も嬉しいし、誉（ほまれ）だよね。
HIKAKINさん忙しい中でも本当に好きなことして生きてる感じがしてすごくいい
なんかもう…なんか……すごいの(語彙力)
お店を出すのではなく、全国民が気軽に手に出来るようにセブン🏪で販売するところがヒカキンらしくて心暖まるね💞夢に向かって努力して実現したヒカキンを誇らしく尊敬する😌
食べてみたいです！楽しみ
なんか、感動するなぁ😢ここまで来たのかって感じるわ
最高だよ…これからも一生ついて行きます！！
コンビニで買えるのは嬉しい！ヒカキンさんの本気のラーメン絶対食べる😃
映画見た気分。。感動した🥺
夢をちゃんといつも叶えていくのがかっこいい✨おめでとうございます㊗️
絶対食べるよ！！楽しみにしてます！！
ほんとに自分のことみたいにうれしい　そして、ヒカキンさんが忙しいなかで、いろんな人にハート押してるのがほんとに感動するやっぱり皆のこと第一に考えて行動していけるから、みんながついてきて超人気のyoutuberになれたと思うし、こうやって夢を叶えられたんだと思うこれからもこの人についていこうと改めて思った　ほんとにすごい
招き猫キンのとこ、満面の笑みとともに「特に何もありません」声出して笑いましたｗｗｗｗｗ
発売が楽しみすぎて毎日見てます。見れば見るほど美味しそう😋
発売楽しみにしてます( *´꒳`* )出来たら違う味もお願いしますm(_ _)m
嬉しい！！！おめでとうございます！！食べたいすごい気になる！
しょうゆラーメンが美味しすぎて味噌ラーメン食べたことないのに凄く美味しそう…。。。これは買いだな
しょうもないとか言ってる奴ら、人の夢を6文字で片付けるなよ。HIKAKIN、本当におめでとう。これからも一生ついていくわ。
ラーメン大好きだから必ず食べます！！
戻って来てくれてありがとう❤️❤❤❤❤❤
食べたいー！！！！
世の中の色んなものを見たり食べたりしてきた人が「これは良い！」と思って作ったものたち。興味あるわ〜✨
努力の結晶。😢🎉🎉🎉🎉🎉🎉🎉❤
商品紹介を主にやってたYouTuberがこうして今自分の商品を紹介してるのほんと感慨深い
味噌ラーメン自体が好きすぎるし絶対買う！めっちゃ楽しみ！
発売待ち遠しい！！🤗🤗🤗
早く食べた〜い！
ラーメン大好きなHIKAKINさんが作ったラーメンとか絶対に美味いやん…あと、手軽に買えるとか最高買うしかないわ🍜
売ってあったら絶対買う！
自分が叶えたい夢を叶えられて本当にすごいと思う！自分も見習っていきます！そして，どんな報告でも受け入れていきます！
口角が上がるラーメン🍜ってすっごくいい👏👏
夢叶ったというより叶えたの凄い…！買います！楽しみ〜
絶対買う🎉
ラーメンに目をつけるとは！センスというかなにもかもスゴすぎて、さすが神と呼ばれるだけある😂全YouTuberびっくりしてんだろうなぁ😂
絶対食べる
自分の夢を叶えるために1年間頑張ってそしてその準備のためにたった一週間視聴者を待たせないようにすることができるYouTuberの鑑
HIKAKINさんのこれまでの歴史と努力の結晶が詰まっててすごい❗️体調も崩さないくらいに頑張ってください( ✌︎'ω')✌︎
Wish you all the very best Hikakin san❤️ You are superb..👏🏻😊
美味しそう😋
休止といえど結構働いてたのね！！いやすごいな~😢食べるの楽しみすぎる
ふむふむ、、、品薄になる前に絶対買う!‼︎‼︎
大好きなラーメン旅企画が商品開発の伏線だったの嬉しすぎ
本当におめでとう🎉👏🏻👏🏻👏🏻👏🏻夢を叶えられて本当に良かったね！😭😊👏🏻👏🏻👏🏻楽しみにしてます！🎊🥳
感動だなぁ❤ラーメンの色んな袋付いてないの楽すぎて神すぎる！！！めっちゃ良い！！急いでる時に3袋とか面倒だから😂
🤤美味そう
HIKAKINまじでかっこいいよ...夢を叶えていくその姿尊敬...
ヒカキンさんありがとう、一般庶民が手を出せる商品を作ってくださって…これで高級なものだったら買えませんでした
まずYouTubeを16年間休まずにやってるのだけでも凄いのに、YouTubeをやりながら他の夢を実現させるためにも全力を注いで頑張るヒカキンさん本当に尊敬します！！！！
ほかのYouTuberとは違ってラーメンなのいい😊
味噌ラーメン大好きだから嬉しいー❤
絶対に食べたい！
向上心あって素晴らしい！✨ラーメン旅もしてるくらいだから好きなんやね😊
美味しそう😊絶対食べます！
この人がちでまじもん。なんて言うんだろうここまで誠実で真実で素直な人見たことないんだよねヒカキンさんを見てると、大人って素敵だよな捨てたもんじゃないって思える。
好きなことにほんと全力一生懸命な方！観てて面白いし、楽しい！尊敬！沖縄でも販売あるかな…🥲
大好きなものを磨いていくその姿、大人の私も勇気づけられる。かっこいい！
発売日が5月9日ってさ、ドラゴンボール好きなことも込めて悟空なのかなって思ったけど偶然だよなぁ(´･ω･`;)
やっぱHIKAKINさんは努力のが凄い👏
絶対買ってやる〜‼️❤
体を休めるための休みも必要だけど、だだの休みじゃなくて自分のやりたいことに集中するための休みってかっこいいな
「もう一つの夢だった」かっこよすぎ
これは、絶対買って食べます💪ラーメンは本当に食べると幸せになりますよね😂
うわわ美味しそうすぎる絶対買う
味噌ラーメンが一番好きだから嬉しい！
やりたいことをなんでもできちゃう、それがヒカキンの力短いお休みで休めたかな？もうちょっと休みたいよね
セブンだけじゃなくてスーパーとかにもあったらすごい売れそう
服とかじゃ無くてラーメンなのほんとに好き流石HIKAKIN
いよいよ明日か……。ホント楽しみ！！！
夢を叶えるってなかなかできないこと。それをこんなんで？とか言ってる奴なんか気にすんな。というか、本人は全然気にしてないと思うけどw
濃厚味噌で香味油、白味噌使用…麺処くるりが本当に好きだったんだなって分かるわな
早く食べたいなあ
天才って才能とかじゃなく好きな物にどれだけ取り組めるかなのかもな
本当におめでとうございます🎉元気出したい時にたべよっと🥹
泣けました。おめでとうございます🎉9日セブン出勤なので、必ず買わせていただきます。出勤前に売り切れちゃいそう！！楽しみです❤
ラーメン食べてみたい！ニッシンとすごいね元スーパー定員とは思えないよね
本当に楽しみです！！！絶対食べます😊
たべたーーーーい！！！！！
本当に努力してみんなを明るく元気にさせるラーメンにしたいっていう気持ちがすごい伝わった
美味しそう！！発売日楽しみです😊
大好きなラーメンが作れるくらいビッグな男になったヒカキンさんマジですごい……他の商品も、当たり前だけどこうやって試作を重ねて作られてるんだなぁと思うと、なんだか感動しました。絶対食べたい！！絶対見つけ出して食べます！！！
ラーメン食べたい😮😮
もー映画にしていいぐらいすごい✨
１個ずつ買いたいなぁー！
YouTubeやりながら1年これを作れたのはすごいと思う。
1年間かけたラーメン🍜絶対買いに行きます、楽しみです☺️
一年間夢を叶えるために頑張ってたヒカキンさん凄いし尊敬した！
食べたーい❣️
言いたいこと沢山あるけどとにかくおめでとうございます！！！
夢を叶えることが出来るヒカキンさんを皆らいたい
この人の「こだわりました」ほど説得力のあるものは無いよね。めちゃくちゃ楽しみ🥺
ずっと夢を追い続ける姿 痺れます!!
ラーメン苦手だけどその中で1番好きな味がミソだから嬉しい😆絶対食べる〜！💭🤍
これ絶対買って食べる‼️ラーメン大好き💕
これだけの熱量で作ったラーメン、絶対おいしい！
台湾で....でもでも買いたい‼︎😢
ずっと夢を持ち続けるって事がすごい。普通は一つの事で満足しちゃいそう
めちゃくちゃ楽しみ！！美味しそうだから早く食べてみたい！
夢が叶って嬉しそうなヒカキンを見てるだけでこっちは嬉しいよ😂よかったねー😂ラーメンもご飯も絶対買う🎉
絶対食べる
夢を叶えられた事おめでとうございます🎉素晴らしい発売したら絶対買いに行っちゃいます👏(・_・)ｽﾊﾞﾗｼｲ
美味しそう😋
言うこと忘れましたとか言っても全然許せる
カッコよすぎる…。絶対に買います！味噌ラーメン好きなので早く食べたいです🍜
パッケージのデザインもセンスあって素敵ですね。下積み時代も人生が変わるその日もラーメンと共に、感動的です。
5月9日になったらすぐセブン行って買ってきす！！ラーメン好きだしめっちゃ楽しみ
ヒカキンさんは下積みがすごいからここまで有名になって、夢が叶ってくれるのはこっちも嬉しい。
シンプルにラーメン好きすぎだろ笑
どんな報告でも応援することに変わりはないんだけど、全国ツアーだといいなぁー♪♪
普通に美味しそうだし一般市民に気軽に手に入りやすくて凄くありがたいです！！買いますね🍜
絶対うまいやん！！！買うか！！本当におめでとうございます！
めちゃ早く食べたい
故郷のラーメン屋さんのくだりは涙出るね🥹具材や調味料だけじゃない、背景や思い出が何よりの美味しさに繋がる隠し味☺️
絶対手に入れる！
こうやってがんばってるヒカキン見てると、自分も「諦めないでがんばるぞ！」って思う。
わかりみが強いです、、ラーメンは人生です、、😂必ず買います🎉
夢を叶える。その力凄すぎです！尊敬！🎉🎉
これ作る為に2022年の新曲出さなかった説
これは売れる！！口角が上がる感覚、わかります。さっそく9日からセブン見てきます！
ラーメンはラーメンでも味噌に限るよなぁ
なんなら店舗出してくれてもええんやで！
私も以前落ち込んでいた時、ラーメンを食べてこの一杯でこんな幸せな気分になれるって本当すごいなぁ。。🍜✨って思ったの思い出しました。HIKAKINさんおめでとう🎉🎉早く食べれるの楽しみにしてます!
なんとなく「ヒカキン、ラーメン好きだな〜」って思ってたけどまさか作ってみたいと思ってたとは、、、食いて〜！楽しみだな〜！
普段あんまりラーメン食べないけど、ヒカキンさんのラーメンなら食べてみたい！！
休止理由もヒカキンらしくて応援したくなるなぁ
絶対買うぞー！
だからラーメンダーツとかやってたんだね。好きなものを本気にできるのって本当に尊敬できる。
努力という才能か、ほんとに尊敬します。僕の働いているところで販売させていただけること嬉しく思います。もちろん食べます！
ええ！すごい！買いに行くー！！！！おめでとうございます✨✨✨
絶対買うぞ！
マジで楽しみ‼️❤
めっちゃ買ってみたい
勝手に期待しといて、いざ発表した時文句言うのは違うだろ素直におめでとうでいいでしょ
ヒカキンはまさにお金<∞<努力を証明した男
すごく食べてみたくなりました！✨見かけたら絶対に買って食べます！
ラーメンダーツの旅は伏線だったのか…
体質がらラーメン(小麦粉)が食べられませんが、メシも出してくれたなんて😭心から応援いたします!!
カップメシの方！！2食目からはチーズ入れて食べてみたい！！！！
どんな報告でも応援してます
誰でも手に取れる価格帯ってのもありがたい！必ず買って食べます！そしてみんなのコンビニ紹介気になりますね😊
夢って叶うのね❤
食べたーい❤
カップ飯大好きなので凄く楽しみです！発売日にセブン直行します！！
長年の夢が商材とはこれいかに
この機会で思ったけどヒカキンさんが存在してないどYouTubeがつまらなくなった…ヒカキンさんが活動休止してから少し寂しく感じた事があった。私はヒカキンさんを4年前？くらいからしか見てないけど本当にいい人なのは分かる。誰よりも長生きして欲しい。ヒカキンさんにどれだけ救われたか…本当にありがとうございます！！！！
僕の夢は記憶がある時に東京に行く事でしたヒカキンと共に夢を叶えられて嬉しいです。
うわぁぁぁぁあ👏✨✨✨✨すごい！！！！よかったね！！！！絶対食べる！！！！夢に向かって全力で頑張る姿、心から尊敬します………。
ニューミサのラーメンはほんとおいしい
"めっちゃ美味しそう(´,,•﹃•,,｀)2つとも買います❤🎉😊"
普通に美味そ。見つけたら買う
上手くいくか失敗するか分からんが絶対食べるわ
今までの様々挑戦を経て、たどり着いたラーメン🍜！食べるの楽しみです✨
おめでとうございます🎉とても美味しそうでアメリカでも買えたら嬉しい！大ヒット商品になって海外進出もできますように🙏✨🤲
自分の夢のために活動をお休みは全然いいと思う!『自分の夢を誇りに思え』
号泣してしまいました。本当におめでとうございます！！かっこいいです！発売されたらセブンにいきますね♪
セブンイレブン無いから食べれない...😢....いつかセブンイレブン見つけたら入って絶対買う！！！！
自分の夢を追うという事は凄く良い事とだと思う
同い年で一番尊敬と安心感がある人柄です！ラーメン発売おめでとうございます！当日買いに行きます！！
ヒカキンさんのガチファンだから泣くくらい嬉しい一生買う
味もこだわってそう！ちゃんと美味しそうなので期待
ヒカキンの熱意というか、思いが分かる😮まず、真っ先に自分で思う通りにするヒカキンが、凄くて羨ましい😮
そのうち袋麺も出してくれ
ヒカキンのことだから妥協せず真っ当に頑張ってこだわって制作したんやろな
ヒカキンは今回夢を叶えたけど、ヒカキン自身もまた、色んな人の夢になってるんだよね。素敵な世界だ。
味噌ラーメン味のカップ飯は売ってないからめちゃくちゃ嬉しいです！！絶対買います😊✨
ほとんどコメ1個はみんなついてるwHIKAKINさんもっと休んでも良いですよ(体調お大事に)
HIKAKINさんの真剣さがこっちにまで伝わってきて感動しました元々スーパー店員で僕の人生の諦めない部分をHIKAKINさんが救ってくれましたありがとうございます
取り敢えず、二種類買うヒカキン応援してるから
夢を叶えられるって凄い事だな自分の好きな食べ物を商品として出せるなんて凄い
すごい興味あるラーメン🍜1年間とは凄いですね😮💥 でもほんとに何もしない期間を作って欲しいです！
HIKAKINさんは安心して一生推せる！発売が楽しみ！
楽しみです！早く食べたい！
私もラーメンが大好きで、とても共感できました!
このままいけばヒカキンさんも3日で1000万再生いけるぞ！
ただ発売するのでなく、ラーメンに助けられた感動的なエピソードがあるのがやっぱりヒカキンさん神だなって思う
HIKAKINの凄い所はラーメンとカップ飯を両方しっかり食べてるところ！❤
これだけ魂込めて完成させたラーメン！本当に凄いです！発売日に近所のセブンイレブンにも並ぶかな？田舎だから地域差ありそうですよね。見付けたら絶対食べます！楽しみです！^^
もうHIKAKIN教科書に載ってもいいレベルだろw
正直かなり楽しみ自分の口に合うかはもちろんわからないけど、HIKAKINさんが思う至高の一杯がどんな味なのかは食べてみたい
HIKAKINさんが作ったからとかいう補正は一切抜きにしてラーメンとして美味しそう
なんかヒカキンさんって自分の節目とかにいつも誰かの為にやる事ばかりでYouTubeを始めた頃から芯とか根本が全く変わらないんだろうなと泣きたくなる😭
HIKAKINから溢れ出る優しさに泪がでる！！！
夢を現実にするのカッコいい‼︎
食べたい.......
おめでとうございます!!!1年間も私達の事も考え食べやすく美味しそうなラーメンを作って頂きこちらも凄く嬉しいです!!!5月9日が凄く待ちどうしいです‪🙌🏻  ̖́-
これもいわゆるYouTube界の既得権益だな
勝手に💍報告だとばかり思ってたから予想外すぎたけど、ヒカキンさんのYouTuberとしての夢とは別の夢が叶って本当に嬉しい
この人は、マジで凄すぎるよ！
ラーメン、メシめちゃくちゃ美味しそうなので、買って食べて見たいと、思います。夢を現実に叶えられて良かったですね。おめでとうございます🎉
改めてすごい人だなと思った👏
復活おめでとうございます！最高！！！！！
復帰おめでとうございます😊絶対買います！見てたら食べたくて仕方ないです😂
別にヒカキンさんファンではないけどこの人の努力凄いと思う。あと普通にラーメンうまそう
嬉しいそうに紹介してるHIKAKINさん見てるとこっちまで嬉しくなります。発売日絶対買います‼️
最初のオープニングをHIKAKIN TVEVERY WEEKでも許される
この量で250円オーバーは高すぎだろ😂
めっちゃ美味しそう❤️‍🔥🍜絶対買う！
なんかめっちゃ真剣に見入ってしまった
発表するまで1分もかからないの流石ヒカキンって感じして好き
映像ヒカキンが作ってるの何気に凄い 1:01
ヒカキンさんの人生って夢あって好きすぎる
応援しとるで！絶対買うわ
おめでとうございます！たくさんたくさん売れますように😄
絶対食べなきゃ！😋
シンプルに凄い本当に頑張ったんだなって尊敬できますね
自分の好きな物を形にしてこだわって作るのってすげ〜よ！本当にかっこいいよ！👍発売されたら買う食べたいもん。いや〜尊敬👏✨
HIKAKINさんにほんとに元気貰ってますし尊敬してます٩(๑❛ᴗ❛๑)۶2ヶ月入院してて大変ですが退院したら絶対食べますΨ( 'ч' ☆)
インスタで見ました！ラーメンとカップ飯、絶対食べますΨ( 'ч' ☆)
両方とも必ず購入しますっ😆👍発売日が楽しみ🎶
早く食べたい
感動をありがとう。久々ぶりに涙したよ。こういうことなんですよ
HIKAKINの夢が叶って本当に良かった。
HIKAKINさんみたいな色んなことに夢を見てチャレンジできる人になりたいと思った！
わー！食べたいー！！
HIKAKINさんのラーメンに対する本気が伝わりました。発売が本当に楽しみです。
姉も食べたいて言ってた！絶対買います！！😆
正直ここが僕一番見ていただきたいんですけど…っておっしゃってますが、自分の好きな人の夢が叶う過程を見せていただけるなんて光栄でしかないから見るに決まってます。ラーメン見かけたら絶対買います。楽しみにしてますね。
学生だからYouTuberとかが出すものって高いけど、HIKAKINさんは学生の気持ちも考えてくれたのか300円という化学でこだわりのラーメンが食べれるのは楽しみです！友達と買いに行きます！
凄くこだわって作ったのもあって、めっちゃ美味しそう！ちなみに、白味噌派なので尚更食べたーい(⌯¤̴̶̷̀ω¤̴̶̷́)✧開発中、大変そうだったけどもヒカキンさんがとてもキラキラしてて少年のようでした✨長年の夢のひとつの実現、おめでとうございます㊗️🎉発売を楽しみに待ちたいと思います🎶
絶対買うw
いつでも好きな事に全力なヒカキンさん、やっぱり好きだなぁ❤
感動しました…絶対食べます！！
あまりにも本気すぎて勝手に感動した…
HIKAKINの商品だから買わなくても安心と信頼があるのやばい
素敵。自分もラーメン好きなので発売を楽しみに待ってます！
早く食べたい👏🏻
おめでとうございます！！！楽しみです！！！絶対に食べます！！！
これあれだねスーパーでも発売して欲しいくらい食べたいです。僕も小さい時から2008年生まれなんですけど味噌ラーメンが大好きで、近くに札幌ラーメンがあって毎日のように言っています。それぐらい味噌ラーメンが大好きです。
夢を叶えられるってこんなに幸せなんやなー
ラーメンって言った瞬間吹いたWWWWWひかきんおもろいわ
おめでとうございます！まさかの誕生日に発売😂絶対買います！早く食べたいです🍜
ラーメンダーツの伏線かも知れない
感動しました😭
一週間お休みしてまあ当たり前だなと思ったら頑張るためのお休みだとはさすがすごすぎるちょっとはお休みしてくださいね！長文失礼しました！
この人はたった一週間の休みのために盛大にみんなのことを考えてるんだな。この人こそ本物の聖人だ。
色々考えていることが好感持てる🎉☺️まだまだたくさん好奇心いっぱい👏ワクワクしかない✨🎵
１年かん両立しとるのすごすぎます❗😂
絶対食べるそうに決まってる
6分ぐらいのいい感じの曲は「心響〜SHION」です😮
絶対買うのだ〜！
1時間で80万再生超とは、、😳どれだけ、ヒカ様の復活を心待ちにしてる人が多いか分かる😢
これは売り切れなるだろうなー💦買いたい名言、、、食べ終わったら容器は綺麗に保存だ！ほんと美味しそうで✨
おめでとうございます🎉私もラーメン大好きなので楽しみ過ぎます❤
絶対食べますね！
初コメです！ご自身の夢の実現本当におめでとうございます🎉発売日には店頭に沢山並んでいる姿が想像できます😊味噌味大好きなので店頭に並んだらぜひとも購入したいと思います🥰楽しみにしてます❣️
プルルルルルルルルルルルが過去一気合い入ってるw
夢を叶えようと努力して叶えるってすごいことだと思う
同じラーメン好きとしてここまでやるＨＩＫＡＫＩＮさんを尊敬する。😂ラーメンうまいよね！！！
感動しました😢
早く食べたい
味噌ラーメン大好きだし大好きなHIKAKINが作った（？）ラーメンなのが最高
うっわめっちゃ美味しそ、、絶対ラーメンとカップ飯買うわ！
ラーメン製作の関係者から情報もれなかったの凄いな
味噌ラーメン大好きなので楽しみです
あのHIKAKINさんがここまで上り詰めたのはこのラーメンのおかげでもあるのはすごすぎる！！そしてそのラーメンを作ったのももっとすごいし感動しました！
つよぽん絶対に5月9日買ってみようかな超美味しそうだね
是非食べてみたい…ヒカキンさんをずっと支えていたラーメン。こだわり抜いた一杯を食べて元気を貰えるといいなぁ…
ファミマ、ローソンでも販売して欲しい！
まじでこの人超えるユーチューバーというか人としても中々いない笑
本当に楽しみにしてます！カートンで買いたいです🍜
深夜に見なきゃよかった、美味しそうすぎる🥺味もそうだけど、HIKAKINがラーメンと一緒に色々乗り越えてきた想いを聴くと、自分もそういう日に食べたいと思った！！楽しみ！！！！初日買います！！
美味そうー！絶対買います！
わーい🙌いぇーーい！おめでとうございます！！コンビニで買えるの嬉しいです楽しみー！！
早く食べたい
夢を叶えることも凄いけど、夢が叶う方の瞬間を共にできることは一視聴者として、とても喜ばしいです！
夢を叶えられて良かったですね👏✨おめでとうございます㊗️諦めなければ夢は叶う💪セブンで出会ったら買います‼
コンビニで売ってくれるのはありがたい味噌ラーメン普段食べんけど HIKAKINさんのラーメン食べてみたいと思いました！これからもずっと応援します。がんばってください！！！
食べたくて((ｳｽﾞｳｽﾞ))
HIKAKINさんが、美味しく食べてるのを見ると、発売が待ち遠しいし早く食べてみたいー！！
早く食べたい！早く発売しないかな〜
終始テンションが高くてどれだけ嬉しいのか分かる😂
字も綺麗なところまで本当にヒカキンさんの才能にびっくりです。これからもずっと応援してます！
すごい！めっちゃ売れそう😊
麺の硬さが気になって😅
自分の夢を叶えるHIKAKINさんスゲーや！ラーメンの中でも特に味噌が好きだから味にも期待しちゃう。飯系の報告と知らず深夜に見たらガッツリ飯テロで腹減った！！
HIKAKINさんの一生懸命作ったラーメン食べてみたい(*´﹃`*)
頼む、復活にしてくれ、、皆あなたを待ってるんだよ、、
お疲れさまです。ヒカ様の努力と笑顔が、多くの人々の心に、自然と入って来るのが、ヒカ様、おめでとう御座います。喜んで、買わせて頂き応援していきたいと思いますヒカ様の声が笑顔が、私達の元気の素です。本当にありがとう。
ほんとにうれしそう～つたわってきます東京に行ったりせず、セブンで買えるなんて！ヒカキンさん本当にありがとうございます！
早く食べてみたい、
食べるの楽しみ〜🍜🍚
数百年後とかHIKAKINの人生大河ドラマになってもいいと思う
1時間で100万再生に迫るのはさすがすぎる
ケースで予約しました！来るの楽しみ食べるの楽しみ❤
すごい、！！！！おめでとうございます！！！絶対買って食べる！！美味しそう！！かっこいい！！！大好き！！！
麺処くるり行きたくなるなぁ。ラーメンひたすら食べたくなる。HIKAKIN頑張って！
おめでとうございます❣セブンでかえるの有り難い❣元気がない時に私もヒカキンラーメンでパワーもらいます✾
めちゃ美味しそう
1番びっくりしたのがHIKAKIN様の書道が想像以上に上手かったこと
これが自分の誕生日に発表されて嬉しい！(*^_^*)
また新しい夢の実現を期待してます！頑張ってください😊
急上昇1位！おめでとう(*´ω`*ﾉﾉ☆ﾊﾟﾁﾊﾟﾁ
味噌ってのがいいですね!食べてみます!次あれば豚骨も期待してます！
美味しそう食べたい〜
自分が好きなものを自分が満足するまでつきつめて作れるって素敵😌
9日まで待ちきれない！私もラーメン大好きです🍜✨本当にすごい行動力だよHIKAKINさん🥹おめでとう！！！
今までと全く違うトーンのヒカキンさん感動しました🤩
絶対買います！！！
ヒカキンさんの努力は本当にすごい！これからも頑張ってください。
第二弾とかで、シオキンとか作って欲しい。
何かヒカキンクラスが初の商品開発って凄いな普通もっと格下のインフルエンサーでも出してるのにそれだけ慎重に製作してたって事かな？これはさすがに食べてみたい
まっすぐで真剣で真摯でやっぱりヒカキン大好きヒカキンの夢が叶って嬉しいラーメンもカップメシも食べるの楽しみ！
完成おめでとうございます🎉発売楽しみです。ラーメンは豚骨とかが人気が多いですがそこを味噌でくるところが、、たまらないしかも、ニンニクいり、最高👍楽しみにしてます。あちこちのセブン巡りしよ。
美味しそう食いてぇーーーーーーーーーーーーーーーーーーーーー
まって、まさかのみそめし美味しそうすぎる。。。ヒカキンのことだから本当にこだわって作ってくれてるはず！絶対食べまーーす！！🎉
楽しみにしてる笑すぐ売り切れそうだねw
ラーメンでまさかこんなに感動させられるとは思わなかった。
おめでとうございます！とても美味しそうなラーメンですね!!早く食べてみたいです！
様々なバラエティーヌードルも期待してます！
絶対買います‼️とても感動した‼️
絶対買います！HIKAKINさん素敵です！休んでないですよそれ！みんなのために頑張ってるとか尊敬です！
絶対食べますΨ( 'ч' ☆)
グッズ系じゃなくてラーメンメインなのが個人的に嬉しい
HIKAKINさんの血のにじむような努力が伝わってきますわ
HIKAKINさんの元気が出て嬉しく思います
感動しました。
発売決定おめでとうございます🎉5月9の発売日に2つとも買います！これからも応援してます頑張ってください🔥
習字普通に上手いw
ポイントつける側からつけられる側になったの凄すぎ
ラーメンの味で味噌が1番好きだからめっちゃ嬉しい！しかも安い！買うしかないな。。。ヒカキンさんありがとう！！！そしておめでとう！！！
夜中に見るんじゃなかった…10:09具が豪華✨
絶対買う！
夢を実現することはとても難しい事を叶えるってすごいと思いました！５月９日コンビニで探します😂
この人なんでもやるなぁw
本当に今までずっとみていたのできっとHIKAKINさんならみんなをワクワクさせるご報告なのかな
こってり好きにはたまらん…。楽しみに待ってます😊ラーメン大好きだぁ🥺🥺🥺
このラーメンを、同じように、元気が無い時、腹ペコの時、ヒカキンさんの話を思い出しながら食べたいと思います！！！インフルエンサーの方で、夢を叶えたと聞いて、こんなに、『本当に良かった！！ここまで長い道のり努力と信念つらぬいたんだな』って感動したのは初めてかもです。
セブンないんよなー生協かイオン系列で売ってたら買う
やはりラーメンは僕たちにとって最高なものですよね😊
いっそのことラーメン店作りそう
普通にいい話なんだけど、恩師を紹介するかのようなテンションでラーメンについて語ってるのなかなかにシュールで笑ったw
本当におめでとうございます🎉本当においしそうにすすりますね😂ごはんもとっても美味しそうです！
いつもはHIKAKIN面白いなぁ〜って感じで見てたけど、今回のHIKAKINはカッコイイ✨やっぱり夢を実現できる人はカッコイイです!
絶対買います！！！！！！！！
半年後とかにスプラトゥーンのフェスで味噌ラーメン派対味噌メシ派の戦いあると思ってだけど今のスプラトゥーンフェスの選択肢三択なの萎える😅
優しい値段やうれしい😂
休むどころか働いてて草
メンマ好きにはたまらない❤
ヒカキンさんの夢が叶うと見ている自分も嬉しくなってきます！🎉
味噌ラーメン食べたい！！
夢かなって良かったね👏🤩✨おめでとう㊗️🎉🎉🎉🎉🎉セブイレに並ぶの楽しみに待ってます🥰❣️
susuruTVに紹介されることを願うばかり
मुझे नहीं पता आप क्या कह रहे हो पर आप जापान के सबसे बड़े YouTube creater हो बधाई हो आपको ।नमस्ते जापान Namaste Japan ❤
何度も繰り返し観ています。観ているだけで気持ちが幸せになる。HIKAKINさん、ありがとう。
小麦アレルギーだからご飯あるの嬉しい😃お母さんにラーメン食べてもらおう♥️♥️♥️ヒカチャンよかったね🎉🎉🎉🎉
これは、幸せだな( ´͈ ᵕ `͈ )?
やっぱ好きやわ
美味そう😮❤
「世界の紛争を全て根絶しました」とかでもHIKAKINなら許せる
わぁー夜中に再生してラーメンクッソ食べたくなったー😂😂😂発売したら買います💪🏻5月9日楽しみ✨
HIKAKINってほんとすげーわ。まじで尊敬w
絶対食べよ！❤
コンビニで買えるのが嬉しいです。夢を叶えるってすごいです😮✨😊👏
父に15年育ててたアロエ捨てられてショックだったけどなんか元気出た😂
ヒルクライムのライブで初めてヒカキンさんを見て知って…あれからもう何年も経ってるけど今では、今でも、ヒカキンさんtocさんの大ファンです！
はよ食べたい！！！！！！！！！！！！😢❤おめでとうございます、夢を叶えていく瞬間をこうやって見ることが出来て、同じ時代生きれて幸せです！刺激もらいました😢！！！！
めっちゃ食べたい！食べてみる！
夢実現おめでとうございます🎉味噌ラーメン大好きなんです😊絶対食べます！
セブンに行けばあるのよね！売り切れるかな？買いに行こ〜
夢を叶えるために発表の映像も本気で作るの流石YouTubeの神。
夢を叶えたいことを叶えるHIKAKINさん、本当に凄い。。息子もラーメン大好きなので発売されたら即購入して食べますね😊
発売おめでとうございます🎉食べるの楽しみです😊
醤油キンも欲しい
ほんと好き
中野来たら札幌ラーメン味七上手いから食べてみて🤤味噌ラーメン
このラーメン食べるために一日頑張れる日が自分にもあるんだろうなと思うと嬉しい。どうにか生きてる自分でもギリカップ麺に出せる値段で嬉しい
おめでとうございます🎊絶対に買って食べたいと思います。本当に美味しそう😋急上昇ランキング1位素晴らしいです🥹
夢を叶えて、おめでとうございます。本当にHIKAKINさんは凄い人❤❤❤
つらいときに上がれる人が人生の教科書
控えめに言っても神
みんなあんま触れてないけど、習字上手ない？ww
なんか福くんが仮面ライダーになるって夢を叶えた時くらい勝手に感動した
いやもうほんっと幸せそうすぎてこっちまで幸せになりました🤣ラーメン大好きなのでどちらもぜっったい食べます！！！🍜楽しみ～～🤤
味噌ラーメン好きにはたまらんなー❤おめでとうございます🎊
おーまいがーー！絶対買う！
めっちゃくちゃうまそう！！！！マジでヒカキンさんは凄いなぁ
スーパーにも置いて欲しい！
濃厚味噌ラーメンが税込で300円なのなぜかひかきんの優しさ詰まってるような感じがしてすき
ヒカキンさんホントにラーメン好きですね、自分の好きなもので夢が叶えれるのすばらしいと思う
すぐ食べたい！と思って買いに行こうとしたら9日ですね😂早く食べたい‥🥹私ラーメン工場で働いてるのでなんか嬉しいです✨楽しみにしてます🍜
コンビニで買えるのはいいですね！
キン兄弟がラーメン大好きなのをずっと見てきたから、これほど信頼における商品はないと思ってます😂💕絶対食べたい！ 争奪戦になりそうなのでゆっくり手に入れますね 笑一つ夢を叶えること、本当に素晴らしいし勇気をもらえます。おめでとうございます🥳🎉
発売楽しみにしてます！！
しょうもないって言われても夢を叶えられることはすげーよ
ヒカキンさんって本当にいい人だなぁ！🥺
サムネ変えるところとかさすがだな〜と思う🤣常々、YouTubeのご報告サムネには嫌気がしているのでww発売まであと4日🎉たのしみー❤❤
買いたい近くにセブンあるから買える
味噌ラーメン好きとしてとても気になる！絶対買う。味噌派閥にも嗜好が違う事があるから、HIKAKINさんがどんな味が好きなのか楽しみ😆💕
まじうまそーwはやく食べたいぜ😊
16年間やってて初めての休み、きっといいご報告だと思う。まじ楽しみ
市ヶ谷の旧くるりが好きなの同じだし、味噌だし、楽しみ過ぎる！！！
濃厚味噌ラーメンと濃厚味噌メシどれも美味しそう🤤買う時間があったら両方買います！
出てきた直後に親に買って買ってって言います。
涙出てきた😭絶対食べます。
食べたい…🍜
23時間以内で急上昇ランク1位になったのがやばい
おめでとうございます㊗️楽しみー！早く買いたい💕みんなを勇気づけ、幸せにできるラーメン。ヒカキンさんの想いが詰まってて素敵です！
ミサは小さい頃行ってたな😊玉ねぎ甘めで味噌と合う❤懐かしい
俺も自分の商品出せるまで頑張るわ
食べるのが楽しみです😊娘にも、食べさせてあげたいです❤
絶対買う！
もうすまんけどHIKAKINさん超えるYouTuberはほんとにいない。もう俺が決めた。この人は人としてもYouTuberとしても最高って感じで大好き。
自分の誕生日にヒカキンのラーメンが発売とは最高のプレゼント！楽しみにしてます！
そんなことだろうと思った😂コンビニ行って、買いますねー！
カップ飯めっちゃいいな！！
お休み頂いてありがとうございますって、上の立場になったにも関わらず、ほんと謙虚だよね、尊敬する
絶対買う！
食べたい……
予想外だったけど、これは絶対買う
絶対買う！
くっそ美味そう
プレミア公開の時、コメントで文句奴多すぎて悲しくなったわ。素直に祝ってやればええやんけ
地元に味噌吟とゆうラーメン屋がある
待ち遠しいです。早く食べたい。
初めどれだけすごいか分からんかったけど冷静になって、考えたらとんでも無いことしてるの草
ラーメン300円か。買う穴確定演出
絶対おいしい…買いますね！
どんな小さな事でも、夢を叶えられるって素敵な事だよね
心から応援🎉😊
らーめんもいいが、もうそれ以上太るではないぞ......
9時間で313万再生、やはりYouTubeの王だったか
絶対買う！！！
買いたいWWW
本当にかっこいい。絶対食う
サムネめっちゃいい！
ラーメンいいな
おかんが「ラーメン出すか、なんかの商品ちゃうん？」言うてたんマジで当たってんやけど笑笑笑
夢かなえる凄い🎉
必ず買います♪   美味しそう！
YouTube活動だけでも忙しいのに他の夢も叶える事が出来るヒカキンさん凄いです
心の中➡😢😢😢😢😢🎉🎉🎉🎉🎉　という感じ
美味そうだなぁ、そうに決まってる。
ずっと商品紹介してとうとう自分の商品ができたんですねおめでとうございます㊗️セブンのオーナーなのでたくさん発注しますね
ヒカキンが青色の服着てると嬉しい。
HIKAKINが作ったラーメンってだけで埋もれないね
これに救われ、励まされた人間がまた新たな物語を紡ぎ出す
普通に習字上手い笑
味噌ラーメン苦手なので醤油か塩も作って下さい
なんかHIKAKINが幸せそうで私もうれしい
食べなきゃ……
絶対、買いにいくー！
なんな涙出てきた。。。夢って叶ったら凄いよなぁ
HIKAKIN様がラーメン食べてた所の店長びっくりするやろなぁ
なんかもう、嬉しい。泣ける……矢部
ほんとおもろいな
ラーメン美味しそう
しっかり急上昇一位取ってんのかっこいい
早く食べたいよー😅
"お疲れ様です。また会いたいです。The Japanese girl group will debut on May 3rd.The name of the group is moon childCome listen to the songPeople all over the world, please support us by becoming a fan. Bewitching and cute. It's cool again, so I don't get tired of it. Let's come and sing in the world."
なんかHIKAKINさんはYouTuberで成功してるからとかそういう妬み全くない。努力が実った人だなぁって見れる
絶対に買う!
努力が凄すぎて俺も頑張ろう。
これがヒカキンがの視聴者側へのドッキリだとしたらマジで笑える
味噌ラーメンで良かった⭐️他の味だと食べないので…。食べてみます😁‼️
夢が叶って私も嬉しいです！
みんな触れてないけどロゴの字書くの美味すぎん？
信頼がやばすぎて買おうって自然と思った
このラーメン、青森でも売りますか？食いてえ！！！
麺の太さが大好きな太さだ！
いい報告であってほしい
僕もラーメン大好きです！僕もラーメン作ってみたいなあw田舎なので買えないですけど旅行行った時買いますね！！
買いたいけど売り切れてそう
緊張するな………でも最大限応援します！！😊
食べたい！
ラーメンアピールするために1週間休んでて草
27日か28日にって言っていて、しっかり27日にあげてくれるところが本当流石すぎる
絶対買う
ニンニク味噌ラーメンって妙高のラーメンから来てるかな？だとしたら新潟県民として凄く嬉しい！
食べるしかねぇこのビックウェーブに
めっちゃ美味しそうですね😋絶対買います！！✨
勿体ぶらず発表するのすき
絶対買う，こんなの買わないわけ無いじゃないですか。まずヒカキンさんの作ったラーメンってとこで買わないわけ無い！！！
こんなうまいもん出されたら俺が太ってしまうて
これは売り切れで買えなくなるな、、いつ食べれんのか
てか2日で再生されすぎだろさすがYouTube王
美味しそうですね。発売が楽しみです♪😊
聞く前から嬉しくてドキドキする😆
食べたい！
絶対買う
セブン店員のわい、納品まで待ちきれない
えー‼すご‼自作やば!!
美味しそう😊食べたい😙
いつかブタキンてきなやつも食べてみたいな。
私も同郷なので、あのミサのガツンと感のある味噌ラーメンは脳に刻まれてます！笑　おめでとうございます！楽しみにしています♪
HIKAKINが生きてる時代に生まれてこれて良かった
うまそー🤤
もやしが入ってるって珍しくね？
ラーメンダーツはこのための伏線か…！
抽選当たって欲しい🥺
一時期すごい太ってた時あったけどラーメンの味作ってたのか…
ただヒカキンの名前を使った商品ではなくヒカキンが作りたかったラーメンていうのが良いよね
シンプルにバカ美味そう
一つ一つ確実にやりたかったを成し遂げていく男！！
普通に食おう
こんな素敵な人本当に居ないし、もうほんと大好き頑張ってほしい！
買いに行きます(^^)
本当に早く食べたい💕9日セブン回りまくりますw
美味しそうだねえ、食うまでもない
遂に報告来ましたか…何かワクワクしちゃう(⁠≧⁠▽⁠≦⁠)
滅茶苦茶おいしそう...
｢ラーメン｣がゲシュタルト崩壊した
どんな報告かめっちゃ楽しみ😊
おめでとうございます！夢が叶ってよかったですね！
絶対買いに行きます！🔥👏
感動するなぁ。ヒカキンさんの夢が叶ったの本当に嬉しいな、おめでとうございます
絶対買いに行きます！楽しみにしています！
凄いです!!おめでとうございます🎉絶対買いますねっ(b´∀｀)ネッ!
まじで気になる！！どんな結果でも応援してます！！！💪💪
ちょっとうまそうなの草
セブン少し離れてるけど、HIKAKIN大好きだから、セブン行こ😊
｢しょうもな｣ってコメントちょくちょくあるけど、これのどこがしょうもないのか説明して欲しい笑笑
絶対に買います！
どんな結果でも大好きだよ
久々に見たらソファの人形がヒカキンだらけになってる...
普通に美味しそう
セブンイレブンの社員誰も情報漏らさなくて草
おめでとう🥳
これは絶対買う。
絶対買う
ヒカキンの元気な姿が見られるのは嬉しい
普通においしそう！たのしみ！
めちゃくちゃ美味しそう…食べます！！
どんな報告かな？どんな報告でも神回だ！
色んな人が先走った噂を流してて嫌だったけど、5月9日が楽しみ‼️でも抗がん剤治療中で退院まだだから、退院したらすぐ買いに行く‼️
報告長すぎて校長先生かと思っちゃった
マジで気になって夜しか寝れなかったから楽しみだわ
面白い🤣
pvのあとの真顔おもろ
品切れしまくってる未来が容易に想像できる笑
絶対買います🎉
サムネ明るいから良い内容だと信じたい
食べたい❤
美味しそう
ニンニクが効いた味噌ラーメンは食堂ミサイメージかな？
絶対売り切れなってるやろな😂
セブンイレブンのオーナーやってます。おそらく特発で発注上限かかると思いますが上限いっぱい発注させてもらいます！
あたしもラーメンは、大好きです(*´`)楽しみにしてます😊
突然、｢国家転覆、やぁりましょう！｣とか言われてもヒカキンさんなら株上がりそう
けど、なんか美味しそう✨😊
やっぱ、HIKAKINだわ。おめでとう🎉㊗️
いいねの数だけそれぞれ買います
絶対に食べたいです😊🎉感動しました😭😭😭✨
ラーメン最高
一度は食べてみたい
ラーメン美味しそうですけど、めそらーめん食べれないので、しょうゆとかでもいいので食べたいです。
みそキン早く食べたい！
復帰は27日か28日って言ってたけど早い方にしてくれたのはありがたすぎます。ご報告楽しみです！追記・報告見ました！発売日GWじゃないのと平日ってのがまたいいですね！欲しすぎる。
味噌キンカップメン食べたい(*＾3＾)~☆楽しみ~♪♪
何かとドキドキするけどヒカキンさんの夢が叶うんだったら嬉しい😊
頑張ったね🎉購入してみますね😊
めちゃくちゃおいしいそう
いいねの数×5個買うわ絶対いいね来ないだろうし笑
セブン店員だから買おー😎
しょーもなとか言ってる人、人の夢をそう思うことがしょーもないと思うよ
くそー食べたいのに近くにセブンがないあったとしても二時間かかる
もう絶対買うんだけど🎉
絶対買います！
ファミマ派だからファミマまで置いて欲しかった感ある
やっぱり一周間はえーな楽しみ❤
もしかしてこの味噌はヒカ菌から作られててすごい美味いのか！？
見てるだけで腹減ってくるわ...
人気過ぎて即売れきれそうｗ（絶対買う）
夢を叶えるヒカキンが僕は大好きです。
絶対買います。夢がかなって良かったですね！僕までもうれしくなりました！
HIKAKINさんが幸せなことならこっちも嬉しい気分になれる
すごすぎて草
2023/4/30えっ凄っ！？絶対に買う！！
ｷﾀ━━━━(ﾟ∀ﾟ)━━━━!!やっぱりヒカキンさんが1番だよね！！どんなご報告なのか気になるけど…ファンの皆さんには喜んでいただけるって言ってたから、楽しみだなぁ！！😆😆
ええやん(👍　 ˙-˙  )👍買うわ！美味そうやん
美味しそうですね！
HIKAKINの夢って俺らに想像できんよな…どんな凄い事なんやろ本当に楽しみすぎる！
絶対買います！
まだなんかわからんけどおめでとう！！！
絶対明日食べる！
ヒカキンってすげーなー
38:50 この若かりし頃のヒカキンちょっとカッコいいの草
食べてみたい…てかコメ欄に未来人現れてて草
楽しみすぎて昨日から寝れんかったわ
はやくたべたい
見つけたら買ってみよう
10年ほど見続けていたのですが、初めてコメントします！！ヒカキンさんがラーメンを作ったという報告が何故かめちゃくちゃ嬉しくて！！幸せで！！発売日に絶対食べたいです🥹🥹幸せそうに食べるヒカキンさんを見て笑いながら泣きそうでした🎉
俺やっぱヒカキン好きだわ
ヒカキンは期待を裏切らない
めっちゃ食べたい食べたい食べたい食べたい食べたい
急上昇１位おめ❤❤❤❤
5月9日絶対見つけたら絶対買いに行く！！
想像の斜め上でビビったwww絶対買うわwww
おめでとう☀🎉😺
可愛い❤（赤ちゃん姿）
SEIKINと仲良い兄弟って感じがほっこりする、素敵
早く食いたいなー。5月9日、速攻で買うよ！飯も
これは食いたい
絶対誰も予想しない結果で草
楽しみです!!
絶対たべる！
これは神回の予感
応援したいから買う〜！売り切れちゃうかなあ
HIKAKINずっと大好きだから絶対食べます！！
しょうもなって言ってる奴お前らが高く見すぎただけやろ。本当にHIKAKINさんおめでとう！！
これから、こちらの新商品のpop作りをさせていただきます！（セブンイレブン社員です）売り切れそう！！わたしも食べます😋
だめだ商品のヒカキンがもこうにしか見えない
ヒカキンのいつもの癖なら「みそお」って名付けそうなのに
同じ地元民です。やっぱりミサのラーメンですね。
カップの中に箸差しっぱなしなの嫌だ😂
↓HIKAKINが休んでいい日にち
ラーメンの旅してたもんな！
240円くらいなら買ってた
蒙古タンメンがライバルかな⁉️辛いバージョンも出して下さい‼️
すげぇよヒカキンさん。そして、おめでとう！これからも応援しています！
絶対買います❤
めっちゃうまかったよ〜
絶対に行く！待ってろよヒカキン
絶対たべます！！！
2日前で466万回再生えぐすぎだろwww世界のHIKAKIN
買わない訳が無い
食べたいです！
普通に買うわ
確実に神回
#ヒカキン急上昇一位おめでとう
最高！！！
おい。休めよ。ラーメンは食っとくから。
ジジキンは天国で笑ってる、ヒカキンのゆめが叶ったから。
ねつ伝わってきました😮おめでとうございます🎉ぜったい食べます
コメ欄に既に食べた未来人いて草
休むということを知らない男
現在イギリスに住んでいますが、両親に頼んで送って貰います🌷改めておめでとうございます🎉
絶対買う人↓
まじで聖人
普通に美味そう
バカ売れしてソッコーで品薄になりそう
よかったですね🎉🎉
新潟のニューミサが混むぞー！
HIKAKINのラーメン買わない人いない説
多分都会の方でしか流通してないと思うセブンイレブン行ったけどなかった
素敵です！👏🎉
多分思ったより大したことじゃないと予想
たべたーい！笑
スゴすぎる
（視聴後）、、、いや休んで無いやん！！！！！
みそキン必ず買いに行きます（行く時間であればいいけど)
ぼくもラーメン大大大好きです❤️。夢が叶ってよかったー
おめでとうございます！🍜✨ヒカキンさんの熱い想いがめちゃくちゃ伝わってきて感動しました🥲✨セブンさんに並ぶのを楽しみにしています！
ちょっと高いけど絶対買う
嬉しいけどこの人の休み少なすぎ
絶対買うしかないだろー
おー👏👏👏買います❤
発売日がわいの誕生日なのがワロタｗw
ずっとドキドキして待ってました！！ヒカキンさんの夢が叶うのなら心から応援したいです😊✨
絶対買います
人生と共に過ごしてきた1番大好きなものを商品化したヒカキンさん素晴らしい✨絶対食べたい！楽しみすぎて発売まで待てなすぎ💦
ラーメン本当に大好きです！！HIKAKINさんをずっと前から見てきました。小学生だったけれど今はもう高校生で大学受験に向けて勉強しいます。勉強のお供として食べていきたいです！！！😊😊😊😊
食べたいです‼️
招きネコキン可愛い😍
うまそうだけど糖尿だからしばらく食えんごめんなヒカキン
こりゃ早朝から行かんと売り切れになる!
ヒカキン習字上手い
HIKAKIN PREMIUM 立ち上げおめでとうございます🎉ヒカキンさんの夢が叶ったこだわりのラーメン楽しみです!!
石川の考察外れてて草
絶対買います👍👍👍
ヒカキンさんおめでとうございます🎊ラーメンへの熱い想いが伝わってきました！本当に美味しそうで今すぐ食べたいです🤤追記沢山のグッドボタンや返信、本当にありがとうございます🥹✨
夢の味。買います。
ラーメンか･･･
待ってました♡ヒカキンさんの夢の報告、楽しみです♡
買います、おいしそう
一年賭けたラーメン食べますね〜^ ^近くで買えるの嬉しい。
ひかちゃんおめでとうございます
誕生日だ、絶対買う
当たりでたらせめてTシャツとかあげたら良いのに（笑）
ヒカキン、あんたやっぱすげぇよ
マジでうまそう
うん、神だね！😊
絶対たべる！
甘めって事はミサに近いのかな
この人ほど純粋な人おらんと思う
こんな期待したラーメンねえよ
両方買います！
うわ〜おいしそ〜🍜✨
しおきんとしょうゆきんも食べたい
この人はすごい
自分の好きな事（ラーメン）で、視聴者をも一緒に喜ばせれるのってHIKAKINさん位だと思う😊幸せを独り占めせず、皆んなで分かち合える形に出来るHIKAKINさんは、やっぱり凄い！！絶対買います😊頂きます❗️
それ休みじゃねぇだろ😅ちゃんと休めよ💢
絶対買います
絶対買います
｢この度わたくしヒカキン…眼鏡を新調しました👓｣
おめでとうございます！
尊敬する人物　HIKAKIN　レーニン　ゴルバチョフ
どうせHIKAKIN印のラーメンでも作ったんでしょ(鼻ホジ)
次は塩キンとか出してくれるのかな？
買いに行きます。
本当に、純粋に発売が楽しみになるヒカキンの熱意、人柄❗❗息子がカレンダーに書いていました💕
休んだけど休んでなくて草
ラーメンゲシュタルト崩壊した
HIKAKINさん大好き!!!!!ラーメンたべたいな
この調子でしょゆきんと、しおきんと、とんこつきんもだしてくれ
(º ﾛ º๑)わぉ♡5月9日の発売日、私の誕生日だわセブンに買いに行きますね‼️
カッコいい！
とりあえず食べまーす
ヒカキンさんは生きる伝説
ラーメンはもちろん食べます。Tシャツも買いたかったのに、サイズがもう残ってないみたいです。😢
急上昇🎉
今日はこれがいいや
え？！絶対食べます！！ありがとう！！
美味しそうやばあ夜の1時食テロすぎぜったいたべる！！！🥺
次はラーメンチェーンですね！
絶対買うから
めっちゃ美味しかったです！！
発売してしばらくはずっと売り切れてそうだな…笑笑　毎日通うか。
HIKAKINさんが嬉しそうに、楽しそうにしてて元気でるなーアレルギークリアしてたら買って食べます。無理だったら誰かにプレゼントします。
1杯300円か……
おめでとう
😊🎉🎉🎉🎉🎉🎉
ラーメン、ゲシュタルト崩壊したわ
38:17　作り直せ！って言うかと思ったやん
うっひょー、早く食べたい！！！ヒカキン最高～～～！！！
じゃあ次は卵とネギを使ったラーメンを作ってください
絶対食べます！
ヒカキンTV好きなので絶対食べます！！発売待ってるよ！！コンビニで買えるのは嬉しいです！😊
初コメ🎉どのYouTuberが食レポしてくれるんだろう😂忖度なしで-w-w私的にはサッポロ１番味噌ラーメンを越えるかどうか。。。
お疲れ様🎉
ヒカキンさんのことやから『しおきん』『つけきん』すでに準備しとると思います。
セブンイレブンに5月9日に､出るんですか買って食べて見ますね。東京にラーメンやさんでやるかと思いました。ヒカキンさん人気あるからめちゃくちゃ混むよねセブンイレブンに出るんだら良かったです
気づいたら90kg…
頑張ってください!!ぼくも絶対食べます!!
自分の好きなラーメンをいつも見てるHIKAKINさんが作ってくれるとは思ってもいなかった！勉強の夜食に食べます！9日は朝イチでセブンに直行だ！
楽しみ！食べます！✌️
おめでとうございます✨かならず買いに行きま😊
頑張れよ
すぐ売り切れそう❗（おめでとうございます😢）
YouTuberのプレゼント企画は税金対策だよな。
1人で成り上がってきたヒカキン素敵
ちぢれ麺がいいね❤👍️
発売されたら両方食べます！
好きだけで夢が叶うんだなぁ😢😊😂❤
これって期間限定？
HIKAKINが1年かけて編み出したラーメンが上手くないわけがない！！絶対に速攻出たら買いに行く！！
ヒカキンさんおめでとうございます🎉いつもみています。ずっとみています。お体大切に永遠に1番星で輝いていて下さいラーメン必死で買いに行きますね！🎉
ヒカキンさん！新しいラーメンを発売されるということで、おめでとうござまいす！発売を楽しみに、過ごさせていただきます😂
おそらくしばらくお目にかかれないと思うので、世間が落ち着いたら食べます！
37:57ここ好きw
何だ神か
久しぶりにヒカキンポイント聞いたw
おめでとうございます🎉
お疲れ様でした！
休むとこが動いてて草
ヒカキンのYouTubeほとんど見てないけどテレビでヒカキン見て知ってました！人柄がいいよねえ。。ヒカキン。。ラーメン食べまーすう！
HIKAKINさんおめでとう🎉✨ラーメン絶対買うわ！
好きです
味噌ラーメンは普段あまり食べませんが、流石に買わずにはいられません……！9日、セブンに走ります！
結局休んでなかったことが判明😅
大好きです！
腕組んでたら、だいたい美味い
素敵ですね。食べてみますね❤
アレルギーめちゃ気になる………
おめでとうございます🎊　今度食べてみますね！
美味そう🤤
HIKAKINさんは神なんなら仏の域にまで達してるただ普通に頑張っただけじゃあんまり夢って叶えられる物じゃないと思うから、HIKAKINさんはものすごい努力の上にこの夢を実現してるんだと思う
HIKAKINの夢が叶うのなら、いくらでも休んでいいのよ。
美味しそうに食べますね〜
絶対食べます😊
わたしもらーめんすきだよ
休む理由になってなくて草
夢がついにだな👍️おめでとうヒカキン
こんなん買うしか無いやん
自分の夢を叶えれて良かったですね。🎉🎉🎉🎉🎉🎉🎉🎉
すげーよ。
HIKAKINプレミアムおめでとうございます！
ミソキンラーメンの残り汁にご飯いれたらミソキンメシにならんの？(笑)
ヒカキンは留まるところを知らない
ぼくもラーメンだいすきです😊
頑張ってください😢
9:34れさキャラだ、ありがたい
HIKAKINさんの作るご飯食べてみたかったんです！めちゃくちゃ嬉しいです！HIKAKINさんの夢が叶って良かったです
美味しそう
好きだったラーメンを作るなんてすごいな😢😂😊
ラーメンもカップ飯も絶対食ベます！ HIKAKINさんの思いがつまったラーメン🍜 絶対美味しそう！
HIKAKINさん😊やっぱ凄いわ👏誰でも手に入れられるコンビニでの販売嬉しいです🥰
絶対食べる、
地元に店舗つくりな
ヒカキン開発とか向いてそう
セブンにしかないのか
ギャン売れそう
ヒカキンさんのこだわりや夢、思い出が詰まったラーメン🍜頂きたいと思います‼️本当におめでとうございます。
そんなんたべるしかないでしょ❤
表紙のヒカさん某クレーマーやん
HIKAKINさんの夢が叶って良かった！絶対買って食べます😊
僕の誕生日にヒカキンが精神的におかしくなりそうだったのほんと草
セイキンさんおすすめシールを貼って発売してほしい！
5月9日めっちゃ楽しみ。
小さい頃にHIKAKINのグラセフ実況見てたけど母が「そんなアマチュア見てないでテレビでもみなさい！」とか言われてたけど今は明らかにアマチュアじゃないだろババァ！
これは食べ………るw
当たりがでたらもう一個もらえるという機能はどうですか？
ヒカキンさん頑張ってください！！！ずっと応援しています！
HIKAKIN「自分で自分を超えちゃったかな？」
ぼくの将来の夢はYouTuberとラーメンを作ることです。まさかの同じ
絶対買います
メシの方気になる〜‼︎
はやく買いにいこ
ヒカキンさん、もし可能でしたらTシャツ再販希望します(*･ω･)*_ _))ﾍﾟｺﾘﾝ
HIKAKINさんが監修したやつなのかな？すげぇ‼️
すげぇ
❤❤❤❤❤
絶対買います！！HIKAKINさんこれからも頑張ってください！！
美味しそーヽ(*´∀｀)ノ
ヒカキンさん、素晴らしいですね!!
ステップアップして実店舗出してくれ
ひかさんがふくよかになった理由
5000万個は売れるだろうねってなるといくらの儲けなんだろヒカキンに25億くらいは入ってくるのか
「しおきん」もほしい！！！なんにせよ、おめでとうございます！！！
すげえよ
これは凄い😳❗❗やったね✌️😍❗❗
おめでとうございます!!✨✨全然関係ないけど、サービス終了が決まったアプリゲームをサ終取り消させてみた。みたいなの出来たら見てみたいです!(・∀・)✨ガンダムブレイカーモバイルとか！
みそキンぜったい買う
YouTube黎明期から変わらない安心感のあるコンテンツを続けているHIKAKINさんに拍手を送ります！夢の取っ掛かりがかなったのでこの夢を更に大きくしていってください、いつまでも応援してます。
彼は好きなことを継続しているようだ。だからこそフォローしなければいけない。
買うね♡
すき
急上昇１位は草ww
美味そうやな
はやくたべたぁーい
感どう😂
これくらいいいやろ(笑)
多分激辛が出ることを私は知っています:)
今度食べに行く
うまそうだけどちょっと高そう😅
ヒカキンさんが超こだわったラーメンはやく食べてみたいです！楽しみすぎます！😃
ヒカキンさんおめでとう🎉🎊🎈㊗️
おいしそう
HIKAKINさん醤油味も作ってくださいお願いします！！
ミサの味噌ラーメン🍜
HIKAKINさん大好き🍥🍜🍜𓂃𓈒𓏸︎︎︎︎🍜𓂃𓈒𓏸︎︎︎︎🍜𓂃ラーメン美味しそうですね❤
おめでとうございます。
明日から発売ですけどちゃんと手に入るかなー。すぐ売り切れてたりして
早く食いてぇ
めっちゃ素敵ですね♪ラーメン食べますね🎉ナイスゥ👍YouTube rが飲食に手を出す流れが出来てますね。焼肉、カレーパン、ラーメン🍜ありがとうございます♪あと唐揚げも食べてみたーい。
ヒカキン。お前すげぇよ
期待していいのかな？
家族みんなで食べるよ〜ヒカキンさん！！！😊❤
いただきやす◎
近所にコンビニが、、、コンビニがねぇぇぇぇぇ
買うしかないだろこんなの
マジでうまそう　食べてーーーーー
おお！すげえええええ！もちぃろんかいま～す！
サムネ変わってる！
休んでなくて草
早く5/9にならないかな()
ヒカキンさんがんばってください。
やばいクレーマーみたいなポーズ
ラーメン三杯いただきやす
❤
夢ビートボクサーじゃないのかw
ヒカキンさんかっこいい。絶対食べます！
絶対買うは
家族みんなで食っときますわ
ヒカキン特せいラーメン出来た！🎉😂😊
trend HIKAKIN Point 久しぶりに聞いたw
誕生日の日に販売開始してくれてありがとうございます😭誕プレとして買ってもらいます😭
アレルギーがあるから食べられない
素敵なお方です。入荷したら頂きます🍜
ラーメンは買う、休んで
そうだったのか！。僕もうれしいしヒカキンさんもうれしいのか😢
休んでなく草
神さま🥹
444万再生が怖いw
ちょっと、たべてみたいです
Twitterでバズりのおもちゃになってて草
宇宙いかんかったなぁ🚀
かいたい！
早く売ってください
うまそう
HIKAKINさん。頑張ったな。
サムネ変えたか笑
戻ってきた!
ヒカキンさん、早く食べたい❣️ヒカキンさんの人柄が皆さんが携わってれるんでしょうね。
あと1秒頑張ってくれ
おめでとうございます
HIKAKIN同接16万人どりゃああああああああああああああああああああああああ
醤油ラーメンも作ってくれませんか？作ってもらえたらうれしくていっぱい買います
涙出そうになりました
いいですね
ヒカキン字上手いね
ニューミサとどっちが美味いですか？😮
休んでないやん…笑
コメ欄にくっそ暇人いて草
味噌をこだわるとか具体的なコンセプトがないゆえどんなものを作りたいのかよくわからなかった😂
美味しそー
味噌味きいて本当に美味いの？
なんぼラーメンってゆうねん🤣
ヒカキン習字うまい！
❤
❤
ひねくれコメ多すぎやろ笑夢を叶えただけなのに
くるりインスパイア系なのかな？
スーパー美味いって
よかったです。ガンバレー！グッとボタンよろしく
うまそう
よかったね😭
安いなー
我が人生に一片の悔いなし！ラオウやん（笑）
隠密で栗東まで来てたんかなぁ
うまそう
買います
ヒカキン完全こだわりのラーメンならいいけど、味的に元のラーメンをちょっと変えただけならわかんないなーラーメンに関しては厳しい世界だからヒカキンってだけで売れると思うけど、美味しくなかったら売れなくなると思うけど人それぞれの好みだからわかんないけど
飯テロだ！
1:24 FNAF死亡確定シーン
味噌キンぬいぐるみはどこでgetできますか?🤔
容器だけで150円しそう
ありがとうございます！
コンビニでかえるのうれしいよ、ありがとうヒカキンカッコイイだいすき、たべたらいれものかざっとくよ❤
うどんとペプシとカツカレーとびひん
サムネが変わっておる
ナレーションのトーンがほん怖
普通に高い
店舗じゃないのかよ。
実は広島市中区に私の父親のお姉さん夫婦が第２店舗、寿々女(すずめ)を広島市中区舟入へ開店してます😊良ければ食べに行って下さい🎉
こだわるなら人工甘味料とか使わないで欲しかった。。。
あらたなレさキャラの誕生
急上昇1位ダァ
平成時代のヒカキン「うんーーー...Todays hikakin point...ﾄｩﾙﾙﾙﾙﾙﾙﾙﾙﾙﾙ　　マイナス100万点ー！🎉🎉🎉
5月9日の日、セブンイレブン行かねば！
感動しました。絶対買います
略してヒカプレ
ヒカキンのラーメンだね　買います
こだわっていたのでしたら、セブンイレブンさんで、なくても、、、、
❤❤❤❤
途中でよく首がモゲますね😢
HIKAKIN‘s point100億？！－100万点から挽回？！
ください
うん、OEMか。まぁたべてみるよ
ヒカキン！俺このラーメン買うよ！サイコーじゃん！YouTube ドリーム見せてきた男の夢の結晶でしょ！
おっきくなったね
6:52 この3の作り方できなくね?
これ、辛いの麻婆豆腐しか食ったことのない中学生でもくえますか
ぜったい並ぶ😅
実質休んでないw
ヒカキンは何回ラーメンと言ったでしょう
ぜったいかいます！
宇宙じゃないんかーーーいっ（笑）
腹えぐすぎやろ
フラゲして食べてみた。くどかった。水必須
あれこれご報告のサムネがちがうは
買います😢
本当に尊敬する………けどごめんなさい…パッケージがやばいクレーマーのすするにしか見えん笑笑
食べたかったけどたまごアレルギーだ😭😭😭つらい……たまごなしのもだしてヒカキン……
ファン、視聴者を大事にするヒカキンさんプレゼントだとかばら撒きすぎないで欲しいな😢
神
ラーメン好きアピール多すぎて嫌味が差してくるw(けどめちゃくちゃうまそう)
ぜったいたべる🥹
高すぎやな
え、なんですかこのナレーション笑
幼なじみYouTuberHIKAKINさんマスオさん
試食の時口ピチャピチャさせない！
むしろしょーもな！でバズる目的だった説
買いに行くね。美味しそう😊もし叶うなら、ヒカキンさんが着ているTシャツプレゼントキャンペーンしてくれますか？
食いたいけどたけぇよ
食べてみたい人✋
super店員
ビックダディって言ったの誰w
1回食ってみよ
果たしてサッポロ一番みそラーメンとどっちが美味いのか…
ヒカキンー！今日買って食べたよ！メシすごく美味しかった！！また買います！！！
買わないわけないなぁ。そうに決まってる!
しおきんお願いします。
ジョイフル46億円のあの人を超えれるかな？
誰だよ⁉️ヒカキン宇宙に🎉とか言ってた奴w
明日やー！😊
自分用8:23
ブドウアイスって人やばいな、、、
見付からない、それほど売れてるのか…
4:00 ちっちゃい頃から
幸福招キン
ヒカキンは本当に充実してるなぁそうに決まってる!
おー★
みっそきん😗TVえーぶりでー😮😮
いつから発売するんだよー
何かご報告から長い文になった🎉😮
うまちょ
28:03 当たり前
サムネ変わった？
4:00
もっと休んでくれ
13:11
好きだけど...なんかお金配るのは...
35:41
HIKAKINさん私に希望を与えてくれてありがとうございます😊私も頑張ります
復活
35:40 ﾊﾟﾊﾟﾊﾟﾊﾟﾊﾟﾊﾟﾝｯﾊﾟﾊﾟﾝｯ
2:10
あの、ラーメン作るのはいいんですけど、ちゃんと休んでくれませんか？😠😠😠(応援してます！早くラーメン食べたいです)
35:40
安すぎ
💮
休むほどのことかよく解らない
絶対かぃますWoooどっちとも
食べるね
2350円拾いやしたラーメン三杯いただきやす◎
え、発売日誕生日なんだが
ヒカキンさん、今年セイキンさんとの曲作らないんですか。
セブンプレミアムかよ
おい、フレンチ見てるか？
僕もラーメン食べて1000万人にザーメンかけます
5~8秒のヒカキン
1:05
ちょっと高いなその値段ならおにぎりと揚げ物買うってなる
うまそ
これめっちゃ美味かった❗️✨
ラーメンの方が美味しかったです。
デカキンバージョンは大盛りですか？
発売日俺の誕生日とめっっっっっちゃ近い買ってもらお
しおきんきそう
よっしゃ　ちょっとセブン買ってくるわ
簡潔にはなさんかい
手前味噌系ユーチューバー
？？？？？？？笑
HIKAKINさん、花月嵐ラーメン屋🍜に行ってください。お願いします!
どこにある？買う
ヒカキンの癖に廃課金だな。毎回散財しすぎ
たべたいたべたいたべたいたべたい食べたい食べたい食べたい食べたい食べたい食べたい食べたい食べたい食べたい食べたい食べたい食べたい食べたい食べたい食べたい食べたい食べたい食べたい食べたい食べたい食べたい食べたい食べたい食べたい食べたい食べたい食べたい食べたい
ヒカキンプロデュースの濃厚味噌ラーメンと濃厚味噌メシ買う人🙋‍♀️ちなみに私は買いたいんですけど、買う時間があったら両方買います！
売り切れ続出しそうだな
ぜったいうまい
私性餅性
蒙古タンメン買おっと
"17:54 い""い""ねぇー"
健常者なら大丈夫じゃね？皆が平等じゃあないから。
値段はいくら？
えろーん
私❤ヒカキン❤の誕生日のまえがたんじようびです🎉😂🎉
偏見だけどさこういう体型の人が作ったものって美味くない？？
ヒカキンさん‼4年前ゲーマーと言いましたよね？
1:02 自分用
さきないとさんコメントきましたありがとうございますきました
自分用1:03
U related to mr beast
税金対策も兼ねてるのかな？
休んでなくて草休めよ
1200万なんて、売上だけですぐ回収できるのよ。HIKAKINは。だから大したことない。
何時、発売なの？
ん？あれどこ
マスオTVありますか〜
一十二度見ても
奈良県もうありますか？皆さん教えてください
ぼくはごさいですたべたいです🥳
生半可な気持ちでやらないで
買うの恥ずいw
なんやねん
すするやん
うへへ2350円広いやしたラーメン3杯いただきやす◎
このみそキンラーメン買わない人いる？いないよね！ヒカキンのラーメン買うぞー！🙌🙌🙌🙌
ヒカキンゲームズのホームから来た人🙋‍♀️
セブンイレブンって時点で買う気せん
1週間も休んだ言い訳がこれはなあ...
ラーメンとカップめしは、くどくないんですか
アンタ味見してるだけやん
なんえん？
このラーメン好きアピールがしたいから何ヵ月前からラーメン旅とか始めたのかな？
一年じゃそう簡単にできないよ、あまいは
ヒカキンさんかっこいいと思う人↓
たかが1年片手間で修行（笑）したのを商品化して、お情け商売してんの面白すぎるwww
そんなにらこだわったのに期間限定なんでしょ？もうお店出しなよ。そうしないと食べる人の本当の笑顔は見れないよ😅
セイキンヒヤシチュウカ
ヒカキンのバ力舌具合が露呈するいい機会
小池百合子
最近のヒカキンあるあるかもしれないけど後付けの夢っぽくてなんかねって感じここまでやる熱量とかは尊敬してます
蒙古タンメン買うわ
何事かと思ったらラーメンで草300円も出すなら「すみれ」でええわ。
うわ、釣られたわ
でも結局お金入るのは、自分のところだろ？(笑)
ぜったい買う人👇
3:59ん?
このコメント残念だわまずそうとか言ってる奴は絶対買うなよヒカキンさんの努力の何も知らない奴が語ってんじゃねーよ
あさってやん
かう！と思った人↓
再生数が500万人いって欲しい人↓
ヒカキンいつもみてるよ！あいと６さいより
結構期待はずれ
いつまで活動休止するの？
とんこつきん・しょうゆきん・しおきんはよ
税金対策
ぼったくり😊
引退悲しいです😭
バズり目的の為に使われてて可哀想
な
けんからか？
クッピーラムネ30袋買った方がまだいい
198円に値下げしろ
今から間に合いますか？
さんびゃくえんたかすぎだろ
これ300円もするってホント...？
絶対買う人↓
毒入ってるから食べ無い方がいいろ
くるりと蒙古タンメンに謝った方がいいよ
いいねしてくれたぶん買います
正直に言います失望しました
ヒカキンさん何百億って持ってるんだから120円くらいにしてよー😂
みそか、みそきらいなんよ
ミソキソ
4:14東京に上京！？頭痛が痛い
2023/4/30 193238
視聴者を弄ぶな
HIKAKINさんこんどでいいので薬品のシャンプーとリンスとボディーソープを作ってくださいよお願いします
美味しくなさそう。。買うけど。
ラ王買います
ヒカキンの癖に廃課金な行動するな。散財しすぎ
開発チームに作ってもらってよく自分のラーメンだって豪語できるね
食べたら頭おかしくなるよ
禊ん
お前が実際ラーメン作って、客に対して永遠と対応するなら応援する。裏切るなよ
また小銭稼ぐの。
結局金儲け...
いらん.......
あ
他力本願な感じがゆがめない
体に悪いので買いません。
まじでどうでもいい
いい歳したおっさんがこれレジ持ってきたら笑うわ
誰が買うか
まずそ
いや報告こんなことかよ
は
努力アピールのゴリ押しで購買意欲を搾取するな。結局は味に帰結するだろ
あ
友達いないのは今もだろ
いらねぇーw
しょーもな
誰がやっても同じだろ。ヒカキンである必要性がない
内容しょうもないな笑
お金持ち始める献呈的な人調子にのりすぎだわ…でも売れるといいですね。
まずかった。もう買いたくない
で、一週間休んで何をしていたん？(笑)要は期待商法やんな😂一週間、身を隠して遊んで、期待値を上げたかったん？
なんで1100万もとーろくしゃいるの？バイシューしてんだろ😡
作ってるというか味見して文句言って作らせてるだけよねこういうの作るってのは自分でダシとって作って初めて持ってってそれを再現させるのがいいのに名ばかりラーメンでわなぁ…購買意欲にはつながりませんぬ
しょーもな
